Command line invocation:
    /Applications/Xcode.app/Contents/Developer/usr/bin/xcodebuild -project FinancialCalculatorKit.xcodeproj -scheme FinancialCalculatorKit -configuration Debug build

Resolve Package Graph


Resolved source packages:
  swift-syntax: https://github.com/swiftlang/swift-syntax @ 601.0.1
  HTMLEntities: https://github.com/Kitura/swift-html-entities @ 4.0.1
  BigInt: https://github.com/mgriebling/BigInt.git @ 2.3.0
  UInt128: https://github.com/mgriebling/UInt128.git @ 3.2.0
  ExpressionParser: https://github.com/mgriebling/ExpressionParser @ 0.1.1
  MathJaxSwift: https://github.com/colinc86/MathJaxSwift.git @ main (e23d6ea)
  swift-case-paths: https://github.com/pointfreeco/swift-case-paths @ 1.7.0
  LaTeXSwiftUI: https://github.com/colinc86/LaTeXSwiftUI @ main (c45e0fd)
  SwiftDraw: https://github.com/swhitty/SwiftDraw @ 0.22.0
  swift-math-parser: https://github.com/bradhowes/swift-math-parser @ 3.7.3
  BigDecimal: https://github.com/mgriebling/BigDecimal.git @ 3.0.2
  swift-parsing: https://github.com/pointfreeco/swift-parsing @ 0.14.1
  xctest-dynamic-overlay: https://github.com/pointfreeco/xctest-dynamic-overlay @ 1.5.2
  swift-numerics: https://github.com/apple/swift-numerics @ 1.0.3

--- xcodebuild: WARNING: Using the first of multiple matching destinations:
{ platform:macOS, arch:arm64, id:00006041-001C105C34B8801C, name:My Mac }
{ platform:macOS, arch:x86_64, id:00006041-001C105C34B8801C, name:My Mac }
{ platform:macOS, name:Any Mac }
ComputePackagePrebuildTargetDependencyGraph

Prepare packages

CreateBuildRequest

SendProjectDescription

CreateBuildOperation

note: Writing build operation event stream to file: /Users/rogerlin/Library/Developer/Xcode/DerivedData/FinancialCalculatorKit-ackorybalcxbfocbkqsfdzcfkgmn/Build/Intermediates.noindex/XCBuildData/events/879A0E19-24F6-42E9-B07F-C7BC591C856F.txt
ComputeTargetDependencyGraph
note: Building targets in dependency order
note: Target dependency graph (38 targets)
    Target 'FinancialCalculatorKit' in project 'FinancialCalculatorKit'
        ➜ Explicit dependency on target 'ExpressionParser' in project 'ExpressionParser'
        ➜ Explicit dependency on target 'ComplexModule' in project 'swift-numerics'
        ➜ Explicit dependency on target 'Numerics' in project 'swift-numerics'
        ➜ Explicit dependency on target 'MathJaxSwift' in project 'MathJaxSwift'
        ➜ Explicit dependency on target 'RealModule' in project 'swift-numerics'
        ➜ Explicit dependency on target 'MathParser' in project 'swift-math-parser'
        ➜ Explicit dependency on target 'LaTeXSwiftUI' in project 'LaTeXSwiftUI'
    Target 'LaTeXSwiftUI' in project 'LaTeXSwiftUI'
        ➜ Explicit dependency on target 'LaTeXSwiftUI' in project 'LaTeXSwiftUI'
        ➜ Explicit dependency on target 'MathJaxSwift' in project 'MathJaxSwift'
        ➜ Explicit dependency on target 'SwiftDraw' in project 'SwiftDraw'
        ➜ Explicit dependency on target 'HTMLEntities' in project 'HTMLEntities'
    Target 'LaTeXSwiftUI' in project 'LaTeXSwiftUI'
        ➜ Explicit dependency on target 'MathJaxSwift' in project 'MathJaxSwift'
        ➜ Explicit dependency on target 'SwiftDraw' in project 'SwiftDraw'
        ➜ Explicit dependency on target 'HTMLEntities' in project 'HTMLEntities'
    Target 'HTMLEntities' in project 'HTMLEntities'
        ➜ Explicit dependency on target 'HTMLEntities' in project 'HTMLEntities'
    Target 'HTMLEntities' in project 'HTMLEntities' (no dependencies)
    Target 'SwiftDraw' in project 'SwiftDraw'
        ➜ Explicit dependency on target 'SwiftDraw' in project 'SwiftDraw'
        ➜ Explicit dependency on target 'SwiftDrawDOM' in project 'SwiftDraw'
    Target 'SwiftDraw' in project 'SwiftDraw'
        ➜ Explicit dependency on target 'SwiftDrawDOM' in project 'SwiftDraw'
    Target 'SwiftDrawDOM' in project 'SwiftDraw' (no dependencies)
    Target 'MathParser' in project 'swift-math-parser'
        ➜ Explicit dependency on target 'MathParser' in project 'swift-math-parser'
        ➜ Explicit dependency on target 'Parsing' in project 'swift-parsing'
    Target 'MathParser' in project 'swift-math-parser'
        ➜ Explicit dependency on target 'Parsing' in project 'swift-parsing'
    Target 'Parsing' in project 'swift-parsing'
        ➜ Explicit dependency on target 'Parsing' in project 'swift-parsing'
        ➜ Explicit dependency on target 'CasePaths' in project 'swift-case-paths'
    Target 'Parsing' in project 'swift-parsing'
        ➜ Explicit dependency on target 'CasePaths' in project 'swift-case-paths'
    Target 'CasePaths' in project 'swift-case-paths'
        ➜ Explicit dependency on target 'CasePaths' in project 'swift-case-paths'
        ➜ Explicit dependency on target 'CasePathsCore' in project 'swift-case-paths'
        ➜ Explicit dependency on target 'CasePathsMacros' in project 'swift-case-paths'
        ➜ Explicit dependency on target 'IssueReporting' in project 'xctest-dynamic-overlay'
        ➜ Explicit dependency on target 'XCTestDynamicOverlay' in project 'xctest-dynamic-overlay'
    Target 'CasePaths' in project 'swift-case-paths'
        ➜ Explicit dependency on target 'CasePathsCore' in project 'swift-case-paths'
        ➜ Explicit dependency on target 'CasePathsMacros' in project 'swift-case-paths'
        ➜ Explicit dependency on target 'IssueReporting' in project 'xctest-dynamic-overlay'
        ➜ Explicit dependency on target 'XCTestDynamicOverlay' in project 'xctest-dynamic-overlay'
    Target 'CasePathsMacros' in project 'swift-case-paths' (no dependencies)
    Target 'CasePathsCore' in project 'swift-case-paths'
        ➜ Explicit dependency on target 'IssueReporting' in project 'xctest-dynamic-overlay'
        ➜ Explicit dependency on target 'XCTestDynamicOverlay' in project 'xctest-dynamic-overlay'
    Target 'XCTestDynamicOverlay' in project 'xctest-dynamic-overlay'
        ➜ Explicit dependency on target 'XCTestDynamicOverlay' in project 'xctest-dynamic-overlay'
        ➜ Explicit dependency on target 'IssueReporting' in project 'xctest-dynamic-overlay'
    Target 'XCTestDynamicOverlay' in project 'xctest-dynamic-overlay'
        ➜ Explicit dependency on target 'IssueReporting' in project 'xctest-dynamic-overlay'
    Target 'IssueReporting' in project 'xctest-dynamic-overlay'
        ➜ Explicit dependency on target 'IssueReporting' in project 'xctest-dynamic-overlay'
    Target 'IssueReporting' in project 'xctest-dynamic-overlay' (no dependencies)
    Target 'RealModule' in project 'swift-numerics'
        ➜ Explicit dependency on target 'RealModule' in project 'swift-numerics'
        ➜ Explicit dependency on target '_NumericsShims' in project 'swift-numerics'
    Target 'MathJaxSwift' in project 'MathJaxSwift'
        ➜ Explicit dependency on target 'MathJaxSwift' in project 'MathJaxSwift'
        ➜ Explicit dependency on target 'MathJaxSwift_MathJaxSwift' in project 'MathJaxSwift'
    Target 'MathJaxSwift' in project 'MathJaxSwift'
        ➜ Explicit dependency on target 'MathJaxSwift_MathJaxSwift' in project 'MathJaxSwift'
    Target 'MathJaxSwift_MathJaxSwift' in project 'MathJaxSwift' (no dependencies)
    Target 'ComplexModule' in project 'swift-numerics'
        ➜ Explicit dependency on target 'ComplexModule' in project 'swift-numerics'
        ➜ Explicit dependency on target '_NumericsShims' in project 'swift-numerics'
        ➜ Explicit dependency on target 'RealModule' in project 'swift-numerics'
    Target 'ExpressionParser' in project 'ExpressionParser'
        ➜ Explicit dependency on target 'ExpressionParser' in project 'ExpressionParser'
        ➜ Explicit dependency on target 'BigDecimal' in project 'BigDecimal'
    Target 'ExpressionParser' in project 'ExpressionParser'
        ➜ Explicit dependency on target 'BigDecimal' in project 'BigDecimal'
    Target 'BigDecimal' in project 'BigDecimal'
        ➜ Explicit dependency on target 'BigDecimal' in project 'BigDecimal'
        ➜ Explicit dependency on target 'BigInt' in project 'BigInt'
        ➜ Explicit dependency on target 'UInt128' in project 'UInt128'
        ➜ Explicit dependency on target 'Numerics' in project 'swift-numerics'
    Target 'BigDecimal' in project 'BigDecimal'
        ➜ Explicit dependency on target 'BigInt' in project 'BigInt'
        ➜ Explicit dependency on target 'UInt128' in project 'UInt128'
        ➜ Explicit dependency on target 'Numerics' in project 'swift-numerics'
    Target 'Numerics' in project 'swift-numerics'
        ➜ Explicit dependency on target 'Numerics' in project 'swift-numerics'
        ➜ Explicit dependency on target '_NumericsShims' in project 'swift-numerics'
        ➜ Explicit dependency on target 'RealModule' in project 'swift-numerics'
        ➜ Explicit dependency on target 'ComplexModule' in project 'swift-numerics'
    Target 'Numerics' in project 'swift-numerics'
        ➜ Explicit dependency on target '_NumericsShims' in project 'swift-numerics'
        ➜ Explicit dependency on target 'RealModule' in project 'swift-numerics'
        ➜ Explicit dependency on target 'ComplexModule' in project 'swift-numerics'
    Target 'ComplexModule' in project 'swift-numerics'
        ➜ Explicit dependency on target '_NumericsShims' in project 'swift-numerics'
        ➜ Explicit dependency on target 'RealModule' in project 'swift-numerics'
    Target 'RealModule' in project 'swift-numerics'
        ➜ Explicit dependency on target '_NumericsShims' in project 'swift-numerics'
    Target '_NumericsShims' in project 'swift-numerics' (no dependencies)
    Target 'UInt128' in project 'UInt128'
        ➜ Explicit dependency on target 'UInt128' in project 'UInt128'
    Target 'UInt128' in project 'UInt128' (no dependencies)
    Target 'BigInt' in project 'BigInt'
        ➜ Explicit dependency on target 'BigInt' in project 'BigInt'
    Target 'BigInt' in project 'BigInt' (no dependencies)

GatherProvisioningInputs
Received inputs for target <ConfiguredTarget target: BigInt:PACKAGE-PRODUCT:BigInt parameters: SDKROOT:macosx-SDK_VARIANT:macos>: ProvisioningTaskInputs(identityHash: nil, identitySerialNumber: nil, identityName: nil, profileName: nil, profileUUID: nil, profilePath: nil, designatedRequirements: nil, signedEntitlements: PLDict<[:]>, simulatedEntitlements: PLDict<[:]>, appIdentifierPrefix: nil, teamIdentifierPrefix: nil, isEnterpriseTeam: Optional(false), useSigningTool: Optional(false), signingToolKeyPath: nil, signingToolKeyID: nil, signingToolKeyIssuerID: nil, keychainPath: nil, errors: [], warnings: [])
Received inputs for target <ConfiguredTarget target: Numerics:PACKAGE-TARGET:Numerics parameters: SDKROOT:macosx-SDK_VARIANT:macos>: ProvisioningTaskInputs(identityHash: nil, identitySerialNumber: nil, identityName: nil, profileName: nil, profileUUID: nil, profilePath: nil, designatedRequirements: nil, signedEntitlements: PLDict<[:]>, simulatedEntitlements: PLDict<[:]>, appIdentifierPrefix: nil, teamIdentifierPrefix: nil, isEnterpriseTeam: Optional(false), useSigningTool: Optional(false), signingToolKeyPath: nil, signingToolKeyID: nil, signingToolKeyIssuerID: nil, keychainPath: nil, errors: [], warnings: [])
Received inputs for target <ConfiguredTarget target: RealModule:PACKAGE-TARGET:RealModule parameters: SDKROOT:macosx-SDK_VARIANT:macos>: ProvisioningTaskInputs(identityHash: nil, identitySerialNumber: nil, identityName: nil, profileName: nil, profileUUID: nil, profilePath: nil, designatedRequirements: nil, signedEntitlements: PLDict<[:]>, simulatedEntitlements: PLDict<[:]>, appIdentifierPrefix: nil, teamIdentifierPrefix: nil, isEnterpriseTeam: Optional(false), useSigningTool: Optional(false), signingToolKeyPath: nil, signingToolKeyID: nil, signingToolKeyIssuerID: nil, keychainPath: nil, errors: [], warnings: [])
Received inputs for target <ConfiguredTarget target: RealModule:PACKAGE-PRODUCT:RealModule parameters: SDKROOT:macosx-SDK_VARIANT:macos>: ProvisioningTaskInputs(identityHash: nil, identitySerialNumber: nil, identityName: nil, profileName: nil, profileUUID: nil, profilePath: nil, designatedRequirements: nil, signedEntitlements: PLDict<[:]>, simulatedEntitlements: PLDict<[:]>, appIdentifierPrefix: nil, teamIdentifierPrefix: nil, isEnterpriseTeam: Optional(false), useSigningTool: Optional(false), signingToolKeyPath: nil, signingToolKeyID: nil, signingToolKeyIssuerID: nil, keychainPath: nil, errors: [], warnings: [])
Received inputs for target <ConfiguredTarget target: IssueReporting:PACKAGE-TARGET:IssueReporting parameters: SDKROOT:macosx-SDK_VARIANT:macos>: ProvisioningTaskInputs(identityHash: nil, identitySerialNumber: nil, identityName: nil, profileName: nil, profileUUID: nil, profilePath: nil, designatedRequirements: nil, signedEntitlements: PLDict<[:]>, simulatedEntitlements: PLDict<[:]>, appIdentifierPrefix: nil, teamIdentifierPrefix: nil, isEnterpriseTeam: Optional(false), useSigningTool: Optional(false), signingToolKeyPath: nil, signingToolKeyID: nil, signingToolKeyIssuerID: nil, keychainPath: nil, errors: [], warnings: [])
Received inputs for target <ConfiguredTarget target: IssueReporting:PACKAGE-PRODUCT:IssueReporting parameters: SDKROOT:macosx-SDK_VARIANT:macos>: ProvisioningTaskInputs(identityHash: nil, identitySerialNumber: nil, identityName: nil, profileName: nil, profileUUID: nil, profilePath: nil, designatedRequirements: nil, signedEntitlements: PLDict<[:]>, simulatedEntitlements: PLDict<[:]>, appIdentifierPrefix: nil, teamIdentifierPrefix: nil, isEnterpriseTeam: Optional(false), useSigningTool: Optional(false), signingToolKeyPath: nil, signingToolKeyID: nil, signingToolKeyIssuerID: nil, keychainPath: nil, errors: [], warnings: [])
Received inputs for target <ConfiguredTarget target: BigDecimal:PACKAGE-TARGET:BigDecimal parameters: SDKROOT:macosx-SDK_VARIANT:macos>: ProvisioningTaskInputs(identityHash: nil, identitySerialNumber: nil, identityName: nil, profileName: nil, profileUUID: nil, profilePath: nil, designatedRequirements: nil, signedEntitlements: PLDict<[:]>, simulatedEntitlements: PLDict<[:]>, appIdentifierPrefix: nil, teamIdentifierPrefix: nil, isEnterpriseTeam: Optional(false), useSigningTool: Optional(false), signingToolKeyPath: nil, signingToolKeyID: nil, signingToolKeyIssuerID: nil, keychainPath: nil, errors: [], warnings: [])
Received inputs for target <ConfiguredTarget target: ComplexModule:PACKAGE-TARGET:ComplexModule parameters: SDKROOT:macosx-SDK_VARIANT:macos>: ProvisioningTaskInputs(identityHash: nil, identitySerialNumber: nil, identityName: nil, profileName: nil, profileUUID: nil, profilePath: nil, designatedRequirements: nil, signedEntitlements: PLDict<[:]>, simulatedEntitlements: PLDict<[:]>, appIdentifierPrefix: nil, teamIdentifierPrefix: nil, isEnterpriseTeam: Optional(false), useSigningTool: Optional(false), signingToolKeyPath: nil, signingToolKeyID: nil, signingToolKeyIssuerID: nil, keychainPath: nil, errors: [], warnings: [])
Received inputs for target <ConfiguredTarget target: ComplexModule:PACKAGE-PRODUCT:ComplexModule parameters: SDKROOT:macosx-SDK_VARIANT:macos>: ProvisioningTaskInputs(identityHash: nil, identitySerialNumber: nil, identityName: nil, profileName: nil, profileUUID: nil, profilePath: nil, designatedRequirements: nil, signedEntitlements: PLDict<[:]>, simulatedEntitlements: PLDict<[:]>, appIdentifierPrefix: nil, teamIdentifierPrefix: nil, isEnterpriseTeam: Optional(false), useSigningTool: Optional(false), signingToolKeyPath: nil, signingToolKeyID: nil, signingToolKeyIssuerID: nil, keychainPath: nil, errors: [], warnings: [])
Received inputs for target <ConfiguredTarget target: BigInt:PACKAGE-TARGET:BigInt parameters: SDKROOT:macosx-SDK_VARIANT:macos>: ProvisioningTaskInputs(identityHash: nil, identitySerialNumber: nil, identityName: nil, profileName: nil, profileUUID: nil, profilePath: nil, designatedRequirements: nil, signedEntitlements: PLDict<[:]>, simulatedEntitlements: PLDict<[:]>, appIdentifierPrefix: nil, teamIdentifierPrefix: nil, isEnterpriseTeam: Optional(false), useSigningTool: Optional(false), signingToolKeyPath: nil, signingToolKeyID: nil, signingToolKeyIssuerID: nil, keychainPath: nil, errors: [], warnings: [])
Received inputs for target <ConfiguredTarget target: CasePaths:PACKAGE-TARGET:CasePaths parameters: SDKROOT:macosx-SDK_VARIANT:macos>: ProvisioningTaskInputs(identityHash: nil, identitySerialNumber: nil, identityName: nil, profileName: nil, profileUUID: nil, profilePath: nil, designatedRequirements: nil, signedEntitlements: PLDict<[:]>, simulatedEntitlements: PLDict<[:]>, appIdentifierPrefix: nil, teamIdentifierPrefix: nil, isEnterpriseTeam: Optional(false), useSigningTool: Optional(false), signingToolKeyPath: nil, signingToolKeyID: nil, signingToolKeyIssuerID: nil, keychainPath: nil, errors: [], warnings: [])
Received inputs for target <ConfiguredTarget target: CasePaths:PACKAGE-PRODUCT:CasePaths parameters: SDKROOT:macosx-SDK_VARIANT:macos>: ProvisioningTaskInputs(identityHash: nil, identitySerialNumber: nil, identityName: nil, profileName: nil, profileUUID: nil, profilePath: nil, designatedRequirements: nil, signedEntitlements: PLDict<[:]>, simulatedEntitlements: PLDict<[:]>, appIdentifierPrefix: nil, teamIdentifierPrefix: nil, isEnterpriseTeam: Optional(false), useSigningTool: Optional(false), signingToolKeyPath: nil, signingToolKeyID: nil, signingToolKeyIssuerID: nil, keychainPath: nil, errors: [], warnings: [])
Received inputs for target <ConfiguredTarget target: Parsing:PACKAGE-PRODUCT:Parsing parameters: SDKROOT:macosx-SDK_VARIANT:macos>: ProvisioningTaskInputs(identityHash: nil, identitySerialNumber: nil, identityName: nil, profileName: nil, profileUUID: nil, profilePath: nil, designatedRequirements: nil, signedEntitlements: PLDict<[:]>, simulatedEntitlements: PLDict<[:]>, appIdentifierPrefix: nil, teamIdentifierPrefix: nil, isEnterpriseTeam: Optional(false), useSigningTool: Optional(false), signingToolKeyPath: nil, signingToolKeyID: nil, signingToolKeyIssuerID: nil, keychainPath: nil, errors: [], warnings: [])
Received inputs for target <ConfiguredTarget target: UInt128:PACKAGE-PRODUCT:UInt128 parameters: SDKROOT:macosx-SDK_VARIANT:macos>: ProvisioningTaskInputs(identityHash: nil, identitySerialNumber: nil, identityName: nil, profileName: nil, profileUUID: nil, profilePath: nil, designatedRequirements: nil, signedEntitlements: PLDict<[:]>, simulatedEntitlements: PLDict<[:]>, appIdentifierPrefix: nil, teamIdentifierPrefix: nil, isEnterpriseTeam: Optional(false), useSigningTool: Optional(false), signingToolKeyPath: nil, signingToolKeyID: nil, signingToolKeyIssuerID: nil, keychainPath: nil, errors: [], warnings: [])
Received inputs for target <ConfiguredTarget target: MathParser:PACKAGE-PRODUCT:MathParser parameters: SDKROOT:macosx-SDK_VARIANT:macos>: ProvisioningTaskInputs(identityHash: nil, identitySerialNumber: nil, identityName: nil, profileName: nil, profileUUID: nil, profilePath: nil, designatedRequirements: nil, signedEntitlements: PLDict<[:]>, simulatedEntitlements: PLDict<[:]>, appIdentifierPrefix: nil, teamIdentifierPrefix: nil, isEnterpriseTeam: Optional(false), useSigningTool: Optional(false), signingToolKeyPath: nil, signingToolKeyID: nil, signingToolKeyIssuerID: nil, keychainPath: nil, errors: [], warnings: [])
Received inputs for target <ConfiguredTarget target: CasePathsCore:PACKAGE-TARGET:CasePathsCore parameters: SDKROOT:macosx-SDK_VARIANT:macos>: ProvisioningTaskInputs(identityHash: nil, identitySerialNumber: nil, identityName: nil, profileName: nil, profileUUID: nil, profilePath: nil, designatedRequirements: nil, signedEntitlements: PLDict<[:]>, simulatedEntitlements: PLDict<[:]>, appIdentifierPrefix: nil, teamIdentifierPrefix: nil, isEnterpriseTeam: Optional(false), useSigningTool: Optional(false), signingToolKeyPath: nil, signingToolKeyID: nil, signingToolKeyIssuerID: nil, keychainPath: nil, errors: [], warnings: [])
Received inputs for target <ConfiguredTarget target: XCTestDynamicOverlay:PACKAGE-PRODUCT:XCTestDynamicOverlay parameters: SDKROOT:macosx-SDK_VARIANT:macos>: ProvisioningTaskInputs(identityHash: nil, identitySerialNumber: nil, identityName: nil, profileName: nil, profileUUID: nil, profilePath: nil, designatedRequirements: nil, signedEntitlements: PLDict<[:]>, simulatedEntitlements: PLDict<[:]>, appIdentifierPrefix: nil, teamIdentifierPrefix: nil, isEnterpriseTeam: Optional(false), useSigningTool: Optional(false), signingToolKeyPath: nil, signingToolKeyID: nil, signingToolKeyIssuerID: nil, keychainPath: nil, errors: [], warnings: [])
Received inputs for target <ConfiguredTarget target: MathJaxSwift:PACKAGE-TARGET:MathJaxSwift parameters: SDKROOT:macosx-SDK_VARIANT:macos>: ProvisioningTaskInputs(identityHash: nil, identitySerialNumber: nil, identityName: nil, profileName: nil, profileUUID: nil, profilePath: nil, designatedRequirements: nil, signedEntitlements: PLDict<[:]>, simulatedEntitlements: PLDict<[:]>, appIdentifierPrefix: nil, teamIdentifierPrefix: nil, isEnterpriseTeam: Optional(false), useSigningTool: Optional(false), signingToolKeyPath: nil, signingToolKeyID: nil, signingToolKeyIssuerID: nil, keychainPath: nil, errors: [], warnings: [])
Received inputs for target <ConfiguredTarget target: XCTestDynamicOverlay:PACKAGE-TARGET:XCTestDynamicOverlay parameters: SDKROOT:macosx-SDK_VARIANT:macos>: ProvisioningTaskInputs(identityHash: nil, identitySerialNumber: nil, identityName: nil, profileName: nil, profileUUID: nil, profilePath: nil, designatedRequirements: nil, signedEntitlements: PLDict<[:]>, simulatedEntitlements: PLDict<[:]>, appIdentifierPrefix: nil, teamIdentifierPrefix: nil, isEnterpriseTeam: Optional(false), useSigningTool: Optional(false), signingToolKeyPath: nil, signingToolKeyID: nil, signingToolKeyIssuerID: nil, keychainPath: nil, errors: [], warnings: [])
Received inputs for target <ConfiguredTarget target: LaTeXSwiftUI:PACKAGE-TARGET:LaTeXSwiftUI parameters: SDKROOT:macosx-SDK_VARIANT:macos>: ProvisioningTaskInputs(identityHash: nil, identitySerialNumber: nil, identityName: nil, profileName: nil, profileUUID: nil, profilePath: nil, designatedRequirements: nil, signedEntitlements: PLDict<[:]>, simulatedEntitlements: PLDict<[:]>, appIdentifierPrefix: nil, teamIdentifierPrefix: nil, isEnterpriseTeam: Optional(false), useSigningTool: Optional(false), signingToolKeyPath: nil, signingToolKeyID: nil, signingToolKeyIssuerID: nil, keychainPath: nil, errors: [], warnings: [])
Received inputs for target <ConfiguredTarget target: SwiftDraw:PACKAGE-TARGET:SwiftDraw parameters: SDKROOT:macosx-SDK_VARIANT:macos>: ProvisioningTaskInputs(identityHash: nil, identitySerialNumber: nil, identityName: nil, profileName: nil, profileUUID: nil, profilePath: nil, designatedRequirements: nil, signedEntitlements: PLDict<[:]>, simulatedEntitlements: PLDict<[:]>, appIdentifierPrefix: nil, teamIdentifierPrefix: nil, isEnterpriseTeam: Optional(false), useSigningTool: Optional(false), signingToolKeyPath: nil, signingToolKeyID: nil, signingToolKeyIssuerID: nil, keychainPath: nil, errors: [], warnings: [])
Received inputs for target <ConfiguredTarget target: Numerics:PACKAGE-PRODUCT:Numerics parameters: SDKROOT:macosx-SDK_VARIANT:macos>: ProvisioningTaskInputs(identityHash: nil, identitySerialNumber: nil, identityName: nil, profileName: nil, profileUUID: nil, profilePath: nil, designatedRequirements: nil, signedEntitlements: PLDict<[:]>, simulatedEntitlements: PLDict<[:]>, appIdentifierPrefix: nil, teamIdentifierPrefix: nil, isEnterpriseTeam: Optional(false), useSigningTool: Optional(false), signingToolKeyPath: nil, signingToolKeyID: nil, signingToolKeyIssuerID: nil, keychainPath: nil, errors: [], warnings: [])
Received inputs for target <ConfiguredTarget target: UInt128:PACKAGE-TARGET:UInt128 parameters: SDKROOT:macosx-SDK_VARIANT:macos>: ProvisioningTaskInputs(identityHash: nil, identitySerialNumber: nil, identityName: nil, profileName: nil, profileUUID: nil, profilePath: nil, designatedRequirements: nil, signedEntitlements: PLDict<[:]>, simulatedEntitlements: PLDict<[:]>, appIdentifierPrefix: nil, teamIdentifierPrefix: nil, isEnterpriseTeam: Optional(false), useSigningTool: Optional(false), signingToolKeyPath: nil, signingToolKeyID: nil, signingToolKeyIssuerID: nil, keychainPath: nil, errors: [], warnings: [])
Received inputs for target <ConfiguredTarget target: LaTeXSwiftUI:PACKAGE-PRODUCT:LaTeXSwiftUI parameters: SDKROOT:macosx-SDK_VARIANT:macos>: ProvisioningTaskInputs(identityHash: nil, identitySerialNumber: nil, identityName: nil, profileName: nil, profileUUID: nil, profilePath: nil, designatedRequirements: nil, signedEntitlements: PLDict<[:]>, simulatedEntitlements: PLDict<[:]>, appIdentifierPrefix: nil, teamIdentifierPrefix: nil, isEnterpriseTeam: Optional(false), useSigningTool: Optional(false), signingToolKeyPath: nil, signingToolKeyID: nil, signingToolKeyIssuerID: nil, keychainPath: nil, errors: [], warnings: [])
Received inputs for target <ConfiguredTarget target: ExpressionParser:PACKAGE-PRODUCT:ExpressionParser parameters: SDKROOT:macosx-SDK_VARIANT:macos>: ProvisioningTaskInputs(identityHash: nil, identitySerialNumber: nil, identityName: nil, profileName: nil, profileUUID: nil, profilePath: nil, designatedRequirements: nil, signedEntitlements: PLDict<[:]>, simulatedEntitlements: PLDict<[:]>, appIdentifierPrefix: nil, teamIdentifierPrefix: nil, isEnterpriseTeam: Optional(false), useSigningTool: Optional(false), signingToolKeyPath: nil, signingToolKeyID: nil, signingToolKeyIssuerID: nil, keychainPath: nil, errors: [], warnings: [])
Received inputs for target <ConfiguredTarget target: _NumericsShims:PACKAGE-TARGET:_NumericsShims parameters: SDKROOT:macosx-SDK_VARIANT:macos>: ProvisioningTaskInputs(identityHash: nil, identitySerialNumber: nil, identityName: nil, profileName: nil, profileUUID: nil, profilePath: nil, designatedRequirements: nil, signedEntitlements: PLDict<[:]>, simulatedEntitlements: PLDict<[:]>, appIdentifierPrefix: nil, teamIdentifierPrefix: nil, isEnterpriseTeam: Optional(false), useSigningTool: Optional(false), signingToolKeyPath: nil, signingToolKeyID: nil, signingToolKeyIssuerID: nil, keychainPath: nil, errors: [], warnings: [])
Received inputs for target <ConfiguredTarget target: SwiftDraw:PACKAGE-PRODUCT:SwiftDraw parameters: SDKROOT:macosx-SDK_VARIANT:macos>: ProvisioningTaskInputs(identityHash: nil, identitySerialNumber: nil, identityName: nil, profileName: nil, profileUUID: nil, profilePath: nil, designatedRequirements: nil, signedEntitlements: PLDict<[:]>, simulatedEntitlements: PLDict<[:]>, appIdentifierPrefix: nil, teamIdentifierPrefix: nil, isEnterpriseTeam: Optional(false), useSigningTool: Optional(false), signingToolKeyPath: nil, signingToolKeyID: nil, signingToolKeyIssuerID: nil, keychainPath: nil, errors: [], warnings: [])
Received inputs for target <ConfiguredTarget target: SwiftDrawDOM:PACKAGE-TARGET:SwiftDrawDOM parameters: SDKROOT:macosx-SDK_VARIANT:macos>: ProvisioningTaskInputs(identityHash: nil, identitySerialNumber: nil, identityName: nil, profileName: nil, profileUUID: nil, profilePath: nil, designatedRequirements: nil, signedEntitlements: PLDict<[:]>, simulatedEntitlements: PLDict<[:]>, appIdentifierPrefix: nil, teamIdentifierPrefix: nil, isEnterpriseTeam: Optional(false), useSigningTool: Optional(false), signingToolKeyPath: nil, signingToolKeyID: nil, signingToolKeyIssuerID: nil, keychainPath: nil, errors: [], warnings: [])
Received inputs for target <ConfiguredTarget target: ExpressionParser:PACKAGE-TARGET:ExpressionParser parameters: SDKROOT:macosx-SDK_VARIANT:macos>: ProvisioningTaskInputs(identityHash: nil, identitySerialNumber: nil, identityName: nil, profileName: nil, profileUUID: nil, profilePath: nil, designatedRequirements: nil, signedEntitlements: PLDict<[:]>, simulatedEntitlements: PLDict<[:]>, appIdentifierPrefix: nil, teamIdentifierPrefix: nil, isEnterpriseTeam: Optional(false), useSigningTool: Optional(false), signingToolKeyPath: nil, signingToolKeyID: nil, signingToolKeyIssuerID: nil, keychainPath: nil, errors: [], warnings: [])
Received inputs for target <ConfiguredTarget target: MathParser:PACKAGE-TARGET:MathParser parameters: SDKROOT:macosx-SDK_VARIANT:macos>: ProvisioningTaskInputs(identityHash: nil, identitySerialNumber: nil, identityName: nil, profileName: nil, profileUUID: nil, profilePath: nil, designatedRequirements: nil, signedEntitlements: PLDict<[:]>, simulatedEntitlements: PLDict<[:]>, appIdentifierPrefix: nil, teamIdentifierPrefix: nil, isEnterpriseTeam: Optional(false), useSigningTool: Optional(false), signingToolKeyPath: nil, signingToolKeyID: nil, signingToolKeyIssuerID: nil, keychainPath: nil, errors: [], warnings: [])
Received inputs for target <ConfiguredTarget target: HTMLEntities:PACKAGE-PRODUCT:HTMLEntities parameters: SDKROOT:macosx-SDK_VARIANT:macos>: ProvisioningTaskInputs(identityHash: nil, identitySerialNumber: nil, identityName: nil, profileName: nil, profileUUID: nil, profilePath: nil, designatedRequirements: nil, signedEntitlements: PLDict<[:]>, simulatedEntitlements: PLDict<[:]>, appIdentifierPrefix: nil, teamIdentifierPrefix: nil, isEnterpriseTeam: Optional(false), useSigningTool: Optional(false), signingToolKeyPath: nil, signingToolKeyID: nil, signingToolKeyIssuerID: nil, keychainPath: nil, errors: [], warnings: [])
Received inputs for target <ConfiguredTarget target: BigDecimal:PACKAGE-PRODUCT:BigDecimal parameters: SDKROOT:macosx-SDK_VARIANT:macos>: ProvisioningTaskInputs(identityHash: nil, identitySerialNumber: nil, identityName: nil, profileName: nil, profileUUID: nil, profilePath: nil, designatedRequirements: nil, signedEntitlements: PLDict<[:]>, simulatedEntitlements: PLDict<[:]>, appIdentifierPrefix: nil, teamIdentifierPrefix: nil, isEnterpriseTeam: Optional(false), useSigningTool: Optional(false), signingToolKeyPath: nil, signingToolKeyID: nil, signingToolKeyIssuerID: nil, keychainPath: nil, errors: [], warnings: [])
Received inputs for target <ConfiguredTarget target: HTMLEntities:PACKAGE-TARGET:HTMLEntities parameters: SDKROOT:macosx-SDK_VARIANT:macos>: ProvisioningTaskInputs(identityHash: nil, identitySerialNumber: nil, identityName: nil, profileName: nil, profileUUID: nil, profilePath: nil, designatedRequirements: nil, signedEntitlements: PLDict<[:]>, simulatedEntitlements: PLDict<[:]>, appIdentifierPrefix: nil, teamIdentifierPrefix: nil, isEnterpriseTeam: Optional(false), useSigningTool: Optional(false), signingToolKeyPath: nil, signingToolKeyID: nil, signingToolKeyIssuerID: nil, keychainPath: nil, errors: [], warnings: [])
Received inputs for target <ConfiguredTarget target: Parsing:PACKAGE-TARGET:Parsing parameters: SDKROOT:macosx-SDK_VARIANT:macos>: ProvisioningTaskInputs(identityHash: nil, identitySerialNumber: nil, identityName: nil, profileName: nil, profileUUID: nil, profilePath: nil, designatedRequirements: nil, signedEntitlements: PLDict<[:]>, simulatedEntitlements: PLDict<[:]>, appIdentifierPrefix: nil, teamIdentifierPrefix: nil, isEnterpriseTeam: Optional(false), useSigningTool: Optional(false), signingToolKeyPath: nil, signingToolKeyID: nil, signingToolKeyIssuerID: nil, keychainPath: nil, errors: [], warnings: [])
Received inputs for target <ConfiguredTarget target: MathJaxSwift:PACKAGE-PRODUCT:MathJaxSwift parameters: SDKROOT:macosx-SDK_VARIANT:macos>: ProvisioningTaskInputs(identityHash: nil, identitySerialNumber: nil, identityName: nil, profileName: nil, profileUUID: nil, profilePath: nil, designatedRequirements: nil, signedEntitlements: PLDict<[:]>, simulatedEntitlements: PLDict<[:]>, appIdentifierPrefix: nil, teamIdentifierPrefix: nil, isEnterpriseTeam: Optional(false), useSigningTool: Optional(false), signingToolKeyPath: nil, signingToolKeyID: nil, signingToolKeyIssuerID: nil, keychainPath: nil, errors: [], warnings: [])
Received inputs for target <ConfiguredTarget target: MathJaxSwift_MathJaxSwift:PACKAGE-RESOURCE:MathJaxSwift parameters: SDKROOT:macosx-SDK_VARIANT:macos>: ProvisioningTaskInputs(identityHash: nil, identitySerialNumber: nil, identityName: nil, profileName: nil, profileUUID: nil, profilePath: nil, designatedRequirements: nil, signedEntitlements: PLDict<[:]>, simulatedEntitlements: PLDict<[:]>, appIdentifierPrefix: nil, teamIdentifierPrefix: nil, isEnterpriseTeam: Optional(false), useSigningTool: nil, signingToolKeyPath: nil, signingToolKeyID: nil, signingToolKeyIssuerID: nil, keychainPath: nil, errors: [], warnings: [])
Received inputs for target <ConfiguredTarget target: CasePathsMacros:PACKAGE-TARGET:CasePathsMacros parameters: SDKROOT:macosx-SDK_VARIANT:macos>: ProvisioningTaskInputs(identityHash: nil, identitySerialNumber: nil, identityName: nil, profileName: nil, profileUUID: nil, profilePath: nil, designatedRequirements: nil, signedEntitlements: PLDict<[:]>, simulatedEntitlements: PLDict<[:]>, appIdentifierPrefix: nil, teamIdentifierPrefix: nil, isEnterpriseTeam: Optional(false), useSigningTool: nil, signingToolKeyPath: nil, signingToolKeyID: nil, signingToolKeyIssuerID: nil, keychainPath: nil, errors: [], warnings: [])
Received inputs for target <ConfiguredTarget target: FinancialCalculatorKit:b796aaad08c4b307251b75ea7c01aae28fa6f77c5495b2f50ba02ee6460b334b>: ProvisioningTaskInputs(identityHash: Optional("-"), identitySerialNumber: nil, identityName: Optional("Sign to Run Locally"), profileName: nil, profileUUID: nil, profilePath: nil, designatedRequirements: nil, signedEntitlements: PLDict<["com.apple.security.get-task-allow": true]>, simulatedEntitlements: PLDict<[:]>, appIdentifierPrefix: Optional("X8AD8YC886."), teamIdentifierPrefix: Optional("X8AD8YC886."), isEnterpriseTeam: Optional(false), useSigningTool: Optional(false), signingToolKeyPath: nil, signingToolKeyID: nil, signingToolKeyIssuerID: nil, keychainPath: nil, errors: [], warnings: [])

note: Build description signature is 6e60940085f83ee15ea46bd328f862ab
CreateBuildDescription

ExecuteExternalTool /Applications/Xcode.app/Contents/Developer/Toolchains/XcodeDefault.xctoolchain/usr/bin/clang -v -E -dM -arch arm64 -isysroot /Applications/Xcode.app/Contents/Developer/Platforms/MacOSX.platform/Developer/SDKs/MacOSX26.1.sdk -x c -c /dev/null

ExecuteExternalTool /Applications/Xcode.app/Contents/Developer/Toolchains/XcodeDefault.xctoolchain/usr/bin/swiftc --version

ExecuteExternalTool /Applications/Xcode.app/Contents/Developer/Toolchains/XcodeDefault.xctoolchain/usr/bin/clang -v -E -dM -isysroot /Applications/Xcode.app/Contents/Developer/Platforms/MacOSX.platform/Developer/SDKs/MacOSX26.1.sdk -x c -c /dev/null

ExecuteExternalTool /Applications/Xcode.app/Contents/Developer/usr/bin/actool --version --output-format xml1

ExecuteExternalTool /Applications/Xcode.app/Contents/Developer/Toolchains/XcodeDefault.xctoolchain/usr/bin/ld -version_details

ReadFileContents /Applications/Xcode.app/Contents/Developer/Toolchains/XcodeDefault.xctoolchain/usr/share/docc/features.json

Build description signature: 6e60940085f83ee15ea46bd328f862ab
Build description path: /Users/rogerlin/Library/Developer/Xcode/DerivedData/FinancialCalculatorKit-ackorybalcxbfocbkqsfdzcfkgmn/Build/Intermediates.noindex/XCBuildData/6e60940085f83ee15ea46bd328f862ab.xcbuilddata
note: Using build service at: /Applications/Xcode.app/Contents/SharedFrameworks/SwiftBuild.framework/Versions/A/PlugIns/SWBBuildService.bundle/Contents/MacOS/SWBBuildService (PID 30366)
note: SWBBuildService loaded plugin at /Applications/Xcode.app/Contents/SharedFrameworks/SwiftBuild.framework/Versions/A/PlugIns/SWBBuildService.bundle/Contents/PlugIns/SWBWindowsPlatformPlugin.bundle
note: SWBBuildService loaded plugin at /Applications/Xcode.app/Contents/SharedFrameworks/SwiftBuild.framework/Versions/A/PlugIns/SWBBuildService.bundle/Contents/PlugIns/SWBQNXPlatformPlugin.bundle
note: SWBBuildService loaded plugin at /Applications/Xcode.app/Contents/SharedFrameworks/SwiftBuild.framework/Versions/A/PlugIns/SWBBuildService.bundle/Contents/PlugIns/SWBApplePlatformPlugin.bundle
note: SWBBuildService loaded plugin at /Applications/Xcode.app/Contents/SharedFrameworks/SwiftBuild.framework/Versions/A/PlugIns/SWBBuildService.bundle/Contents/PlugIns/SWBAndroidPlatformPlugin.bundle
note: SWBBuildService loaded plugin at /Applications/Xcode.app/Contents/SharedFrameworks/SwiftBuild.framework/Versions/A/PlugIns/SWBBuildService.bundle/Contents/PlugIns/SWBUniversalPlatformPlugin.bundle
note: SWBBuildService loaded plugin at /Applications/Xcode.app/Contents/SharedFrameworks/SwiftBuild.framework/Versions/A/PlugIns/SWBBuildService.bundle/Contents/PlugIns/SWBGenericUnixPlatformPlugin.bundle
note: SWBBuildService loaded plugin at /Applications/Xcode.app/Contents/SharedFrameworks/SwiftBuild.framework/Versions/A/PlugIns/SWBBuildService.bundle/Contents/PlugIns/SWBWebAssemblyPlatformPlugin.bundle
note: File system mode: device-agnostic
note: Applying overriding build settings
    ACTION=build
    CLANG_COVERAGE_MAPPING=YES
    CLANG_PROFILE_DATA_DIRECTORY=/Users/rogerlin/Library/Developer/Xcode/DerivedData/FinancialCalculatorKit-ackorybalcxbfocbkqsfdzcfkgmn/Build/ProfileData
    ENABLE_PREVIEWS=NO
    ENABLE_XOJIT_PREVIEWS=YES
    ONLY_ACTIVE_ARCH=YES
note: build debugging is enabled, prior trace: '/Users/rogerlin/Library/Developer/Xcode/DerivedData/FinancialCalculatorKit-ackorybalcxbfocbkqsfdzcfkgmn/Build/Intermediates.noindex/XCBuildData/buildDebugging-1762405027.1110911/prior-build.trace'
note: build debugging is enabled, prior database: '/Users/rogerlin/Library/Developer/Xcode/DerivedData/FinancialCalculatorKit-ackorybalcxbfocbkqsfdzcfkgmn/Build/Intermediates.noindex/XCBuildData/buildDebugging-1762405027.1110911/prior-build.db'
note: build debugging is enabled, swiftbuilddata: '/Users/rogerlin/Library/Developer/Xcode/DerivedData/FinancialCalculatorKit-ackorybalcxbfocbkqsfdzcfkgmn/Build/Intermediates.noindex/XCBuildData/buildDebugging-1762405027.1110911/current-manifest.swiftbuilddata'
ClangStatCache /Applications/Xcode.app/Contents/Developer/Toolchains/XcodeDefault.xctoolchain/usr/bin/clang-stat-cache /Applications/Xcode.app/Contents/Developer/Platforms/MacOSX.platform/Developer/SDKs/MacOSX26.1.sdk /Users/rogerlin/Library/Developer/Xcode/DerivedData/SDKStatCaches.noindex/macosx26.1-25B74-3ae1261907bdadc328169391a47051a6.sdkstatcache
    cd /Users/rogerlin/XCode-Projects/FinancialCalculatorKit-5.0-updated-accent-colors/FinancialCalculatorKit.xcodeproj
    /Applications/Xcode.app/Contents/Developer/Toolchains/XcodeDefault.xctoolchain/usr/bin/clang-stat-cache /Applications/Xcode.app/Contents/Developer/Platforms/MacOSX.platform/Developer/SDKs/MacOSX26.1.sdk -o /Users/rogerlin/Library/Developer/Xcode/DerivedData/SDKStatCaches.noindex/macosx26.1-25B74-3ae1261907bdadc328169391a47051a6.sdkstatcache

    Task input dependencies:

    Task output dependencies:
        /Users/rogerlin/Library/Developer/Xcode/DerivedData/SDKStatCaches.noindex/macosx26.1-25B74-3ae1261907bdadc328169391a47051a6.sdkstatcache

ProcessInfoPlistFile /Users/rogerlin/Library/Developer/Xcode/DerivedData/FinancialCalculatorKit-ackorybalcxbfocbkqsfdzcfkgmn/Build/Products/Debug/MathJaxSwift_MathJaxSwift.bundle/Contents/Info.plist /Users/rogerlin/Library/Developer/Xcode/DerivedData/FinancialCalculatorKit-ackorybalcxbfocbkqsfdzcfkgmn/Build/Intermediates.noindex/MathJaxSwift.build/Debug/MathJaxSwift_MathJaxSwift.build/empty-MathJaxSwift_MathJaxSwift.plist (in target 'MathJaxSwift_MathJaxSwift' from project 'MathJaxSwift')
    cd /Users/rogerlin/Library/Developer/Xcode/DerivedData/FinancialCalculatorKit-ackorybalcxbfocbkqsfdzcfkgmn/SourcePackages/checkouts/MathJaxSwift
    builtin-infoPlistUtility /Users/rogerlin/Library/Developer/Xcode/DerivedData/FinancialCalculatorKit-ackorybalcxbfocbkqsfdzcfkgmn/Build/Intermediates.noindex/MathJaxSwift.build/Debug/MathJaxSwift_MathJaxSwift.build/empty-MathJaxSwift_MathJaxSwift.plist -producttype com.apple.product-type.bundle -expandbuildsettings -platform macosx -o /Users/rogerlin/Library/Developer/Xcode/DerivedData/FinancialCalculatorKit-ackorybalcxbfocbkqsfdzcfkgmn/Build/Products/Debug/MathJaxSwift_MathJaxSwift.bundle/Contents/Info.plist

    Task input dependencies:
        /Users/rogerlin/Library/Developer/Xcode/DerivedData/FinancialCalculatorKit-ackorybalcxbfocbkqsfdzcfkgmn/Build/Intermediates.noindex/MathJaxSwift.build/Debug/MathJaxSwift_MathJaxSwift.build/empty-MathJaxSwift_MathJaxSwift.plist

    Task output dependencies:
        /Users/rogerlin/Library/Developer/Xcode/DerivedData/FinancialCalculatorKit-ackorybalcxbfocbkqsfdzcfkgmn/Build/Products/Debug/MathJaxSwift_MathJaxSwift.bundle/Contents/Info.plist

note: Disabling hardened runtime with ad-hoc codesigning. (in target 'FinancialCalculatorKit' from project 'FinancialCalculatorKit')
Copy /Users/rogerlin/Library/Developer/Xcode/DerivedData/FinancialCalculatorKit-ackorybalcxbfocbkqsfdzcfkgmn/Build/Products/Debug/FinancialCalculatorKit.app/Contents/Resources/MathJaxSwift_MathJaxSwift.bundle /Users/rogerlin/Library/Developer/Xcode/DerivedData/FinancialCalculatorKit-ackorybalcxbfocbkqsfdzcfkgmn/Build/Products/Debug/MathJaxSwift_MathJaxSwift.bundle (in target 'FinancialCalculatorKit' from project 'FinancialCalculatorKit')
    cd /Users/rogerlin/XCode-Projects/FinancialCalculatorKit-5.0-updated-accent-colors
    builtin-copy -exclude .DS_Store -exclude CVS -exclude .svn -exclude .git -exclude .hg -resolve-src-symlinks /Users/rogerlin/Library/Developer/Xcode/DerivedData/FinancialCalculatorKit-ackorybalcxbfocbkqsfdzcfkgmn/Build/Products/Debug/MathJaxSwift_MathJaxSwift.bundle /Users/rogerlin/Library/Developer/Xcode/DerivedData/FinancialCalculatorKit-ackorybalcxbfocbkqsfdzcfkgmn/Build/Products/Debug/FinancialCalculatorKit.app/Contents/Resources

    Task input dependencies:
        /Users/rogerlin/Library/Developer/Xcode/DerivedData/FinancialCalculatorKit-ackorybalcxbfocbkqsfdzcfkgmn/Build/Products/Debug/MathJaxSwift_MathJaxSwift.bundle/

    Task output dependencies:
        /Users/rogerlin/Library/Developer/Xcode/DerivedData/FinancialCalculatorKit-ackorybalcxbfocbkqsfdzcfkgmn/Build/Products/Debug/FinancialCalculatorKit.app/Contents/Resources/MathJaxSwift_MathJaxSwift.bundle

SwiftDriver FinancialCalculatorKit normal arm64 com.apple.xcode.tools.swift.compiler (in target 'FinancialCalculatorKit' from project 'FinancialCalculatorKit')
    cd /Users/rogerlin/XCode-Projects/FinancialCalculatorKit-5.0-updated-accent-colors
    builtin-SwiftDriver -- /Applications/Xcode.app/Contents/Developer/Toolchains/XcodeDefault.xctoolchain/usr/bin/swiftc -module-name FinancialCalculatorKit -Onone -enforce-exclusivity\=checked @/Users/rogerlin/Library/Developer/Xcode/DerivedData/FinancialCalculatorKit-ackorybalcxbfocbkqsfdzcfkgmn/Build/Intermediates.noindex/FinancialCalculatorKit.build/Debug/FinancialCalculatorKit.build/Objects-normal/arm64/FinancialCalculatorKit.SwiftFileList -DDEBUG -enable-bare-slash-regex -enable-experimental-feature DebugDescriptionMacro -sdk /Applications/Xcode.app/Contents/Developer/Platforms/MacOSX.platform/Developer/SDKs/MacOSX26.1.sdk -target arm64-apple-macos14.0 -g -module-cache-path /Users/rogerlin/Library/Developer/Xcode/DerivedData/ModuleCache.noindex -Xfrontend -serialize-debugging-options -profile-coverage-mapping -profile-generate -enable-testing -index-store-path /Users/rogerlin/Library/Developer/Xcode/DerivedData/FinancialCalculatorKit-ackorybalcxbfocbkqsfdzcfkgmn/Index.noindex/DataStore -Xcc -D_LIBCPP_HARDENING_MODE\=_LIBCPP_HARDENING_MODE_DEBUG -swift-version 5 -I /Users/rogerlin/Library/Developer/Xcode/DerivedData/FinancialCalculatorKit-ackorybalcxbfocbkqsfdzcfkgmn/Build/Products/Debug -F /Users/rogerlin/Library/Developer/Xcode/DerivedData/FinancialCalculatorKit-ackorybalcxbfocbkqsfdzcfkgmn/Build/Products/Debug/PackageFrameworks -F /Users/rogerlin/Library/Developer/Xcode/DerivedData/FinancialCalculatorKit-ackorybalcxbfocbkqsfdzcfkgmn/Build/Products/Debug/PackageFrameworks -F /Users/rogerlin/Library/Developer/Xcode/DerivedData/FinancialCalculatorKit-ackorybalcxbfocbkqsfdzcfkgmn/Build/Products/Debug/PackageFrameworks -F /Users/rogerlin/Library/Developer/Xcode/DerivedData/FinancialCalculatorKit-ackorybalcxbfocbkqsfdzcfkgmn/Build/Products/Debug/PackageFrameworks -F /Users/rogerlin/Library/Developer/Xcode/DerivedData/FinancialCalculatorKit-ackorybalcxbfocbkqsfdzcfkgmn/Build/Products/Debug/PackageFrameworks -F /Users/rogerlin/Library/Developer/Xcode/DerivedData/FinancialCalculatorKit-ackorybalcxbfocbkqsfdzcfkgmn/Build/Products/Debug/PackageFrameworks -F /Users/rogerlin/Library/Developer/Xcode/DerivedData/FinancialCalculatorKit-ackorybalcxbfocbkqsfdzcfkgmn/Build/Products/Debug/PackageFrameworks -F /Users/rogerlin/Library/Developer/Xcode/DerivedData/FinancialCalculatorKit-ackorybalcxbfocbkqsfdzcfkgmn/Build/Products/Debug/PackageFrameworks -F /Users/rogerlin/Library/Developer/Xcode/DerivedData/FinancialCalculatorKit-ackorybalcxbfocbkqsfdzcfkgmn/Build/Products/Debug/PackageFrameworks -F /Users/rogerlin/Library/Developer/Xcode/DerivedData/FinancialCalculatorKit-ackorybalcxbfocbkqsfdzcfkgmn/Build/Products/Debug/PackageFrameworks -F /Users/rogerlin/Library/Developer/Xcode/DerivedData/FinancialCalculatorKit-ackorybalcxbfocbkqsfdzcfkgmn/Build/Products/Debug/PackageFrameworks -F /Users/rogerlin/Library/Developer/Xcode/DerivedData/FinancialCalculatorKit-ackorybalcxbfocbkqsfdzcfkgmn/Build/Products/Debug/PackageFrameworks -F /Users/rogerlin/Library/Developer/Xcode/DerivedData/FinancialCalculatorKit-ackorybalcxbfocbkqsfdzcfkgmn/Build/Products/Debug/PackageFrameworks -F /Users/rogerlin/Library/Developer/Xcode/DerivedData/FinancialCalculatorKit-ackorybalcxbfocbkqsfdzcfkgmn/Build/Products/Debug/PackageFrameworks -F /Users/rogerlin/Library/Developer/Xcode/DerivedData/FinancialCalculatorKit-ackorybalcxbfocbkqsfdzcfkgmn/Build/Products/Debug/PackageFrameworks -F /Users/rogerlin/Library/Developer/Xcode/DerivedData/FinancialCalculatorKit-ackorybalcxbfocbkqsfdzcfkgmn/Build/Products/Debug/PackageFrameworks -F /Users/rogerlin/Library/Developer/Xcode/DerivedData/FinancialCalculatorKit-ackorybalcxbfocbkqsfdzcfkgmn/Build/Products/Debug/PackageFrameworks -F /Users/rogerlin/Library/Developer/Xcode/DerivedData/FinancialCalculatorKit-ackorybalcxbfocbkqsfdzcfkgmn/Build/Products/Debug/PackageFrameworks -F /Users/rogerlin/Library/Developer/Xcode/DerivedData/FinancialCalculatorKit-ackorybalcxbfocbkqsfdzcfkgmn/Build/Products/Debug/PackageFrameworks -F /Users/rogerlin/Library/Developer/Xcode/DerivedData/FinancialCalculatorKit-ackorybalcxbfocbkqsfdzcfkgmn/Build/Products/Debug -Xfrontend -load-plugin-executable -Xfrontend /Users/rogerlin/Library/Developer/Xcode/DerivedData/FinancialCalculatorKit-ackorybalcxbfocbkqsfdzcfkgmn/Build/Products/Debug/CasePathsMacros\#CasePathsMacros -emit-localized-strings -emit-localized-strings-path /Users/rogerlin/Library/Developer/Xcode/DerivedData/FinancialCalculatorKit-ackorybalcxbfocbkqsfdzcfkgmn/Build/Intermediates.noindex/FinancialCalculatorKit.build/Debug/FinancialCalculatorKit.build/Objects-normal/arm64 -c -j16 -enable-batch-mode -incremental -Xcc -ivfsstatcache -Xcc /Users/rogerlin/Library/Developer/Xcode/DerivedData/SDKStatCaches.noindex/macosx26.1-25B74-3ae1261907bdadc328169391a47051a6.sdkstatcache -output-file-map /Users/rogerlin/Library/Developer/Xcode/DerivedData/FinancialCalculatorKit-ackorybalcxbfocbkqsfdzcfkgmn/Build/Intermediates.noindex/FinancialCalculatorKit.build/Debug/FinancialCalculatorKit.build/Objects-normal/arm64/FinancialCalculatorKit-OutputFileMap.json -use-frontend-parseable-output -save-temps -no-color-diagnostics -explicit-module-build -module-cache-path /Users/rogerlin/Library/Developer/Xcode/DerivedData/FinancialCalculatorKit-ackorybalcxbfocbkqsfdzcfkgmn/Build/Intermediates.noindex/SwiftExplicitPrecompiledModules -clang-scanner-module-cache-path /Users/rogerlin/Library/Developer/Xcode/DerivedData/ModuleCache.noindex -sdk-module-cache-path /Users/rogerlin/Library/Developer/Xcode/DerivedData/ModuleCache.noindex -serialize-diagnostics -emit-dependencies -emit-module -emit-module-path /Users/rogerlin/Library/Developer/Xcode/DerivedData/FinancialCalculatorKit-ackorybalcxbfocbkqsfdzcfkgmn/Build/Intermediates.noindex/FinancialCalculatorKit.build/Debug/FinancialCalculatorKit.build/Objects-normal/arm64/FinancialCalculatorKit.swiftmodule -validate-clang-modules-once -clang-build-session-file /Users/rogerlin/Library/Developer/Xcode/DerivedData/ModuleCache.noindex/Session.modulevalidation -Xcc -I/Users/rogerlin/Library/Developer/Xcode/DerivedData/FinancialCalculatorKit-ackorybalcxbfocbkqsfdzcfkgmn/Build/Intermediates.noindex/FinancialCalculatorKit.build/Debug/FinancialCalculatorKit.build/swift-overrides.hmap -emit-const-values -Xfrontend -const-gather-protocols-file -Xfrontend /Users/rogerlin/Library/Developer/Xcode/DerivedData/FinancialCalculatorKit-ackorybalcxbfocbkqsfdzcfkgmn/Build/Intermediates.noindex/FinancialCalculatorKit.build/Debug/FinancialCalculatorKit.build/Objects-normal/arm64/FinancialCalculatorKit_const_extract_protocols.json -Xcc -iquote -Xcc /Users/rogerlin/Library/Developer/Xcode/DerivedData/FinancialCalculatorKit-ackorybalcxbfocbkqsfdzcfkgmn/Build/Intermediates.noindex/FinancialCalculatorKit.build/Debug/FinancialCalculatorKit.build/FinancialCalculatorKit-generated-files.hmap -Xcc -I/Users/rogerlin/Library/Developer/Xcode/DerivedData/FinancialCalculatorKit-ackorybalcxbfocbkqsfdzcfkgmn/Build/Intermediates.noindex/FinancialCalculatorKit.build/Debug/FinancialCalculatorKit.build/FinancialCalculatorKit-own-target-headers.hmap -Xcc -I/Users/rogerlin/Library/Developer/Xcode/DerivedData/FinancialCalculatorKit-ackorybalcxbfocbkqsfdzcfkgmn/Build/Intermediates.noindex/FinancialCalculatorKit.build/Debug/FinancialCalculatorKit.build/FinancialCalculatorKit-all-non-framework-target-headers.hmap -Xcc -ivfsoverlay -Xcc /Users/rogerlin/Library/Developer/Xcode/DerivedData/FinancialCalculatorKit-ackorybalcxbfocbkqsfdzcfkgmn/Build/Intermediates.noindex/FinancialCalculatorKit.build/Debug/FinancialCalculatorKit-b796aaad08c4b307251b75ea7c01aae2-VFS/all-product-headers.yaml -Xcc -iquote -Xcc /Users/rogerlin/Library/Developer/Xcode/DerivedData/FinancialCalculatorKit-ackorybalcxbfocbkqsfdzcfkgmn/Build/Intermediates.noindex/FinancialCalculatorKit.build/Debug/FinancialCalculatorKit.build/FinancialCalculatorKit-project-headers.hmap -Xcc -I/Users/rogerlin/Library/Developer/Xcode/DerivedData/FinancialCalculatorKit-ackorybalcxbfocbkqsfdzcfkgmn/SourcePackages/checkouts/swift-numerics/Sources/_NumericsShims/include -Xcc -I/Users/rogerlin/Library/Developer/Xcode/DerivedData/FinancialCalculatorKit-ackorybalcxbfocbkqsfdzcfkgmn/Build/Products/Debug/include -Xcc -I/Users/rogerlin/Library/Developer/Xcode/DerivedData/FinancialCalculatorKit-ackorybalcxbfocbkqsfdzcfkgmn/Build/Intermediates.noindex/FinancialCalculatorKit.build/Debug/FinancialCalculatorKit.build/DerivedSources-normal/arm64 -Xcc -I/Users/rogerlin/Library/Developer/Xcode/DerivedData/FinancialCalculatorKit-ackorybalcxbfocbkqsfdzcfkgmn/Build/Intermediates.noindex/FinancialCalculatorKit.build/Debug/FinancialCalculatorKit.build/DerivedSources/arm64 -Xcc -I/Users/rogerlin/Library/Developer/Xcode/DerivedData/FinancialCalculatorKit-ackorybalcxbfocbkqsfdzcfkgmn/Build/Intermediates.noindex/FinancialCalculatorKit.build/Debug/FinancialCalculatorKit.build/DerivedSources -Xcc -DDEBUG\=1 -emit-objc-header -emit-objc-header-path /Users/rogerlin/Library/Developer/Xcode/DerivedData/FinancialCalculatorKit-ackorybalcxbfocbkqsfdzcfkgmn/Build/Intermediates.noindex/FinancialCalculatorKit.build/Debug/FinancialCalculatorKit.build/Objects-normal/arm64/FinancialCalculatorKit-Swift.h -working-directory /Users/rogerlin/XCode-Projects/FinancialCalculatorKit-5.0-updated-accent-colors -experimental-emit-module-separately -disable-cmo

    Task input dependencies:

    Task output dependencies:
note: Swift Driver planned jobs for target FinancialCalculatorKit (arm64-normal):
	Explicit Modules:

	Compilation Requirements:
		<PlannedSwiftDriverJob [target(0)]:EmitModule FinancialCalculatorKit dependencies=[]>
	Compilation:
		<PlannedSwiftDriverJob [target(1)]:Compile FinancialCalculatorKit DepreciationCalculatorView.swift DocumentListView.swift EquityValuationView.swift dependencies=[]>
		<PlannedSwiftDriverJob [target(2)]:Compile FinancialCalculatorKit FixedIncomeAnalyticsView.swift FormulaLibraryView.swift ForwardsCalculatorView.swift dependencies=[]>
		<PlannedSwiftDriverJob [target(3)]:Compile FinancialCalculatorKit FuturesCalculatorView.swift FutureValueView.swift HighPrecisionCalculatorView.swift dependencies=[]>
		<PlannedSwiftDriverJob [target(4)]:Compile FinancialCalculatorKit InvestmentCalculatorView.swift LoanCalculatorView.swift LoanResultView.swift dependencies=[]>
		<PlannedSwiftDriverJob [target(5)]:Compile FinancialCalculatorKit MathExpressionCalculatorView.swift OptionsCalculatorView.swift dependencies=[]>
		<PlannedSwiftDriverJob [target(6)]:Compile FinancialCalculatorKit OptionsStrategiesView.swift PlaceholderViews.swift dependencies=[]>
		<PlannedSwiftDriverJob [target(7)]:Compile FinancialCalculatorKit PortfolioOptimizationView.swift PrecisionDemoView.swift dependencies=[]>
		<PlannedSwiftDriverJob [target(8)]:Compile FinancialCalculatorKit TimeValueResultView.swift UnitConverterView.swift dependencies=[]>
		<PlannedSwiftDriverJob [target(9)]:Compile FinancialCalculatorKit VariableManagementView.swift FinancialChartView.swift dependencies=[]>
		<PlannedSwiftDriverJob [target(10)]:Compile FinancialCalculatorKit InteractiveFinancialCharts.swift DetailRow.swift dependencies=[]>
		<PlannedSwiftDriverJob [target(11)]:Compile FinancialCalculatorKit DynamicInputSection.swift EnhancedInputFields.swift dependencies=[]>
		<PlannedSwiftDriverJob [target(12)]:Compile FinancialCalculatorKit FinancialStyles.swift InputFieldView.swift dependencies=[]>
		<PlannedSwiftDriverJob [target(13)]:Compile FinancialCalculatorKit InteractiveDataTables.swift LoadingResultView.swift dependencies=[]>
		<PlannedSwiftDriverJob [target(14)]:Compile FinancialCalculatorKit NumbersOnlyViewModifier.swift ResultDisplayView.swift dependencies=[]>
		<PlannedSwiftDriverJob [target(15)]:Compile FinancialCalculatorKit StatusIndicator.swift ValidationSummaryView.swift dependencies=[]>
		<PlannedSwiftDriverJob [target(16)]:Compile FinancialCalculatorKit FREDDataView.swift FormulaReferenceView.swift dependencies=[]>
	After Compilation:

	Verification:
 (in target 'FinancialCalculatorKit' from project 'FinancialCalculatorKit')

ProcessInfoPlistFile /Users/rogerlin/Library/Developer/Xcode/DerivedData/FinancialCalculatorKit-ackorybalcxbfocbkqsfdzcfkgmn/Build/Products/Debug/FinancialCalculatorKit.app/Contents/Info.plist /Users/rogerlin/Library/Developer/Xcode/DerivedData/FinancialCalculatorKit-ackorybalcxbfocbkqsfdzcfkgmn/Build/Intermediates.noindex/FinancialCalculatorKit.build/Debug/FinancialCalculatorKit.build/empty-FinancialCalculatorKit.plist (in target 'FinancialCalculatorKit' from project 'FinancialCalculatorKit')
    cd /Users/rogerlin/XCode-Projects/FinancialCalculatorKit-5.0-updated-accent-colors
    builtin-infoPlistUtility /Users/rogerlin/Library/Developer/Xcode/DerivedData/FinancialCalculatorKit-ackorybalcxbfocbkqsfdzcfkgmn/Build/Intermediates.noindex/FinancialCalculatorKit.build/Debug/FinancialCalculatorKit.build/empty-FinancialCalculatorKit.plist -producttype com.apple.product-type.application -genpkginfo /Users/rogerlin/Library/Developer/Xcode/DerivedData/FinancialCalculatorKit-ackorybalcxbfocbkqsfdzcfkgmn/Build/Products/Debug/FinancialCalculatorKit.app/Contents/PkgInfo -expandbuildsettings -platform macosx -additionalcontentfile /Users/rogerlin/Library/Developer/Xcode/DerivedData/FinancialCalculatorKit-ackorybalcxbfocbkqsfdzcfkgmn/Build/Intermediates.noindex/FinancialCalculatorKit.build/Debug/FinancialCalculatorKit.build/assetcatalog_generated_info.plist -scanforprivacyfile /Users/rogerlin/Library/Developer/Xcode/DerivedData/FinancialCalculatorKit-ackorybalcxbfocbkqsfdzcfkgmn/Build/Products/Debug/FinancialCalculatorKit.app/Contents/Resources/MathJaxSwift_MathJaxSwift.bundle -o /Users/rogerlin/Library/Developer/Xcode/DerivedData/FinancialCalculatorKit-ackorybalcxbfocbkqsfdzcfkgmn/Build/Products/Debug/FinancialCalculatorKit.app/Contents/Info.plist

    Task input dependencies:
        /Users/rogerlin/Library/Developer/Xcode/DerivedData/FinancialCalculatorKit-ackorybalcxbfocbkqsfdzcfkgmn/Build/Intermediates.noindex/FinancialCalculatorKit.build/Debug/FinancialCalculatorKit.build/empty-FinancialCalculatorKit.plist
        /Users/rogerlin/Library/Developer/Xcode/DerivedData/FinancialCalculatorKit-ackorybalcxbfocbkqsfdzcfkgmn/Build/Intermediates.noindex/FinancialCalculatorKit.build/Debug/FinancialCalculatorKit.build/assetcatalog_generated_info.plist
        /Users/rogerlin/Library/Developer/Xcode/DerivedData/FinancialCalculatorKit-ackorybalcxbfocbkqsfdzcfkgmn/Build/Products/Debug/FinancialCalculatorKit.app/Contents/Resources/MathJaxSwift_MathJaxSwift.bundle

    Task output dependencies:
        /Users/rogerlin/Library/Developer/Xcode/DerivedData/FinancialCalculatorKit-ackorybalcxbfocbkqsfdzcfkgmn/Build/Products/Debug/FinancialCalculatorKit.app/Contents/Info.plist
        /Users/rogerlin/Library/Developer/Xcode/DerivedData/FinancialCalculatorKit-ackorybalcxbfocbkqsfdzcfkgmn/Build/Products/Debug/FinancialCalculatorKit.app/Contents/PkgInfo

SwiftCompile normal arm64 Compiling\ FixedIncomeAnalyticsView.swift,\ FormulaLibraryView.swift,\ ForwardsCalculatorView.swift /Users/rogerlin/XCode-Projects/FinancialCalculatorKit-5.0-updated-accent-colors/FinancialCalculatorKit/Views/Calculator/FixedIncomeAnalyticsView.swift /Users/rogerlin/XCode-Projects/FinancialCalculatorKit-5.0-updated-accent-colors/FinancialCalculatorKit/Views/Calculator/FormulaLibraryView.swift /Users/rogerlin/XCode-Projects/FinancialCalculatorKit-5.0-updated-accent-colors/FinancialCalculatorKit/Views/Calculator/ForwardsCalculatorView.swift (in target 'FinancialCalculatorKit' from project 'FinancialCalculatorKit')

SwiftCompile normal arm64 /Users/rogerlin/XCode-Projects/FinancialCalculatorKit-5.0-updated-accent-colors/FinancialCalculatorKit/Views/Calculator/FixedIncomeAnalyticsView.swift (in target 'FinancialCalculatorKit' from project 'FinancialCalculatorKit')
    cd /Users/rogerlin/XCode-Projects/FinancialCalculatorKit-5.0-updated-accent-colors
    

SwiftCompile normal arm64 /Users/rogerlin/XCode-Projects/FinancialCalculatorKit-5.0-updated-accent-colors/FinancialCalculatorKit/Views/Calculator/FormulaLibraryView.swift (in target 'FinancialCalculatorKit' from project 'FinancialCalculatorKit')
    cd /Users/rogerlin/XCode-Projects/FinancialCalculatorKit-5.0-updated-accent-colors
    

SwiftCompile normal arm64 /Users/rogerlin/XCode-Projects/FinancialCalculatorKit-5.0-updated-accent-colors/FinancialCalculatorKit/Views/Calculator/ForwardsCalculatorView.swift (in target 'FinancialCalculatorKit' from project 'FinancialCalculatorKit')
    cd /Users/rogerlin/XCode-Projects/FinancialCalculatorKit-5.0-updated-accent-colors
    

/Applications/Xcode.app/Contents/Developer/Toolchains/XcodeDefault.xctoolchain/usr/bin/swift-frontend -frontend -c /Users/rogerlin/XCode-Projects/FinancialCalculatorKit-5.0-updated-accent-colors/FinancialCalculatorKit/Models/Bond/AdvancedBondModels.swift /Users/rogerlin/XCode-Projects/FinancialCalculatorKit-5.0-updated-accent-colors/FinancialCalculatorKit/Models/Bond/YieldCurveTypes.swift /Users/rogerlin/XCode-Projects/FinancialCalculatorKit-5.0-updated-accent-colors/FinancialCalculatorKit/Models/Calculation/BondCalculation.swift /Users/rogerlin/XCode-Projects/FinancialCalculatorKit-5.0-updated-accent-colors/FinancialCalculatorKit/Models/Calculation/CalculationMetadata.swift /Users/rogerlin/XCode-Projects/FinancialCalculatorKit-5.0-updated-accent-colors/FinancialCalculatorKit/Models/Calculation/DepreciationCalculation.swift /Users/rogerlin/XCode-Projects/FinancialCalculatorKit-5.0-updated-accent-colors/FinancialCalculatorKit/Models/Calculation/FinancialCalculation.swift /Users/rogerlin/XCode-Projects/FinancialCalculatorKit-5.0-updated-accent-colors/FinancialCalculatorKit/Models/Calculation/InvestmentCalculation.swift /Users/rogerlin/XCode-Projects/FinancialCalculatorKit-5.0-updated-accent-colors/FinancialCalculatorKit/Models/Calculation/LoanCalculation.swift /Users/rogerlin/XCode-Projects/FinancialCalculatorKit-5.0-updated-accent-colors/FinancialCalculatorKit/Models/Calculation/TimeValueCalculation.swift /Users/rogerlin/XCode-Projects/FinancialCalculatorKit-5.0-updated-accent-colors/FinancialCalculatorKit/Models/Enums/CalculationType.swift /Users/rogerlin/XCode-Projects/FinancialCalculatorKit-5.0-updated-accent-colors/FinancialCalculatorKit/Models/Enums/Currency.swift /Users/rogerlin/XCode-Projects/FinancialCalculatorKit-5.0-updated-accent-colors/FinancialCalculatorKit/Models/Enums/LoanType.swift /Users/rogerlin/XCode-Projects/FinancialCalculatorKit-5.0-updated-accent-colors/FinancialCalculatorKit/Models/Enums/PaymentFrequency.swift /Users/rogerlin/XCode-Projects/FinancialCalculatorKit-5.0-updated-accent-colors/FinancialCalculatorKit/Models/Enums/TimeValueVariable.swift /Users/rogerlin/XCode-Projects/FinancialCalculatorKit-5.0-updated-accent-colors/FinancialCalculatorKit/Models/Formula/FormulaReference.swift /Users/rogerlin/XCode-Projects/FinancialCalculatorKit-5.0-updated-accent-colors/FinancialCalculatorKit/Models/FRED/FREDModels.swift /Users/rogerlin/XCode-Projects/FinancialCalculatorKit-5.0-updated-accent-colors/FinancialCalculatorKit/Models/Options/AdvancedOptionsModels.swift /Users/rogerlin/XCode-Projects/FinancialCalculatorKit-5.0-updated-accent-colors/FinancialCalculatorKit/Models/ScientificCalculator/EquationDocument.swift /Users/rogerlin/XCode-Projects/FinancialCalculatorKit-5.0-updated-accent-colors/FinancialCalculatorKit/Models/ScientificCalculator/VariableStore.swift /Users/rogerlin/XCode-Projects/FinancialCalculatorKit-5.0-updated-accent-colors/FinancialCalculatorKit/Protocols/FinancialComputable.swift /Users/rogerlin/XCode-Projects/FinancialCalculatorKit-5.0-updated-accent-colors/FinancialCalculatorKit/Services/Bond/AdvancedBondPricingEngine.swift /Users/rogerlin/XCode-Projects/FinancialCalculatorKit-5.0-updated-accent-colors/FinancialCalculatorKit/Services/Options/AdvancedOptionsPricingEngine.swift /Users/rogerlin/XCode-Projects/FinancialCalculatorKit-5.0-updated-accent-colors/FinancialCalculatorKit/Services/AdvancedExpressionParser.swift /Users/rogerlin/XCode-Projects/FinancialCalculatorKit-5.0-updated-accent-colors/FinancialCalculatorKit/Services/AdvancedIRRCalculator.swift /Users/rogerlin/XCode-Projects/FinancialCalculatorKit-5.0-updated-accent-colors/FinancialCalculatorKit/Services/AdvancedMathFunctions.swift /Users/rogerlin/XCode-Projects/FinancialCalculatorKit-5.0-updated-accent-colors/FinancialCalculatorKit/Services/CalculationEngine.swift /Users/rogerlin/XCode-Projects/FinancialCalculatorKit-5.0-updated-accent-colors/FinancialCalculatorKit/Services/CSVHelper.swift /Users/rogerlin/XCode-Projects/FinancialCalculatorKit-5.0-updated-accent-colors/FinancialCalculatorKit/Services/CurrencyConversionService.swift /Users/rogerlin/XCode-Projects/FinancialCalculatorKit-5.0-updated-accent-colors/FinancialCalculatorKit/Services/ExchangeRateService.swift /Users/rogerlin/XCode-Projects/FinancialCalculatorKit-5.0-updated-accent-colors/FinancialCalculatorKit/Services/FinancialCalculator.swift /Users/rogerlin/XCode-Projects/FinancialCalculatorKit-5.0-updated-accent-colors/FinancialCalculatorKit/Services/FinancialValidation.swift /Users/rogerlin/XCode-Projects/FinancialCalculatorKit-5.0-updated-accent-colors/FinancialCalculatorKit/Services/FormulaAutoComplete.swift /Users/rogerlin/XCode-Projects/FinancialCalculatorKit-5.0-updated-accent-colors/FinancialCalculatorKit/Services/FREDService.swift /Users/rogerlin/XCode-Projects/FinancialCalculatorKit-5.0-updated-accent-colors/FinancialCalculatorKit/Services/HighPrecisionMath.swift /Users/rogerlin/XCode-Projects/FinancialCalculatorKit-5.0-updated-accent-colors/FinancialCalculatorKit/Services/HighPrecisionTestSuite.swift /Users/rogerlin/XCode-Projects/FinancialCalculatorKit-5.0-updated-accent-colors/FinancialCalculatorKit/Services/HighPrecisionValidation.swift /Users/rogerlin/XCode-Projects/FinancialCalculatorKit-5.0-updated-accent-colors/FinancialCalculatorKit/Services/TickerHistoryService.swift /Users/rogerlin/XCode-Projects/FinancialCalculatorKit-5.0-updated-accent-colors/FinancialCalculatorKit/Services/ValidationExtensions.swift /Users/rogerlin/XCode-Projects/FinancialCalculatorKit-5.0-updated-accent-colors/FinancialCalculatorKit/Services/ValidationService.swift /Users/rogerlin/XCode-Projects/FinancialCalculatorKit-5.0-updated-accent-colors/FinancialCalculatorKit/Services/ValidationTestSuite.swift /Users/rogerlin/XCode-Projects/FinancialCalculatorKit-5.0-updated-accent-colors/FinancialCalculatorKit/Utilities/Extensions/Date+Financial.swift /Users/rogerlin/XCode-Projects/FinancialCalculatorKit-5.0-updated-accent-colors/FinancialCalculatorKit/Utilities/Extensions/Double+Financial.swift /Users/rogerlin/XCode-Projects/FinancialCalculatorKit-5.0-updated-accent-colors/FinancialCalculatorKit/Utilities/CashFlowsTransformer.swift /Users/rogerlin/XCode-Projects/FinancialCalculatorKit-5.0-updated-accent-colors/FinancialCalculatorKit/Utilities/Formatters.swift /Users/rogerlin/XCode-Projects/FinancialCalculatorKit-5.0-updated-accent-colors/FinancialCalculatorKit/ViewHelpers/FormulaViewHelper.swift /Users/rogerlin/XCode-Projects/FinancialCalculatorKit-5.0-updated-accent-colors/FinancialCalculatorKit/ViewModels/MainViewModel.swift /Users/rogerlin/XCode-Projects/FinancialCalculatorKit-5.0-updated-accent-colors/FinancialCalculatorKit/Views/Calculator/AdvancedBondCalculatorView.swift /Users/rogerlin/XCode-Projects/FinancialCalculatorKit-5.0-updated-accent-colors/FinancialCalculatorKit/Views/Calculator/AmortizationView.swift /Users/rogerlin/XCode-Projects/FinancialCalculatorKit-5.0-updated-accent-colors/FinancialCalculatorKit/Views/Calculator/BondCalculatorView.swift /Users/rogerlin/XCode-Projects/FinancialCalculatorKit-5.0-updated-accent-colors/FinancialCalculatorKit/Views/Calculator/CompactCalculatorView.swift /Users/rogerlin/XCode-Projects/FinancialCalculatorKit-5.0-updated-accent-colors/FinancialCalculatorKit/Views/Calculator/CurrencyConverterView.swift /Users/rogerlin/XCode-Projects/FinancialCalculatorKit-5.0-updated-accent-colors/FinancialCalculatorKit/Views/Calculator/CustomScientificKeyboard.swift /Users/rogerlin/XCode-Projects/FinancialCalculatorKit-5.0-updated-accent-colors/FinancialCalculatorKit/Views/Calculator/DepreciationCalculatorView.swift /Users/rogerlin/XCode-Projects/FinancialCalculatorKit-5.0-updated-accent-colors/FinancialCalculatorKit/Views/Calculator/DocumentListView.swift /Users/rogerlin/XCode-Projects/FinancialCalculatorKit-5.0-updated-accent-colors/FinancialCalculatorKit/Views/Calculator/EquityValuationView.swift -primary-file /Users/rogerlin/XCode-Projects/FinancialCalculatorKit-5.0-updated-accent-colors/FinancialCalculatorKit/Views/Calculator/FixedIncomeAnalyticsView.swift -primary-file /Users/rogerlin/XCode-Projects/FinancialCalculatorKit-5.0-updated-accent-colors/FinancialCalculatorKit/Views/Calculator/FormulaLibraryView.swift -primary-file /Users/rogerlin/XCode-Projects/FinancialCalculatorKit-5.0-updated-accent-colors/FinancialCalculatorKit/Views/Calculator/ForwardsCalculatorView.swift /Users/rogerlin/XCode-Projects/FinancialCalculatorKit-5.0-updated-accent-colors/FinancialCalculatorKit/Views/Calculator/FuturesCalculatorView.swift /Users/rogerlin/XCode-Projects/FinancialCalculatorKit-5.0-updated-accent-colors/FinancialCalculatorKit/Views/Calculator/FutureValueView.swift /Users/rogerlin/XCode-Projects/FinancialCalculatorKit-5.0-updated-accent-colors/FinancialCalculatorKit/Views/Calculator/HighPrecisionCalculatorView.swift /Users/rogerlin/XCode-Projects/FinancialCalculatorKit-5.0-updated-accent-colors/FinancialCalculatorKit/Views/Calculator/InvestmentCalculatorView.swift /Users/rogerlin/XCode-Projects/FinancialCalculatorKit-5.0-updated-accent-colors/FinancialCalculatorKit/Views/Calculator/LoanCalculatorView.swift /Users/rogerlin/XCode-Projects/FinancialCalculatorKit-5.0-updated-accent-colors/FinancialCalculatorKit/Views/Calculator/LoanResultView.swift /Users/rogerlin/XCode-Projects/FinancialCalculatorKit-5.0-updated-accent-colors/FinancialCalculatorKit/Views/Calculator/MathExpressionCalculatorView.swift /Users/rogerlin/XCode-Projects/FinancialCalculatorKit-5.0-updated-accent-colors/FinancialCalculatorKit/Views/Calculator/OptionsCalculatorView.swift /Users/rogerlin/XCode-Projects/FinancialCalculatorKit-5.0-updated-accent-colors/FinancialCalculatorKit/Views/Calculator/OptionsStrategiesView.swift /Users/rogerlin/XCode-Projects/FinancialCalculatorKit-5.0-updated-accent-colors/FinancialCalculatorKit/Views/Calculator/PlaceholderViews.swift /Users/rogerlin/XCode-Projects/FinancialCalculatorKit-5.0-updated-accent-colors/FinancialCalculatorKit/Views/Calculator/PortfolioOptimizationView.swift /Users/rogerlin/XCode-Projects/FinancialCalculatorKit-5.0-updated-accent-colors/FinancialCalculatorKit/Views/Calculator/PrecisionDemoView.swift /Users/rogerlin/XCode-Projects/FinancialCalculatorKit-5.0-updated-accent-colors/FinancialCalculatorKit/Views/Calculator/RiskManagementView.swift /Users/rogerlin/XCode-Projects/FinancialCalculatorKit-5.0-updated-accent-colors/FinancialCalculatorKit/Views/Calculator/ScientificCalculatorView.swift /Users/rogerlin/XCode-Projects/FinancialCalculatorKit-5.0-updated-accent-colors/FinancialCalculatorKit/Views/Calculator/SwapsCalculatorView.swift /Users/rogerlin/XCode-Projects/FinancialCalculatorKit-5.0-updated-accent-colors/FinancialCalculatorKit/Views/Calculator/TemplateViews.swift /Users/rogerlin/XCode-Projects/FinancialCalculatorKit-5.0-updated-accent-colors/FinancialCalculatorKit/Views/Calculator/TickerHistoryView.swift /Users/rogerlin/XCode-Projects/FinancialCalculatorKit-5.0-updated-accent-colors/FinancialCalculatorKit/Views/Calculator/TimeValueCalculatorView.swift /Users/rogerlin/XCode-Projects/FinancialCalculatorKit-5.0-updated-accent-colors/FinancialCalculatorKit/Views/Calculator/TimeValueResultView.swift /Users/rogerlin/XCode-Projects/FinancialCalculatorKit-5.0-updated-accent-colors/FinancialCalculatorKit/Views/Calculator/UnitConverterView.swift /Users/rogerlin/XCode-Projects/FinancialCalculatorKit-5.0-updated-accent-colors/FinancialCalculatorKit/Views/Calculator/VariableManagementView.swift /Users/rogerlin/XCode-Projects/FinancialCalculatorKit-5.0-updated-accent-colors/FinancialCalculatorKit/Views/Charts/FinancialChartView.swift /Users/rogerlin/XCode-Projects/FinancialCalculatorKit-5.0-updated-accent-colors/FinancialCalculatorKit/Views/Charts/InteractiveFinancialCharts.swift /Users/rogerlin/XCode-Projects/FinancialCalculatorKit-5.0-updated-accent-colors/FinancialCalculatorKit/Views/Components/DetailRow.swift /Users/rogerlin/XCode-Projects/FinancialCalculatorKit-5.0-updated-accent-colors/FinancialCalculatorKit/Views/Components/DynamicInputSection.swift /Users/rogerlin/XCode-Projects/FinancialCalculatorKit-5.0-updated-accent-colors/FinancialCalculatorKit/Views/Components/EnhancedInputFields.swift /Users/rogerlin/XCode-Projects/FinancialCalculatorKit-5.0-updated-accent-colors/FinancialCalculatorKit/Views/Components/FinancialStyles.swift /Users/rogerlin/XCode-Projects/FinancialCalculatorKit-5.0-updated-accent-colors/FinancialCalculatorKit/Views/Components/InputFieldView.swift /Users/rogerlin/XCode-Projects/FinancialCalculatorKit-5.0-updated-accent-colors/FinancialCalculatorKit/Views/Components/InteractiveDataTables.swift /Users/rogerlin/XCode-Projects/FinancialCalculatorKit-5.0-updated-accent-colors/FinancialCalculatorKit/Views/Components/LoadingResultView.swift /Users/rogerlin/XCode-Projects/FinancialCalculatorKit-5.0-updated-accent-colors/FinancialCalculatorKit/Views/Components/NumbersOnlyViewModifier.swift /Users/rogerlin/XCode-Projects/FinancialCalculatorKit-5.0-updated-accent-colors/FinancialCalculatorKit/Views/Components/ResultDisplayView.swift /Users/rogerlin/XCode-Projects/FinancialCalculatorKit-5.0-updated-accent-colors/FinancialCalculatorKit/Views/Components/StatusIndicator.swift /Users/rogerlin/XCode-Projects/FinancialCalculatorKit-5.0-updated-accent-colors/FinancialCalculatorKit/Views/Components/ValidationSummaryView.swift /Users/rogerlin/XCode-Projects/FinancialCalculatorKit-5.0-updated-accent-colors/FinancialCalculatorKit/Views/FRED/FREDDataView.swift /Users/rogerlin/XCode-Projects/FinancialCalculatorKit-5.0-updated-accent-colors/FinancialCalculatorKit/Views/Reference/FormulaReferenceView.swift /Users/rogerlin/XCode-Projects/FinancialCalculatorKit-5.0-updated-accent-colors/FinancialCalculatorKit/Views/Reference/FormulaVariableView.swift /Users/rogerlin/XCode-Projects/FinancialCalculatorKit-5.0-updated-accent-colors/FinancialCalculatorKit/Views/Reference/FormulaVariantView.swift /Users/rogerlin/XCode-Projects/FinancialCalculatorKit-5.0-updated-accent-colors/FinancialCalculatorKit/ContentView.swift /Users/rogerlin/XCode-Projects/FinancialCalculatorKit-5.0-updated-accent-colors/FinancialCalculatorKit/FinancialCalculatorKitApp.swift /Users/rogerlin/XCode-Projects/FinancialCalculatorKit-5.0-updated-accent-colors/FinancialCalculatorKit/Item.swift /Users/rogerlin/Library/Developer/Xcode/DerivedData/FinancialCalculatorKit-ackorybalcxbfocbkqsfdzcfkgmn/Build/Intermediates.noindex/FinancialCalculatorKit.build/Debug/FinancialCalculatorKit.build/DerivedSources/GeneratedAssetSymbols.swift -supplementary-output-file-map /Users/rogerlin/Library/Developer/Xcode/DerivedData/FinancialCalculatorKit-ackorybalcxbfocbkqsfdzcfkgmn/Build/Intermediates.noindex/FinancialCalculatorKit.build/Debug/FinancialCalculatorKit.build/Objects-normal/arm64/supplementaryOutputs-2 -emit-localized-strings -emit-localized-strings-path /Users/rogerlin/Library/Developer/Xcode/DerivedData/FinancialCalculatorKit-ackorybalcxbfocbkqsfdzcfkgmn/Build/Intermediates.noindex/FinancialCalculatorKit.build/Debug/FinancialCalculatorKit.build/Objects-normal/arm64 -target arm64-apple-macos14.0 -module-can-import-version AppKit 2685.20.119 2685.20.119 -module-can-import-version DeveloperToolsSupport 23.0.4 23.0.4 -module-can-import-version SwiftUI 7.1.13.1 7.1.13 -disable-cross-import-overlay-search -swift-module-cross-import SwiftData /Applications/Xcode.app/Contents/Developer/Platforms/MacOSX.platform/Developer/SDKs/MacOSX26.1.sdk/System/Library/Frameworks/SwiftData.framework/Modules/SwiftData.swiftcrossimport/CoreData.swiftoverlay -swift-module-cross-import SwiftData /Applications/Xcode.app/Contents/Developer/Platforms/MacOSX.platform/Developer/SDKs/MacOSX26.1.sdk/System/Library/Frameworks/SwiftData.framework/Modules/SwiftData.swiftcrossimport/SwiftUI.swiftoverlay -load-resolved-plugin \#/Users/rogerlin/Library/Developer/Xcode/DerivedData/FinancialCalculatorKit-ackorybalcxbfocbkqsfdzcfkgmn/Build/Products/Debug/CasePathsMacros\#CasePathsMacros -load-resolved-plugin /Applications/Xcode.app/Contents/Developer/Platforms/MacOSX.platform/Developer/usr/lib/swift/host/plugins/libFoundationMacros.dylib\#/Applications/Xcode.app/Contents/Developer/Platforms/MacOSX.platform/Developer/usr/bin/swift-plugin-server\#FoundationMacros -load-resolved-plugin /Applications/Xcode.app/Contents/Developer/Platforms/MacOSX.platform/Developer/usr/lib/swift/host/plugins/libObservationMacros.dylib\#/Applications/Xcode.app/Contents/Developer/Platforms/MacOSX.platform/Developer/usr/bin/swift-plugin-server\#ObservationMacros -load-resolved-plugin /Applications/Xcode.app/Contents/Developer/Platforms/MacOSX.platform/Developer/usr/lib/swift/host/plugins/libPreviewsMacros.dylib\#/Applications/Xcode.app/Contents/Developer/Platforms/MacOSX.platform/Developer/usr/bin/swift-plugin-server\#PreviewsMacros -load-resolved-plugin /Applications/Xcode.app/Contents/Developer/Platforms/MacOSX.platform/Developer/usr/lib/swift/host/plugins/libSwiftDataMacros.dylib\#/Applications/Xcode.app/Contents/Developer/Platforms/MacOSX.platform/Developer/usr/bin/swift-plugin-server\#SwiftDataMacros -load-resolved-plugin /Applications/Xcode.app/Contents/Developer/Platforms/MacOSX.platform/Developer/usr/lib/swift/host/plugins/libSwiftMacros.dylib\#/Applications/Xcode.app/Contents/Developer/Platforms/MacOSX.platform/Developer/usr/bin/swift-plugin-server\#SwiftMacros -load-resolved-plugin /Applications/Xcode.app/Contents/Developer/Platforms/MacOSX.platform/Developer/usr/lib/swift/host/plugins/libSwiftUIMacros.dylib\#/Applications/Xcode.app/Contents/Developer/Platforms/MacOSX.platform/Developer/usr/bin/swift-plugin-server\#SwiftUIMacros -disable-implicit-swift-modules -Xcc -fno-implicit-modules -Xcc -fno-implicit-module-maps -explicit-swift-module-map-file /Users/rogerlin/Library/Developer/Xcode/DerivedData/FinancialCalculatorKit-ackorybalcxbfocbkqsfdzcfkgmn/Build/Intermediates.noindex/FinancialCalculatorKit.build/Debug/FinancialCalculatorKit.build/Objects-normal/arm64/FinancialCalculatorKit-dependencies-1.json -Xllvm -aarch64-use-tbi -enable-objc-interop -stack-check -sdk /Applications/Xcode.app/Contents/Developer/Platforms/MacOSX.platform/Developer/SDKs/MacOSX26.1.sdk -I /Users/rogerlin/Library/Developer/Xcode/DerivedData/FinancialCalculatorKit-ackorybalcxbfocbkqsfdzcfkgmn/Build/Products/Debug -F /Users/rogerlin/Library/Developer/Xcode/DerivedData/FinancialCalculatorKit-ackorybalcxbfocbkqsfdzcfkgmn/Build/Products/Debug/PackageFrameworks -F /Users/rogerlin/Library/Developer/Xcode/DerivedData/FinancialCalculatorKit-ackorybalcxbfocbkqsfdzcfkgmn/Build/Products/Debug/PackageFrameworks -F /Users/rogerlin/Library/Developer/Xcode/DerivedData/FinancialCalculatorKit-ackorybalcxbfocbkqsfdzcfkgmn/Build/Products/Debug/PackageFrameworks -F /Users/rogerlin/Library/Developer/Xcode/DerivedData/FinancialCalculatorKit-ackorybalcxbfocbkqsfdzcfkgmn/Build/Products/Debug/PackageFrameworks -F /Users/rogerlin/Library/Developer/Xcode/DerivedData/FinancialCalculatorKit-ackorybalcxbfocbkqsfdzcfkgmn/Build/Products/Debug/PackageFrameworks -F /Users/rogerlin/Library/Developer/Xcode/DerivedData/FinancialCalculatorKit-ackorybalcxbfocbkqsfdzcfkgmn/Build/Products/Debug/PackageFrameworks -F /Users/rogerlin/Library/Developer/Xcode/DerivedData/FinancialCalculatorKit-ackorybalcxbfocbkqsfdzcfkgmn/Build/Products/Debug/PackageFrameworks -F /Users/rogerlin/Library/Developer/Xcode/DerivedData/FinancialCalculatorKit-ackorybalcxbfocbkqsfdzcfkgmn/Build/Products/Debug/PackageFrameworks -F /Users/rogerlin/Library/Developer/Xcode/DerivedData/FinancialCalculatorKit-ackorybalcxbfocbkqsfdzcfkgmn/Build/Products/Debug/PackageFrameworks -F /Users/rogerlin/Library/Developer/Xcode/DerivedData/FinancialCalculatorKit-ackorybalcxbfocbkqsfdzcfkgmn/Build/Products/Debug/PackageFrameworks -F /Users/rogerlin/Library/Developer/Xcode/DerivedData/FinancialCalculatorKit-ackorybalcxbfocbkqsfdzcfkgmn/Build/Products/Debug/PackageFrameworks -F /Users/rogerlin/Library/Developer/Xcode/DerivedData/FinancialCalculatorKit-ackorybalcxbfocbkqsfdzcfkgmn/Build/Products/Debug/PackageFrameworks -F /Users/rogerlin/Library/Developer/Xcode/DerivedData/FinancialCalculatorKit-ackorybalcxbfocbkqsfdzcfkgmn/Build/Products/Debug/PackageFrameworks -F /Users/rogerlin/Library/Developer/Xcode/DerivedData/FinancialCalculatorKit-ackorybalcxbfocbkqsfdzcfkgmn/Build/Products/Debug/PackageFrameworks -F /Users/rogerlin/Library/Developer/Xcode/DerivedData/FinancialCalculatorKit-ackorybalcxbfocbkqsfdzcfkgmn/Build/Products/Debug/PackageFrameworks -F /Users/rogerlin/Library/Developer/Xcode/DerivedData/FinancialCalculatorKit-ackorybalcxbfocbkqsfdzcfkgmn/Build/Products/Debug/PackageFrameworks -F /Users/rogerlin/Library/Developer/Xcode/DerivedData/FinancialCalculatorKit-ackorybalcxbfocbkqsfdzcfkgmn/Build/Products/Debug/PackageFrameworks -F /Users/rogerlin/Library/Developer/Xcode/DerivedData/FinancialCalculatorKit-ackorybalcxbfocbkqsfdzcfkgmn/Build/Products/Debug/PackageFrameworks -F /Users/rogerlin/Library/Developer/Xcode/DerivedData/FinancialCalculatorKit-ackorybalcxbfocbkqsfdzcfkgmn/Build/Products/Debug/PackageFrameworks -F /Users/rogerlin/Library/Developer/Xcode/DerivedData/FinancialCalculatorKit-ackorybalcxbfocbkqsfdzcfkgmn/Build/Products/Debug -no-color-diagnostics -Xcc -fno-color-diagnostics -enable-testing -g -debug-info-format\=dwarf -dwarf-version\=4 -module-cache-path /Users/rogerlin/Library/Developer/Xcode/DerivedData/FinancialCalculatorKit-ackorybalcxbfocbkqsfdzcfkgmn/Build/Intermediates.noindex/SwiftExplicitPrecompiledModules -profile-generate -profile-coverage-mapping -swift-version 5 -enforce-exclusivity\=checked -Onone -D DEBUG -serialize-debugging-options -load-plugin-executable /Users/rogerlin/Library/Developer/Xcode/DerivedData/FinancialCalculatorKit-ackorybalcxbfocbkqsfdzcfkgmn/Build/Products/Debug/CasePathsMacros\#CasePathsMacros -const-gather-protocols-file /Users/rogerlin/Library/Developer/Xcode/DerivedData/FinancialCalculatorKit-ackorybalcxbfocbkqsfdzcfkgmn/Build/Intermediates.noindex/FinancialCalculatorKit.build/Debug/FinancialCalculatorKit.build/Objects-normal/arm64/FinancialCalculatorKit_const_extract_protocols.json -enable-experimental-feature DebugDescriptionMacro -enable-bare-slash-regex -empty-abi-descriptor -validate-clang-modules-once -clang-build-session-file /Users/rogerlin/Library/Developer/Xcode/DerivedData/ModuleCache.noindex/Session.modulevalidation -Xcc -working-directory -Xcc /Users/rogerlin/XCode-Projects/FinancialCalculatorKit-5.0-updated-accent-colors -enable-anonymous-context-mangled-names -file-compilation-dir /Users/rogerlin/XCode-Projects/FinancialCalculatorKit-5.0-updated-accent-colors -Xcc -D_LIBCPP_HARDENING_MODE\=_LIBCPP_HARDENING_MODE_DEBUG -Xcc -ivfsstatcache -Xcc /Users/rogerlin/Library/Developer/Xcode/DerivedData/SDKStatCaches.noindex/macosx26.1-25B74-3ae1261907bdadc328169391a47051a6.sdkstatcache -Xcc -I/Users/rogerlin/Library/Developer/Xcode/DerivedData/FinancialCalculatorKit-ackorybalcxbfocbkqsfdzcfkgmn/Build/Intermediates.noindex/FinancialCalculatorKit.build/Debug/FinancialCalculatorKit.build/swift-overrides.hmap -Xcc -iquote -Xcc /Users/rogerlin/Library/Developer/Xcode/DerivedData/FinancialCalculatorKit-ackorybalcxbfocbkqsfdzcfkgmn/Build/Intermediates.noindex/FinancialCalculatorKit.build/Debug/FinancialCalculatorKit.build/FinancialCalculatorKit-generated-files.hmap -Xcc -I/Users/rogerlin/Library/Developer/Xcode/DerivedData/FinancialCalculatorKit-ackorybalcxbfocbkqsfdzcfkgmn/Build/Intermediates.noindex/FinancialCalculatorKit.build/Debug/FinancialCalculatorKit.build/FinancialCalculatorKit-own-target-headers.hmap -Xcc -I/Users/rogerlin/Library/Developer/Xcode/DerivedData/FinancialCalculatorKit-ackorybalcxbfocbkqsfdzcfkgmn/Build/Intermediates.noindex/FinancialCalculatorKit.build/Debug/FinancialCalculatorKit.build/FinancialCalculatorKit-all-non-framework-target-headers.hmap -Xcc -ivfsoverlay -Xcc /Users/rogerlin/Library/Developer/Xcode/DerivedData/FinancialCalculatorKit-ackorybalcxbfocbkqsfdzcfkgmn/Build/Intermediates.noindex/FinancialCalculatorKit.build/Debug/FinancialCalculatorKit-b796aaad08c4b307251b75ea7c01aae2-VFS/all-product-headers.yaml -Xcc -iquote -Xcc /Users/rogerlin/Library/Developer/Xcode/DerivedData/FinancialCalculatorKit-ackorybalcxbfocbkqsfdzcfkgmn/Build/Intermediates.noindex/FinancialCalculatorKit.build/Debug/FinancialCalculatorKit.build/FinancialCalculatorKit-project-headers.hmap -Xcc -I/Users/rogerlin/Library/Developer/Xcode/DerivedData/FinancialCalculatorKit-ackorybalcxbfocbkqsfdzcfkgmn/SourcePackages/checkouts/swift-numerics/Sources/_NumericsShims/include -Xcc -I/Users/rogerlin/Library/Developer/Xcode/DerivedData/FinancialCalculatorKit-ackorybalcxbfocbkqsfdzcfkgmn/Build/Products/Debug/include -Xcc -I/Users/rogerlin/Library/Developer/Xcode/DerivedData/FinancialCalculatorKit-ackorybalcxbfocbkqsfdzcfkgmn/Build/Intermediates.noindex/FinancialCalculatorKit.build/Debug/FinancialCalculatorKit.build/DerivedSources-normal/arm64 -Xcc -I/Users/rogerlin/Library/Developer/Xcode/DerivedData/FinancialCalculatorKit-ackorybalcxbfocbkqsfdzcfkgmn/Build/Intermediates.noindex/FinancialCalculatorKit.build/Debug/FinancialCalculatorKit.build/DerivedSources/arm64 -Xcc -I/Users/rogerlin/Library/Developer/Xcode/DerivedData/FinancialCalculatorKit-ackorybalcxbfocbkqsfdzcfkgmn/Build/Intermediates.noindex/FinancialCalculatorKit.build/Debug/FinancialCalculatorKit.build/DerivedSources -Xcc -DDEBUG\=1 -no-auto-bridging-header-chaining -module-name FinancialCalculatorKit -frontend-parseable-output -disable-clang-spi -target-sdk-version 26.1 -target-sdk-name macosx26.1 -clang-target arm64-apple-macos26.1 -in-process-plugin-server-path /Applications/Xcode.app/Contents/Developer/Toolchains/XcodeDefault.xctoolchain/usr/lib/swift/host/libSwiftInProcPluginServer.dylib -o /Users/rogerlin/Library/Developer/Xcode/DerivedData/FinancialCalculatorKit-ackorybalcxbfocbkqsfdzcfkgmn/Build/Intermediates.noindex/FinancialCalculatorKit.build/Debug/FinancialCalculatorKit.build/Objects-normal/arm64/FixedIncomeAnalyticsView.o -o /Users/rogerlin/Library/Developer/Xcode/DerivedData/FinancialCalculatorKit-ackorybalcxbfocbkqsfdzcfkgmn/Build/Intermediates.noindex/FinancialCalculatorKit.build/Debug/FinancialCalculatorKit.build/Objects-normal/arm64/FormulaLibraryView.o -o /Users/rogerlin/Library/Developer/Xcode/DerivedData/FinancialCalculatorKit-ackorybalcxbfocbkqsfdzcfkgmn/Build/Intermediates.noindex/FinancialCalculatorKit.build/Debug/FinancialCalculatorKit.build/Objects-normal/arm64/ForwardsCalculatorView.o -index-unit-output-path /FinancialCalculatorKit.build/Debug/FinancialCalculatorKit.build/Objects-normal/arm64/FixedIncomeAnalyticsView.o -index-unit-output-path /FinancialCalculatorKit.build/Debug/FinancialCalculatorKit.build/Objects-normal/arm64/FormulaLibraryView.o -index-unit-output-path /FinancialCalculatorKit.build/Debug/FinancialCalculatorKit.build/Objects-normal/arm64/ForwardsCalculatorView.o -index-store-path /Users/rogerlin/Library/Developer/Xcode/DerivedData/FinancialCalculatorKit-ackorybalcxbfocbkqsfdzcfkgmn/Index.noindex/DataStore -index-system-modules
SwiftCompile normal arm64 Compiling\ FuturesCalculatorView.swift,\ FutureValueView.swift,\ HighPrecisionCalculatorView.swift /Users/rogerlin/XCode-Projects/FinancialCalculatorKit-5.0-updated-accent-colors/FinancialCalculatorKit/Views/Calculator/FuturesCalculatorView.swift /Users/rogerlin/XCode-Projects/FinancialCalculatorKit-5.0-updated-accent-colors/FinancialCalculatorKit/Views/Calculator/FutureValueView.swift /Users/rogerlin/XCode-Projects/FinancialCalculatorKit-5.0-updated-accent-colors/FinancialCalculatorKit/Views/Calculator/HighPrecisionCalculatorView.swift (in target 'FinancialCalculatorKit' from project 'FinancialCalculatorKit')
/Applications/Xcode.app/Contents/Developer/Toolchains/XcodeDefault.xctoolchain/usr/bin/swift-frontend -frontend -c /Users/rogerlin/XCode-Projects/FinancialCalculatorKit-5.0-updated-accent-colors/FinancialCalculatorKit/Models/Bond/AdvancedBondModels.swift /Users/rogerlin/XCode-Projects/FinancialCalculatorKit-5.0-updated-accent-colors/FinancialCalculatorKit/Models/Bond/YieldCurveTypes.swift /Users/rogerlin/XCode-Projects/FinancialCalculatorKit-5.0-updated-accent-colors/FinancialCalculatorKit/Models/Calculation/BondCalculation.swift /Users/rogerlin/XCode-Projects/FinancialCalculatorKit-5.0-updated-accent-colors/FinancialCalculatorKit/Models/Calculation/CalculationMetadata.swift /Users/rogerlin/XCode-Projects/FinancialCalculatorKit-5.0-updated-accent-colors/FinancialCalculatorKit/Models/Calculation/DepreciationCalculation.swift /Users/rogerlin/XCode-Projects/FinancialCalculatorKit-5.0-updated-accent-colors/FinancialCalculatorKit/Models/Calculation/FinancialCalculation.swift /Users/rogerlin/XCode-Projects/FinancialCalculatorKit-5.0-updated-accent-colors/FinancialCalculatorKit/Models/Calculation/InvestmentCalculation.swift /Users/rogerlin/XCode-Projects/FinancialCalculatorKit-5.0-updated-accent-colors/FinancialCalculatorKit/Models/Calculation/LoanCalculation.swift /Users/rogerlin/XCode-Projects/FinancialCalculatorKit-5.0-updated-accent-colors/FinancialCalculatorKit/Models/Calculation/TimeValueCalculation.swift /Users/rogerlin/XCode-Projects/FinancialCalculatorKit-5.0-updated-accent-colors/FinancialCalculatorKit/Models/Enums/CalculationType.swift /Users/rogerlin/XCode-Projects/FinancialCalculatorKit-5.0-updated-accent-colors/FinancialCalculatorKit/Models/Enums/Currency.swift /Users/rogerlin/XCode-Projects/FinancialCalculatorKit-5.0-updated-accent-colors/FinancialCalculatorKit/Models/Enums/LoanType.swift /Users/rogerlin/XCode-Projects/FinancialCalculatorKit-5.0-updated-accent-colors/FinancialCalculatorKit/Models/Enums/PaymentFrequency.swift /Users/rogerlin/XCode-Projects/FinancialCalculatorKit-5.0-updated-accent-colors/FinancialCalculatorKit/Models/Enums/TimeValueVariable.swift /Users/rogerlin/XCode-Projects/FinancialCalculatorKit-5.0-updated-accent-colors/FinancialCalculatorKit/Models/Formula/FormulaReference.swift /Users/rogerlin/XCode-Projects/FinancialCalculatorKit-5.0-updated-accent-colors/FinancialCalculatorKit/Models/FRED/FREDModels.swift /Users/rogerlin/XCode-Projects/FinancialCalculatorKit-5.0-updated-accent-colors/FinancialCalculatorKit/Models/Options/AdvancedOptionsModels.swift /Users/rogerlin/XCode-Projects/FinancialCalculatorKit-5.0-updated-accent-colors/FinancialCalculatorKit/Models/ScientificCalculator/EquationDocument.swift /Users/rogerlin/XCode-Projects/FinancialCalculatorKit-5.0-updated-accent-colors/FinancialCalculatorKit/Models/ScientificCalculator/VariableStore.swift /Users/rogerlin/XCode-Projects/FinancialCalculatorKit-5.0-updated-accent-colors/FinancialCalculatorKit/Protocols/FinancialComputable.swift /Users/rogerlin/XCode-Projects/FinancialCalculatorKit-5.0-updated-accent-colors/FinancialCalculatorKit/Services/Bond/AdvancedBondPricingEngine.swift /Users/rogerlin/XCode-Projects/FinancialCalculatorKit-5.0-updated-accent-colors/FinancialCalculatorKit/Services/Options/AdvancedOptionsPricingEngine.swift /Users/rogerlin/XCode-Projects/FinancialCalculatorKit-5.0-updated-accent-colors/FinancialCalculatorKit/Services/AdvancedExpressionParser.swift /Users/rogerlin/XCode-Projects/FinancialCalculatorKit-5.0-updated-accent-colors/FinancialCalculatorKit/Services/AdvancedIRRCalculator.swift /Users/rogerlin/XCode-Projects/FinancialCalculatorKit-5.0-updated-accent-colors/FinancialCalculatorKit/Services/AdvancedMathFunctions.swift /Users/rogerlin/XCode-Projects/FinancialCalculatorKit-5.0-updated-accent-colors/FinancialCalculatorKit/Services/CalculationEngine.swift /Users/rogerlin/XCode-Projects/FinancialCalculatorKit-5.0-updated-accent-colors/FinancialCalculatorKit/Services/CSVHelper.swift /Users/rogerlin/XCode-Projects/FinancialCalculatorKit-5.0-updated-accent-colors/FinancialCalculatorKit/Services/CurrencyConversionService.swift /Users/rogerlin/XCode-Projects/FinancialCalculatorKit-5.0-updated-accent-colors/FinancialCalculatorKit/Services/ExchangeRateService.swift /Users/rogerlin/XCode-Projects/FinancialCalculatorKit-5.0-updated-accent-colors/FinancialCalculatorKit/Services/FinancialCalculator.swift /Users/rogerlin/XCode-Projects/FinancialCalculatorKit-5.0-updated-accent-colors/FinancialCalculatorKit/Services/FinancialValidation.swift /Users/rogerlin/XCode-Projects/FinancialCalculatorKit-5.0-updated-accent-colors/FinancialCalculatorKit/Services/FormulaAutoComplete.swift /Users/rogerlin/XCode-Projects/FinancialCalculatorKit-5.0-updated-accent-colors/FinancialCalculatorKit/Services/FREDService.swift /Users/rogerlin/XCode-Projects/FinancialCalculatorKit-5.0-updated-accent-colors/FinancialCalculatorKit/Services/HighPrecisionMath.swift /Users/rogerlin/XCode-Projects/FinancialCalculatorKit-5.0-updated-accent-colors/FinancialCalculatorKit/Services/HighPrecisionTestSuite.swift /Users/rogerlin/XCode-Projects/FinancialCalculatorKit-5.0-updated-accent-colors/FinancialCalculatorKit/Services/HighPrecisionValidation.swift /Users/rogerlin/XCode-Projects/FinancialCalculatorKit-5.0-updated-accent-colors/FinancialCalculatorKit/Services/TickerHistoryService.swift /Users/rogerlin/XCode-Projects/FinancialCalculatorKit-5.0-updated-accent-colors/FinancialCalculatorKit/Services/ValidationExtensions.swift /Users/rogerlin/XCode-Projects/FinancialCalculatorKit-5.0-updated-accent-colors/FinancialCalculatorKit/Services/ValidationService.swift /Users/rogerlin/XCode-Projects/FinancialCalculatorKit-5.0-updated-accent-colors/FinancialCalculatorKit/Services/ValidationTestSuite.swift /Users/rogerlin/XCode-Projects/FinancialCalculatorKit-5.0-updated-accent-colors/FinancialCalculatorKit/Utilities/Extensions/Date+Financial.swift /Users/rogerlin/XCode-Projects/FinancialCalculatorKit-5.0-updated-accent-colors/FinancialCalculatorKit/Utilities/Extensions/Double+Financial.swift /Users/rogerlin/XCode-Projects/FinancialCalculatorKit-5.0-updated-accent-colors/FinancialCalculatorKit/Utilities/CashFlowsTransformer.swift /Users/rogerlin/XCode-Projects/FinancialCalculatorKit-5.0-updated-accent-colors/FinancialCalculatorKit/Utilities/Formatters.swift /Users/rogerlin/XCode-Projects/FinancialCalculatorKit-5.0-updated-accent-colors/FinancialCalculatorKit/ViewHelpers/FormulaViewHelper.swift /Users/rogerlin/XCode-Projects/FinancialCalculatorKit-5.0-updated-accent-colors/FinancialCalculatorKit/ViewModels/MainViewModel.swift /Users/rogerlin/XCode-Projects/FinancialCalculatorKit-5.0-updated-accent-colors/FinancialCalculatorKit/Views/Calculator/AdvancedBondCalculatorView.swift /Users/rogerlin/XCode-Projects/FinancialCalculatorKit-5.0-updated-accent-colors/FinancialCalculatorKit/Views/Calculator/AmortizationView.swift /Users/rogerlin/XCode-Projects/FinancialCalculatorKit-5.0-updated-accent-colors/FinancialCalculatorKit/Views/Calculator/BondCalculatorView.swift /Users/rogerlin/XCode-Projects/FinancialCalculatorKit-5.0-updated-accent-colors/FinancialCalculatorKit/Views/Calculator/CompactCalculatorView.swift /Users/rogerlin/XCode-Projects/FinancialCalculatorKit-5.0-updated-accent-colors/FinancialCalculatorKit/Views/Calculator/CurrencyConverterView.swift /Users/rogerlin/XCode-Projects/FinancialCalculatorKit-5.0-updated-accent-colors/FinancialCalculatorKit/Views/Calculator/CustomScientificKeyboard.swift /Users/rogerlin/XCode-Projects/FinancialCalculatorKit-5.0-updated-accent-colors/FinancialCalculatorKit/Views/Calculator/DepreciationCalculatorView.swift /Users/rogerlin/XCode-Projects/FinancialCalculatorKit-5.0-updated-accent-colors/FinancialCalculatorKit/Views/Calculator/DocumentListView.swift /Users/rogerlin/XCode-Projects/FinancialCalculatorKit-5.0-updated-accent-colors/FinancialCalculatorKit/Views/Calculator/EquityValuationView.swift /Users/rogerlin/XCode-Projects/FinancialCalculatorKit-5.0-updated-accent-colors/FinancialCalculatorKit/Views/Calculator/FixedIncomeAnalyticsView.swift /Users/rogerlin/XCode-Projects/FinancialCalculatorKit-5.0-updated-accent-colors/FinancialCalculatorKit/Views/Calculator/FormulaLibraryView.swift /Users/rogerlin/XCode-Projects/FinancialCalculatorKit-5.0-updated-accent-colors/FinancialCalculatorKit/Views/Calculator/ForwardsCalculatorView.swift -primary-file /Users/rogerlin/XCode-Projects/FinancialCalculatorKit-5.0-updated-accent-colors/FinancialCalculatorKit/Views/Calculator/FuturesCalculatorView.swift -primary-file /Users/rogerlin/XCode-Projects/FinancialCalculatorKit-5.0-updated-accent-colors/FinancialCalculatorKit/Views/Calculator/FutureValueView.swift -primary-file /Users/rogerlin/XCode-Projects/FinancialCalculatorKit-5.0-updated-accent-colors/FinancialCalculatorKit/Views/Calculator/HighPrecisionCalculatorView.swift /Users/rogerlin/XCode-Projects/FinancialCalculatorKit-5.0-updated-accent-colors/FinancialCalculatorKit/Views/Calculator/InvestmentCalculatorView.swift /Users/rogerlin/XCode-Projects/FinancialCalculatorKit-5.0-updated-accent-colors/FinancialCalculatorKit/Views/Calculator/LoanCalculatorView.swift /Users/rogerlin/XCode-Projects/FinancialCalculatorKit-5.0-updated-accent-colors/FinancialCalculatorKit/Views/Calculator/LoanResultView.swift /Users/rogerlin/XCode-Projects/FinancialCalculatorKit-5.0-updated-accent-colors/FinancialCalculatorKit/Views/Calculator/MathExpressionCalculatorView.swift /Users/rogerlin/XCode-Projects/FinancialCalculatorKit-5.0-updated-accent-colors/FinancialCalculatorKit/Views/Calculator/OptionsCalculatorView.swift /Users/rogerlin/XCode-Projects/FinancialCalculatorKit-5.0-updated-accent-colors/FinancialCalculatorKit/Views/Calculator/OptionsStrategiesView.swift /Users/rogerlin/XCode-Projects/FinancialCalculatorKit-5.0-updated-accent-colors/FinancialCalculatorKit/Views/Calculator/PlaceholderViews.swift /Users/rogerlin/XCode-Projects/FinancialCalculatorKit-5.0-updated-accent-colors/FinancialCalculatorKit/Views/Calculator/PortfolioOptimizationView.swift /Users/rogerlin/XCode-Projects/FinancialCalculatorKit-5.0-updated-accent-colors/FinancialCalculatorKit/Views/Calculator/PrecisionDemoView.swift /Users/rogerlin/XCode-Projects/FinancialCalculatorKit-5.0-updated-accent-colors/FinancialCalculatorKit/Views/Calculator/RiskManagementView.swift /Users/rogerlin/XCode-Projects/FinancialCalculatorKit-5.0-updated-accent-colors/FinancialCalculatorKit/Views/Calculator/ScientificCalculatorView.swift /Users/rogerlin/XCode-Projects/FinancialCalculatorKit-5.0-updated-accent-colors/FinancialCalculatorKit/Views/Calculator/SwapsCalculatorView.swift /Users/rogerlin/XCode-Projects/FinancialCalculatorKit-5.0-updated-accent-colors/FinancialCalculatorKit/Views/Calculator/TemplateViews.swift /Users/rogerlin/XCode-Projects/FinancialCalculatorKit-5.0-updated-accent-colors/FinancialCalculatorKit/Views/Calculator/TickerHistoryView.swift /Users/rogerlin/XCode-Projects/FinancialCalculatorKit-5.0-updated-accent-colors/FinancialCalculatorKit/Views/Calculator/TimeValueCalculatorView.swift /Users/rogerlin/XCode-Projects/FinancialCalculatorKit-5.0-updated-accent-colors/FinancialCalculatorKit/Views/Calculator/TimeValueResultView.swift /Users/rogerlin/XCode-Projects/FinancialCalculatorKit-5.0-updated-accent-colors/FinancialCalculatorKit/Views/Calculator/UnitConverterView.swift /Users/rogerlin/XCode-Projects/FinancialCalculatorKit-5.0-updated-accent-colors/FinancialCalculatorKit/Views/Calculator/VariableManagementView.swift /Users/rogerlin/XCode-Projects/FinancialCalculatorKit-5.0-updated-accent-colors/FinancialCalculatorKit/Views/Charts/FinancialChartView.swift /Users/rogerlin/XCode-Projects/FinancialCalculatorKit-5.0-updated-accent-colors/FinancialCalculatorKit/Views/Charts/InteractiveFinancialCharts.swift /Users/rogerlin/XCode-Projects/FinancialCalculatorKit-5.0-updated-accent-colors/FinancialCalculatorKit/Views/Components/DetailRow.swift /Users/rogerlin/XCode-Projects/FinancialCalculatorKit-5.0-updated-accent-colors/FinancialCalculatorKit/Views/Components/DynamicInputSection.swift /Users/rogerlin/XCode-Projects/FinancialCalculatorKit-5.0-updated-accent-colors/FinancialCalculatorKit/Views/Components/EnhancedInputFields.swift /Users/rogerlin/XCode-Projects/FinancialCalculatorKit-5.0-updated-accent-colors/FinancialCalculatorKit/Views/Components/FinancialStyles.swift /Users/rogerlin/XCode-Projects/FinancialCalculatorKit-5.0-updated-accent-colors/FinancialCalculatorKit/Views/Components/InputFieldView.swift /Users/rogerlin/XCode-Projects/FinancialCalculatorKit-5.0-updated-accent-colors/FinancialCalculatorKit/Views/Components/InteractiveDataTables.swift /Users/rogerlin/XCode-Projects/FinancialCalculatorKit-5.0-updated-accent-colors/FinancialCalculatorKit/Views/Components/LoadingResultView.swift /Users/rogerlin/XCode-Projects/FinancialCalculatorKit-5.0-updated-accent-colors/FinancialCalculatorKit/Views/Components/NumbersOnlyViewModifier.swift /Users/rogerlin/XCode-Projects/FinancialCalculatorKit-5.0-updated-accent-colors/FinancialCalculatorKit/Views/Components/ResultDisplayView.swift /Users/rogerlin/XCode-Projects/FinancialCalculatorKit-5.0-updated-accent-colors/FinancialCalculatorKit/Views/Components/StatusIndicator.swift /Users/rogerlin/XCode-Projects/FinancialCalculatorKit-5.0-updated-accent-colors/FinancialCalculatorKit/Views/Components/ValidationSummaryView.swift /Users/rogerlin/XCode-Projects/FinancialCalculatorKit-5.0-updated-accent-colors/FinancialCalculatorKit/Views/FRED/FREDDataView.swift /Users/rogerlin/XCode-Projects/FinancialCalculatorKit-5.0-updated-accent-colors/FinancialCalculatorKit/Views/Reference/FormulaReferenceView.swift /Users/rogerlin/XCode-Projects/FinancialCalculatorKit-5.0-updated-accent-colors/FinancialCalculatorKit/Views/Reference/FormulaVariableView.swift /Users/rogerlin/XCode-Projects/FinancialCalculatorKit-5.0-updated-accent-colors/FinancialCalculatorKit/Views/Reference/FormulaVariantView.swift /Users/rogerlin/XCode-Projects/FinancialCalculatorKit-5.0-updated-accent-colors/FinancialCalculatorKit/ContentView.swift /Users/rogerlin/XCode-Projects/FinancialCalculatorKit-5.0-updated-accent-colors/FinancialCalculatorKit/FinancialCalculatorKitApp.swift /Users/rogerlin/XCode-Projects/FinancialCalculatorKit-5.0-updated-accent-colors/FinancialCalculatorKit/Item.swift /Users/rogerlin/Library/Developer/Xcode/DerivedData/FinancialCalculatorKit-ackorybalcxbfocbkqsfdzcfkgmn/Build/Intermediates.noindex/FinancialCalculatorKit.build/Debug/FinancialCalculatorKit.build/DerivedSources/GeneratedAssetSymbols.swift -supplementary-output-file-map /Users/rogerlin/Library/Developer/Xcode/DerivedData/FinancialCalculatorKit-ackorybalcxbfocbkqsfdzcfkgmn/Build/Intermediates.noindex/FinancialCalculatorKit.build/Debug/FinancialCalculatorKit.build/Objects-normal/arm64/supplementaryOutputs-3 -emit-localized-strings -emit-localized-strings-path /Users/rogerlin/Library/Developer/Xcode/DerivedData/FinancialCalculatorKit-ackorybalcxbfocbkqsfdzcfkgmn/Build/Intermediates.noindex/FinancialCalculatorKit.build/Debug/FinancialCalculatorKit.build/Objects-normal/arm64 -target arm64-apple-macos14.0 -module-can-import-version AppKit 2685.20.119 2685.20.119 -module-can-import-version DeveloperToolsSupport 23.0.4 23.0.4 -module-can-import-version SwiftUI 7.1.13.1 7.1.13 -disable-cross-import-overlay-search -swift-module-cross-import SwiftData /Applications/Xcode.app/Contents/Developer/Platforms/MacOSX.platform/Developer/SDKs/MacOSX26.1.sdk/System/Library/Frameworks/SwiftData.framework/Modules/SwiftData.swiftcrossimport/CoreData.swiftoverlay -swift-module-cross-import SwiftData /Applications/Xcode.app/Contents/Developer/Platforms/MacOSX.platform/Developer/SDKs/MacOSX26.1.sdk/System/Library/Frameworks/SwiftData.framework/Modules/SwiftData.swiftcrossimport/SwiftUI.swiftoverlay -load-resolved-plugin \#/Users/rogerlin/Library/Developer/Xcode/DerivedData/FinancialCalculatorKit-ackorybalcxbfocbkqsfdzcfkgmn/Build/Products/Debug/CasePathsMacros\#CasePathsMacros -load-resolved-plugin /Applications/Xcode.app/Contents/Developer/Platforms/MacOSX.platform/Developer/usr/lib/swift/host/plugins/libFoundationMacros.dylib\#/Applications/Xcode.app/Contents/Developer/Platforms/MacOSX.platform/Developer/usr/bin/swift-plugin-server\#FoundationMacros -load-resolved-plugin /Applications/Xcode.app/Contents/Developer/Platforms/MacOSX.platform/Developer/usr/lib/swift/host/plugins/libObservationMacros.dylib\#/Applications/Xcode.app/Contents/Developer/Platforms/MacOSX.platform/Developer/usr/bin/swift-plugin-server\#ObservationMacros -load-resolved-plugin /Applications/Xcode.app/Contents/Developer/Platforms/MacOSX.platform/Developer/usr/lib/swift/host/plugins/libPreviewsMacros.dylib\#/Applications/Xcode.app/Contents/Developer/Platforms/MacOSX.platform/Developer/usr/bin/swift-plugin-server\#PreviewsMacros -load-resolved-plugin /Applications/Xcode.app/Contents/Developer/Platforms/MacOSX.platform/Developer/usr/lib/swift/host/plugins/libSwiftDataMacros.dylib\#/Applications/Xcode.app/Contents/Developer/Platforms/MacOSX.platform/Developer/usr/bin/swift-plugin-server\#SwiftDataMacros -load-resolved-plugin /Applications/Xcode.app/Contents/Developer/Platforms/MacOSX.platform/Developer/usr/lib/swift/host/plugins/libSwiftMacros.dylib\#/Applications/Xcode.app/Contents/Developer/Platforms/MacOSX.platform/Developer/usr/bin/swift-plugin-server\#SwiftMacros -load-resolved-plugin /Applications/Xcode.app/Contents/Developer/Platforms/MacOSX.platform/Developer/usr/lib/swift/host/plugins/libSwiftUIMacros.dylib\#/Applications/Xcode.app/Contents/Developer/Platforms/MacOSX.platform/Developer/usr/bin/swift-plugin-server\#SwiftUIMacros -disable-implicit-swift-modules -Xcc -fno-implicit-modules -Xcc -fno-implicit-module-maps -explicit-swift-module-map-file /Users/rogerlin/Library/Developer/Xcode/DerivedData/FinancialCalculatorKit-ackorybalcxbfocbkqsfdzcfkgmn/Build/Intermediates.noindex/FinancialCalculatorKit.build/Debug/FinancialCalculatorKit.build/Objects-normal/arm64/FinancialCalculatorKit-dependencies-1.json -Xllvm -aarch64-use-tbi -enable-objc-interop -stack-check -sdk /Applications/Xcode.app/Contents/Developer/Platforms/MacOSX.platform/Developer/SDKs/MacOSX26.1.sdk -I /Users/rogerlin/Library/Developer/Xcode/DerivedData/FinancialCalculatorKit-ackorybalcxbfocbkqsfdzcfkgmn/Build/Products/Debug -F /Users/rogerlin/Library/Developer/Xcode/DerivedData/FinancialCalculatorKit-ackorybalcxbfocbkqsfdzcfkgmn/Build/Products/Debug/PackageFrameworks -F /Users/rogerlin/Library/Developer/Xcode/DerivedData/FinancialCalculatorKit-ackorybalcxbfocbkqsfdzcfkgmn/Build/Products/Debug/PackageFrameworks -F /Users/rogerlin/Library/Developer/Xcode/DerivedData/FinancialCalculatorKit-ackorybalcxbfocbkqsfdzcfkgmn/Build/Products/Debug/PackageFrameworks -F /Users/rogerlin/Library/Developer/Xcode/DerivedData/FinancialCalculatorKit-ackorybalcxbfocbkqsfdzcfkgmn/Build/Products/Debug/PackageFrameworks -F /Users/rogerlin/Library/Developer/Xcode/DerivedData/FinancialCalculatorKit-ackorybalcxbfocbkqsfdzcfkgmn/Build/Products/Debug/PackageFrameworks -F /Users/rogerlin/Library/Developer/Xcode/DerivedData/FinancialCalculatorKit-ackorybalcxbfocbkqsfdzcfkgmn/Build/Products/Debug/PackageFrameworks -F /Users/rogerlin/Library/Developer/Xcode/DerivedData/FinancialCalculatorKit-ackorybalcxbfocbkqsfdzcfkgmn/Build/Products/Debug/PackageFrameworks -F /Users/rogerlin/Library/Developer/Xcode/DerivedData/FinancialCalculatorKit-ackorybalcxbfocbkqsfdzcfkgmn/Build/Products/Debug/PackageFrameworks -F /Users/rogerlin/Library/Developer/Xcode/DerivedData/FinancialCalculatorKit-ackorybalcxbfocbkqsfdzcfkgmn/Build/Products/Debug/PackageFrameworks -F /Users/rogerlin/Library/Developer/Xcode/DerivedData/FinancialCalculatorKit-ackorybalcxbfocbkqsfdzcfkgmn/Build/Products/Debug/PackageFrameworks -F /Users/rogerlin/Library/Developer/Xcode/DerivedData/FinancialCalculatorKit-ackorybalcxbfocbkqsfdzcfkgmn/Build/Products/Debug/PackageFrameworks -F /Users/rogerlin/Library/Developer/Xcode/DerivedData/FinancialCalculatorKit-ackorybalcxbfocbkqsfdzcfkgmn/Build/Products/Debug/PackageFrameworks -F /Users/rogerlin/Library/Developer/Xcode/DerivedData/FinancialCalculatorKit-ackorybalcxbfocbkqsfdzcfkgmn/Build/Products/Debug/PackageFrameworks -F /Users/rogerlin/Library/Developer/Xcode/DerivedData/FinancialCalculatorKit-ackorybalcxbfocbkqsfdzcfkgmn/Build/Products/Debug/PackageFrameworks -F /Users/rogerlin/Library/Developer/Xcode/DerivedData/FinancialCalculatorKit-ackorybalcxbfocbkqsfdzcfkgmn/Build/Products/Debug/PackageFrameworks -F /Users/rogerlin/Library/Developer/Xcode/DerivedData/FinancialCalculatorKit-ackorybalcxbfocbkqsfdzcfkgmn/Build/Products/Debug/PackageFrameworks -F /Users/rogerlin/Library/Developer/Xcode/DerivedData/FinancialCalculatorKit-ackorybalcxbfocbkqsfdzcfkgmn/Build/Products/Debug/PackageFrameworks -F /Users/rogerlin/Library/Developer/Xcode/DerivedData/FinancialCalculatorKit-ackorybalcxbfocbkqsfdzcfkgmn/Build/Products/Debug/PackageFrameworks -F /Users/rogerlin/Library/Developer/Xcode/DerivedData/FinancialCalculatorKit-ackorybalcxbfocbkqsfdzcfkgmn/Build/Products/Debug/PackageFrameworks -F /Users/rogerlin/Library/Developer/Xcode/DerivedData/FinancialCalculatorKit-ackorybalcxbfocbkqsfdzcfkgmn/Build/Products/Debug -no-color-diagnostics -Xcc -fno-color-diagnostics -enable-testing -g -debug-info-format\=dwarf -dwarf-version\=4 -module-cache-path /Users/rogerlin/Library/Developer/Xcode/DerivedData/FinancialCalculatorKit-ackorybalcxbfocbkqsfdzcfkgmn/Build/Intermediates.noindex/SwiftExplicitPrecompiledModules -profile-generate -profile-coverage-mapping -swift-version 5 -enforce-exclusivity\=checked -Onone -D DEBUG -serialize-debugging-options -load-plugin-executable /Users/rogerlin/Library/Developer/Xcode/DerivedData/FinancialCalculatorKit-ackorybalcxbfocbkqsfdzcfkgmn/Build/Products/Debug/CasePathsMacros\#CasePathsMacros -const-gather-protocols-file /Users/rogerlin/Library/Developer/Xcode/DerivedData/FinancialCalculatorKit-ackorybalcxbfocbkqsfdzcfkgmn/Build/Intermediates.noindex/FinancialCalculatorKit.build/Debug/FinancialCalculatorKit.build/Objects-normal/arm64/FinancialCalculatorKit_const_extract_protocols.json -enable-experimental-feature DebugDescriptionMacro -enable-bare-slash-regex -empty-abi-descriptor -validate-clang-modules-once -clang-build-session-file /Users/rogerlin/Library/Developer/Xcode/DerivedData/ModuleCache.noindex/Session.modulevalidation -Xcc -working-directory -Xcc /Users/rogerlin/XCode-Projects/FinancialCalculatorKit-5.0-updated-accent-colors -enable-anonymous-context-mangled-names -file-compilation-dir /Users/rogerlin/XCode-Projects/FinancialCalculatorKit-5.0-updated-accent-colors -Xcc -D_LIBCPP_HARDENING_MODE\=_LIBCPP_HARDENING_MODE_DEBUG -Xcc -ivfsstatcache -Xcc /Users/rogerlin/Library/Developer/Xcode/DerivedData/SDKStatCaches.noindex/macosx26.1-25B74-3ae1261907bdadc328169391a47051a6.sdkstatcache -Xcc -I/Users/rogerlin/Library/Developer/Xcode/DerivedData/FinancialCalculatorKit-ackorybalcxbfocbkqsfdzcfkgmn/Build/Intermediates.noindex/FinancialCalculatorKit.build/Debug/FinancialCalculatorKit.build/swift-overrides.hmap -Xcc -iquote -Xcc /Users/rogerlin/Library/Developer/Xcode/DerivedData/FinancialCalculatorKit-ackorybalcxbfocbkqsfdzcfkgmn/Build/Intermediates.noindex/FinancialCalculatorKit.build/Debug/FinancialCalculatorKit.build/FinancialCalculatorKit-generated-files.hmap -Xcc -I/Users/rogerlin/Library/Developer/Xcode/DerivedData/FinancialCalculatorKit-ackorybalcxbfocbkqsfdzcfkgmn/Build/Intermediates.noindex/FinancialCalculatorKit.build/Debug/FinancialCalculatorKit.build/FinancialCalculatorKit-own-target-headers.hmap -Xcc -I/Users/rogerlin/Library/Developer/Xcode/DerivedData/FinancialCalculatorKit-ackorybalcxbfocbkqsfdzcfkgmn/Build/Intermediates.noindex/FinancialCalculatorKit.build/Debug/FinancialCalculatorKit.build/FinancialCalculatorKit-all-non-framework-target-headers.hmap -Xcc -ivfsoverlay -Xcc /Users/rogerlin/Library/Developer/Xcode/DerivedData/FinancialCalculatorKit-ackorybalcxbfocbkqsfdzcfkgmn/Build/Intermediates.noindex/FinancialCalculatorKit.build/Debug/FinancialCalculatorKit-b796aaad08c4b307251b75ea7c01aae2-VFS/all-product-headers.yaml -Xcc -iquote -Xcc /Users/rogerlin/Library/Developer/Xcode/DerivedData/FinancialCalculatorKit-ackorybalcxbfocbkqsfdzcfkgmn/Build/Intermediates.noindex/FinancialCalculatorKit.build/Debug/FinancialCalculatorKit.build/FinancialCalculatorKit-project-headers.hmap -Xcc -I/Users/rogerlin/Library/Developer/Xcode/DerivedData/FinancialCalculatorKit-ackorybalcxbfocbkqsfdzcfkgmn/SourcePackages/checkouts/swift-numerics/Sources/_NumericsShims/include -Xcc -I/Users/rogerlin/Library/Developer/Xcode/DerivedData/FinancialCalculatorKit-ackorybalcxbfocbkqsfdzcfkgmn/Build/Products/Debug/include -Xcc -I/Users/rogerlin/Library/Developer/Xcode/DerivedData/FinancialCalculatorKit-ackorybalcxbfocbkqsfdzcfkgmn/Build/Intermediates.noindex/FinancialCalculatorKit.build/Debug/FinancialCalculatorKit.build/DerivedSources-normal/arm64 -Xcc -I/Users/rogerlin/Library/Developer/Xcode/DerivedData/FinancialCalculatorKit-ackorybalcxbfocbkqsfdzcfkgmn/Build/Intermediates.noindex/FinancialCalculatorKit.build/Debug/FinancialCalculatorKit.build/DerivedSources/arm64 -Xcc -I/Users/rogerlin/Library/Developer/Xcode/DerivedData/FinancialCalculatorKit-ackorybalcxbfocbkqsfdzcfkgmn/Build/Intermediates.noindex/FinancialCalculatorKit.build/Debug/FinancialCalculatorKit.build/DerivedSources -Xcc -DDEBUG\=1 -no-auto-bridging-header-chaining -module-name FinancialCalculatorKit -frontend-parseable-output -disable-clang-spi -target-sdk-version 26.1 -target-sdk-name macosx26.1 -clang-target arm64-apple-macos26.1 -in-process-plugin-server-path /Applications/Xcode.app/Contents/Developer/Toolchains/XcodeDefault.xctoolchain/usr/lib/swift/host/libSwiftInProcPluginServer.dylib -o /Users/rogerlin/Library/Developer/Xcode/DerivedData/FinancialCalculatorKit-ackorybalcxbfocbkqsfdzcfkgmn/Build/Intermediates.noindex/FinancialCalculatorKit.build/Debug/FinancialCalculatorKit.build/Objects-normal/arm64/FuturesCalculatorView.o -o /Users/rogerlin/Library/Developer/Xcode/DerivedData/FinancialCalculatorKit-ackorybalcxbfocbkqsfdzcfkgmn/Build/Intermediates.noindex/FinancialCalculatorKit.build/Debug/FinancialCalculatorKit.build/Objects-normal/arm64/FutureValueView.o -o /Users/rogerlin/Library/Developer/Xcode/DerivedData/FinancialCalculatorKit-ackorybalcxbfocbkqsfdzcfkgmn/Build/Intermediates.noindex/FinancialCalculatorKit.build/Debug/FinancialCalculatorKit.build/Objects-normal/arm64/HighPrecisionCalculatorView.o -index-unit-output-path /FinancialCalculatorKit.build/Debug/FinancialCalculatorKit.build/Objects-normal/arm64/FuturesCalculatorView.o -index-unit-output-path /FinancialCalculatorKit.build/Debug/FinancialCalculatorKit.build/Objects-normal/arm64/FutureValueView.o -index-unit-output-path /FinancialCalculatorKit.build/Debug/FinancialCalculatorKit.build/Objects-normal/arm64/HighPrecisionCalculatorView.o -index-store-path /Users/rogerlin/Library/Developer/Xcode/DerivedData/FinancialCalculatorKit-ackorybalcxbfocbkqsfdzcfkgmn/Index.noindex/DataStore -index-system-modules

SwiftCompile normal arm64 /Users/rogerlin/XCode-Projects/FinancialCalculatorKit-5.0-updated-accent-colors/FinancialCalculatorKit/Views/Calculator/FuturesCalculatorView.swift (in target 'FinancialCalculatorKit' from project 'FinancialCalculatorKit')
    cd /Users/rogerlin/XCode-Projects/FinancialCalculatorKit-5.0-updated-accent-colors
    

SwiftCompile normal arm64 /Users/rogerlin/XCode-Projects/FinancialCalculatorKit-5.0-updated-accent-colors/FinancialCalculatorKit/Views/Calculator/FutureValueView.swift (in target 'FinancialCalculatorKit' from project 'FinancialCalculatorKit')
    cd /Users/rogerlin/XCode-Projects/FinancialCalculatorKit-5.0-updated-accent-colors
    

SwiftCompile normal arm64 /Users/rogerlin/XCode-Projects/FinancialCalculatorKit-5.0-updated-accent-colors/FinancialCalculatorKit/Views/Calculator/HighPrecisionCalculatorView.swift (in target 'FinancialCalculatorKit' from project 'FinancialCalculatorKit')
    cd /Users/rogerlin/XCode-Projects/FinancialCalculatorKit-5.0-updated-accent-colors
    

SwiftCompile normal arm64 Compiling\ OptionsStrategiesView.swift,\ PlaceholderViews.swift /Users/rogerlin/XCode-Projects/FinancialCalculatorKit-5.0-updated-accent-colors/FinancialCalculatorKit/Views/Calculator/OptionsStrategiesView.swift /Users/rogerlin/XCode-Projects/FinancialCalculatorKit-5.0-updated-accent-colors/FinancialCalculatorKit/Views/Calculator/PlaceholderViews.swift (in target 'FinancialCalculatorKit' from project 'FinancialCalculatorKit')
/Applications/Xcode.app/Contents/Developer/Toolchains/XcodeDefault.xctoolchain/usr/bin/swift-frontend -frontend -c /Users/rogerlin/XCode-Projects/FinancialCalculatorKit-5.0-updated-accent-colors/FinancialCalculatorKit/Models/Bond/AdvancedBondModels.swift /Users/rogerlin/XCode-Projects/FinancialCalculatorKit-5.0-updated-accent-colors/FinancialCalculatorKit/Models/Bond/YieldCurveTypes.swift /Users/rogerlin/XCode-Projects/FinancialCalculatorKit-5.0-updated-accent-colors/FinancialCalculatorKit/Models/Calculation/BondCalculation.swift /Users/rogerlin/XCode-Projects/FinancialCalculatorKit-5.0-updated-accent-colors/FinancialCalculatorKit/Models/Calculation/CalculationMetadata.swift /Users/rogerlin/XCode-Projects/FinancialCalculatorKit-5.0-updated-accent-colors/FinancialCalculatorKit/Models/Calculation/DepreciationCalculation.swift /Users/rogerlin/XCode-Projects/FinancialCalculatorKit-5.0-updated-accent-colors/FinancialCalculatorKit/Models/Calculation/FinancialCalculation.swift /Users/rogerlin/XCode-Projects/FinancialCalculatorKit-5.0-updated-accent-colors/FinancialCalculatorKit/Models/Calculation/InvestmentCalculation.swift /Users/rogerlin/XCode-Projects/FinancialCalculatorKit-5.0-updated-accent-colors/FinancialCalculatorKit/Models/Calculation/LoanCalculation.swift /Users/rogerlin/XCode-Projects/FinancialCalculatorKit-5.0-updated-accent-colors/FinancialCalculatorKit/Models/Calculation/TimeValueCalculation.swift /Users/rogerlin/XCode-Projects/FinancialCalculatorKit-5.0-updated-accent-colors/FinancialCalculatorKit/Models/Enums/CalculationType.swift /Users/rogerlin/XCode-Projects/FinancialCalculatorKit-5.0-updated-accent-colors/FinancialCalculatorKit/Models/Enums/Currency.swift /Users/rogerlin/XCode-Projects/FinancialCalculatorKit-5.0-updated-accent-colors/FinancialCalculatorKit/Models/Enums/LoanType.swift /Users/rogerlin/XCode-Projects/FinancialCalculatorKit-5.0-updated-accent-colors/FinancialCalculatorKit/Models/Enums/PaymentFrequency.swift /Users/rogerlin/XCode-Projects/FinancialCalculatorKit-5.0-updated-accent-colors/FinancialCalculatorKit/Models/Enums/TimeValueVariable.swift /Users/rogerlin/XCode-Projects/FinancialCalculatorKit-5.0-updated-accent-colors/FinancialCalculatorKit/Models/Formula/FormulaReference.swift /Users/rogerlin/XCode-Projects/FinancialCalculatorKit-5.0-updated-accent-colors/FinancialCalculatorKit/Models/FRED/FREDModels.swift /Users/rogerlin/XCode-Projects/FinancialCalculatorKit-5.0-updated-accent-colors/FinancialCalculatorKit/Models/Options/AdvancedOptionsModels.swift /Users/rogerlin/XCode-Projects/FinancialCalculatorKit-5.0-updated-accent-colors/FinancialCalculatorKit/Models/ScientificCalculator/EquationDocument.swift /Users/rogerlin/XCode-Projects/FinancialCalculatorKit-5.0-updated-accent-colors/FinancialCalculatorKit/Models/ScientificCalculator/VariableStore.swift /Users/rogerlin/XCode-Projects/FinancialCalculatorKit-5.0-updated-accent-colors/FinancialCalculatorKit/Protocols/FinancialComputable.swift /Users/rogerlin/XCode-Projects/FinancialCalculatorKit-5.0-updated-accent-colors/FinancialCalculatorKit/Services/Bond/AdvancedBondPricingEngine.swift /Users/rogerlin/XCode-Projects/FinancialCalculatorKit-5.0-updated-accent-colors/FinancialCalculatorKit/Services/Options/AdvancedOptionsPricingEngine.swift /Users/rogerlin/XCode-Projects/FinancialCalculatorKit-5.0-updated-accent-colors/FinancialCalculatorKit/Services/AdvancedExpressionParser.swift /Users/rogerlin/XCode-Projects/FinancialCalculatorKit-5.0-updated-accent-colors/FinancialCalculatorKit/Services/AdvancedIRRCalculator.swift /Users/rogerlin/XCode-Projects/FinancialCalculatorKit-5.0-updated-accent-colors/FinancialCalculatorKit/Services/AdvancedMathFunctions.swift /Users/rogerlin/XCode-Projects/FinancialCalculatorKit-5.0-updated-accent-colors/FinancialCalculatorKit/Services/CalculationEngine.swift /Users/rogerlin/XCode-Projects/FinancialCalculatorKit-5.0-updated-accent-colors/FinancialCalculatorKit/Services/CSVHelper.swift /Users/rogerlin/XCode-Projects/FinancialCalculatorKit-5.0-updated-accent-colors/FinancialCalculatorKit/Services/CurrencyConversionService.swift /Users/rogerlin/XCode-Projects/FinancialCalculatorKit-5.0-updated-accent-colors/FinancialCalculatorKit/Services/ExchangeRateService.swift /Users/rogerlin/XCode-Projects/FinancialCalculatorKit-5.0-updated-accent-colors/FinancialCalculatorKit/Services/FinancialCalculator.swift /Users/rogerlin/XCode-Projects/FinancialCalculatorKit-5.0-updated-accent-colors/FinancialCalculatorKit/Services/FinancialValidation.swift /Users/rogerlin/XCode-Projects/FinancialCalculatorKit-5.0-updated-accent-colors/FinancialCalculatorKit/Services/FormulaAutoComplete.swift /Users/rogerlin/XCode-Projects/FinancialCalculatorKit-5.0-updated-accent-colors/FinancialCalculatorKit/Services/FREDService.swift /Users/rogerlin/XCode-Projects/FinancialCalculatorKit-5.0-updated-accent-colors/FinancialCalculatorKit/Services/HighPrecisionMath.swift /Users/rogerlin/XCode-Projects/FinancialCalculatorKit-5.0-updated-accent-colors/FinancialCalculatorKit/Services/HighPrecisionTestSuite.swift /Users/rogerlin/XCode-Projects/FinancialCalculatorKit-5.0-updated-accent-colors/FinancialCalculatorKit/Services/HighPrecisionValidation.swift /Users/rogerlin/XCode-Projects/FinancialCalculatorKit-5.0-updated-accent-colors/FinancialCalculatorKit/Services/TickerHistoryService.swift /Users/rogerlin/XCode-Projects/FinancialCalculatorKit-5.0-updated-accent-colors/FinancialCalculatorKit/Services/ValidationExtensions.swift /Users/rogerlin/XCode-Projects/FinancialCalculatorKit-5.0-updated-accent-colors/FinancialCalculatorKit/Services/ValidationService.swift /Users/rogerlin/XCode-Projects/FinancialCalculatorKit-5.0-updated-accent-colors/FinancialCalculatorKit/Services/ValidationTestSuite.swift /Users/rogerlin/XCode-Projects/FinancialCalculatorKit-5.0-updated-accent-colors/FinancialCalculatorKit/Utilities/Extensions/Date+Financial.swift /Users/rogerlin/XCode-Projects/FinancialCalculatorKit-5.0-updated-accent-colors/FinancialCalculatorKit/Utilities/Extensions/Double+Financial.swift /Users/rogerlin/XCode-Projects/FinancialCalculatorKit-5.0-updated-accent-colors/FinancialCalculatorKit/Utilities/CashFlowsTransformer.swift /Users/rogerlin/XCode-Projects/FinancialCalculatorKit-5.0-updated-accent-colors/FinancialCalculatorKit/Utilities/Formatters.swift /Users/rogerlin/XCode-Projects/FinancialCalculatorKit-5.0-updated-accent-colors/FinancialCalculatorKit/ViewHelpers/FormulaViewHelper.swift /Users/rogerlin/XCode-Projects/FinancialCalculatorKit-5.0-updated-accent-colors/FinancialCalculatorKit/ViewModels/MainViewModel.swift /Users/rogerlin/XCode-Projects/FinancialCalculatorKit-5.0-updated-accent-colors/FinancialCalculatorKit/Views/Calculator/AdvancedBondCalculatorView.swift /Users/rogerlin/XCode-Projects/FinancialCalculatorKit-5.0-updated-accent-colors/FinancialCalculatorKit/Views/Calculator/AmortizationView.swift /Users/rogerlin/XCode-Projects/FinancialCalculatorKit-5.0-updated-accent-colors/FinancialCalculatorKit/Views/Calculator/BondCalculatorView.swift /Users/rogerlin/XCode-Projects/FinancialCalculatorKit-5.0-updated-accent-colors/FinancialCalculatorKit/Views/Calculator/CompactCalculatorView.swift /Users/rogerlin/XCode-Projects/FinancialCalculatorKit-5.0-updated-accent-colors/FinancialCalculatorKit/Views/Calculator/CurrencyConverterView.swift /Users/rogerlin/XCode-Projects/FinancialCalculatorKit-5.0-updated-accent-colors/FinancialCalculatorKit/Views/Calculator/CustomScientificKeyboard.swift /Users/rogerlin/XCode-Projects/FinancialCalculatorKit-5.0-updated-accent-colors/FinancialCalculatorKit/Views/Calculator/DepreciationCalculatorView.swift /Users/rogerlin/XCode-Projects/FinancialCalculatorKit-5.0-updated-accent-colors/FinancialCalculatorKit/Views/Calculator/DocumentListView.swift /Users/rogerlin/XCode-Projects/FinancialCalculatorKit-5.0-updated-accent-colors/FinancialCalculatorKit/Views/Calculator/EquityValuationView.swift /Users/rogerlin/XCode-Projects/FinancialCalculatorKit-5.0-updated-accent-colors/FinancialCalculatorKit/Views/Calculator/FixedIncomeAnalyticsView.swift /Users/rogerlin/XCode-Projects/FinancialCalculatorKit-5.0-updated-accent-colors/FinancialCalculatorKit/Views/Calculator/FormulaLibraryView.swift /Users/rogerlin/XCode-Projects/FinancialCalculatorKit-5.0-updated-accent-colors/FinancialCalculatorKit/Views/Calculator/ForwardsCalculatorView.swift /Users/rogerlin/XCode-Projects/FinancialCalculatorKit-5.0-updated-accent-colors/FinancialCalculatorKit/Views/Calculator/FuturesCalculatorView.swift /Users/rogerlin/XCode-Projects/FinancialCalculatorKit-5.0-updated-accent-colors/FinancialCalculatorKit/Views/Calculator/FutureValueView.swift /Users/rogerlin/XCode-Projects/FinancialCalculatorKit-5.0-updated-accent-colors/FinancialCalculatorKit/Views/Calculator/HighPrecisionCalculatorView.swift /Users/rogerlin/XCode-Projects/FinancialCalculatorKit-5.0-updated-accent-colors/FinancialCalculatorKit/Views/Calculator/InvestmentCalculatorView.swift /Users/rogerlin/XCode-Projects/FinancialCalculatorKit-5.0-updated-accent-colors/FinancialCalculatorKit/Views/Calculator/LoanCalculatorView.swift /Users/rogerlin/XCode-Projects/FinancialCalculatorKit-5.0-updated-accent-colors/FinancialCalculatorKit/Views/Calculator/LoanResultView.swift /Users/rogerlin/XCode-Projects/FinancialCalculatorKit-5.0-updated-accent-colors/FinancialCalculatorKit/Views/Calculator/MathExpressionCalculatorView.swift /Users/rogerlin/XCode-Projects/FinancialCalculatorKit-5.0-updated-accent-colors/FinancialCalculatorKit/Views/Calculator/OptionsCalculatorView.swift -primary-file /Users/rogerlin/XCode-Projects/FinancialCalculatorKit-5.0-updated-accent-colors/FinancialCalculatorKit/Views/Calculator/OptionsStrategiesView.swift -primary-file /Users/rogerlin/XCode-Projects/FinancialCalculatorKit-5.0-updated-accent-colors/FinancialCalculatorKit/Views/Calculator/PlaceholderViews.swift /Users/rogerlin/XCode-Projects/FinancialCalculatorKit-5.0-updated-accent-colors/FinancialCalculatorKit/Views/Calculator/PortfolioOptimizationView.swift /Users/rogerlin/XCode-Projects/FinancialCalculatorKit-5.0-updated-accent-colors/FinancialCalculatorKit/Views/Calculator/PrecisionDemoView.swift /Users/rogerlin/XCode-Projects/FinancialCalculatorKit-5.0-updated-accent-colors/FinancialCalculatorKit/Views/Calculator/RiskManagementView.swift /Users/rogerlin/XCode-Projects/FinancialCalculatorKit-5.0-updated-accent-colors/FinancialCalculatorKit/Views/Calculator/ScientificCalculatorView.swift /Users/rogerlin/XCode-Projects/FinancialCalculatorKit-5.0-updated-accent-colors/FinancialCalculatorKit/Views/Calculator/SwapsCalculatorView.swift /Users/rogerlin/XCode-Projects/FinancialCalculatorKit-5.0-updated-accent-colors/FinancialCalculatorKit/Views/Calculator/TemplateViews.swift /Users/rogerlin/XCode-Projects/FinancialCalculatorKit-5.0-updated-accent-colors/FinancialCalculatorKit/Views/Calculator/TickerHistoryView.swift /Users/rogerlin/XCode-Projects/FinancialCalculatorKit-5.0-updated-accent-colors/FinancialCalculatorKit/Views/Calculator/TimeValueCalculatorView.swift /Users/rogerlin/XCode-Projects/FinancialCalculatorKit-5.0-updated-accent-colors/FinancialCalculatorKit/Views/Calculator/TimeValueResultView.swift /Users/rogerlin/XCode-Projects/FinancialCalculatorKit-5.0-updated-accent-colors/FinancialCalculatorKit/Views/Calculator/UnitConverterView.swift /Users/rogerlin/XCode-Projects/FinancialCalculatorKit-5.0-updated-accent-colors/FinancialCalculatorKit/Views/Calculator/VariableManagementView.swift /Users/rogerlin/XCode-Projects/FinancialCalculatorKit-5.0-updated-accent-colors/FinancialCalculatorKit/Views/Charts/FinancialChartView.swift /Users/rogerlin/XCode-Projects/FinancialCalculatorKit-5.0-updated-accent-colors/FinancialCalculatorKit/Views/Charts/InteractiveFinancialCharts.swift /Users/rogerlin/XCode-Projects/FinancialCalculatorKit-5.0-updated-accent-colors/FinancialCalculatorKit/Views/Components/DetailRow.swift /Users/rogerlin/XCode-Projects/FinancialCalculatorKit-5.0-updated-accent-colors/FinancialCalculatorKit/Views/Components/DynamicInputSection.swift /Users/rogerlin/XCode-Projects/FinancialCalculatorKit-5.0-updated-accent-colors/FinancialCalculatorKit/Views/Components/EnhancedInputFields.swift /Users/rogerlin/XCode-Projects/FinancialCalculatorKit-5.0-updated-accent-colors/FinancialCalculatorKit/Views/Components/FinancialStyles.swift /Users/rogerlin/XCode-Projects/FinancialCalculatorKit-5.0-updated-accent-colors/FinancialCalculatorKit/Views/Components/InputFieldView.swift /Users/rogerlin/XCode-Projects/FinancialCalculatorKit-5.0-updated-accent-colors/FinancialCalculatorKit/Views/Components/InteractiveDataTables.swift /Users/rogerlin/XCode-Projects/FinancialCalculatorKit-5.0-updated-accent-colors/FinancialCalculatorKit/Views/Components/LoadingResultView.swift /Users/rogerlin/XCode-Projects/FinancialCalculatorKit-5.0-updated-accent-colors/FinancialCalculatorKit/Views/Components/NumbersOnlyViewModifier.swift /Users/rogerlin/XCode-Projects/FinancialCalculatorKit-5.0-updated-accent-colors/FinancialCalculatorKit/Views/Components/ResultDisplayView.swift /Users/rogerlin/XCode-Projects/FinancialCalculatorKit-5.0-updated-accent-colors/FinancialCalculatorKit/Views/Components/StatusIndicator.swift /Users/rogerlin/XCode-Projects/FinancialCalculatorKit-5.0-updated-accent-colors/FinancialCalculatorKit/Views/Components/ValidationSummaryView.swift /Users/rogerlin/XCode-Projects/FinancialCalculatorKit-5.0-updated-accent-colors/FinancialCalculatorKit/Views/FRED/FREDDataView.swift /Users/rogerlin/XCode-Projects/FinancialCalculatorKit-5.0-updated-accent-colors/FinancialCalculatorKit/Views/Reference/FormulaReferenceView.swift /Users/rogerlin/XCode-Projects/FinancialCalculatorKit-5.0-updated-accent-colors/FinancialCalculatorKit/Views/Reference/FormulaVariableView.swift /Users/rogerlin/XCode-Projects/FinancialCalculatorKit-5.0-updated-accent-colors/FinancialCalculatorKit/Views/Reference/FormulaVariantView.swift /Users/rogerlin/XCode-Projects/FinancialCalculatorKit-5.0-updated-accent-colors/FinancialCalculatorKit/ContentView.swift /Users/rogerlin/XCode-Projects/FinancialCalculatorKit-5.0-updated-accent-colors/FinancialCalculatorKit/FinancialCalculatorKitApp.swift /Users/rogerlin/XCode-Projects/FinancialCalculatorKit-5.0-updated-accent-colors/FinancialCalculatorKit/Item.swift /Users/rogerlin/Library/Developer/Xcode/DerivedData/FinancialCalculatorKit-ackorybalcxbfocbkqsfdzcfkgmn/Build/Intermediates.noindex/FinancialCalculatorKit.build/Debug/FinancialCalculatorKit.build/DerivedSources/GeneratedAssetSymbols.swift -emit-dependencies-path /Users/rogerlin/Library/Developer/Xcode/DerivedData/FinancialCalculatorKit-ackorybalcxbfocbkqsfdzcfkgmn/Build/Intermediates.noindex/FinancialCalculatorKit.build/Debug/FinancialCalculatorKit.build/Objects-normal/arm64/OptionsStrategiesView.d -emit-const-values-path /Users/rogerlin/Library/Developer/Xcode/DerivedData/FinancialCalculatorKit-ackorybalcxbfocbkqsfdzcfkgmn/Build/Intermediates.noindex/FinancialCalculatorKit.build/Debug/FinancialCalculatorKit.build/Objects-normal/arm64/OptionsStrategiesView.swiftconstvalues -emit-reference-dependencies-path /Users/rogerlin/Library/Developer/Xcode/DerivedData/FinancialCalculatorKit-ackorybalcxbfocbkqsfdzcfkgmn/Build/Intermediates.noindex/FinancialCalculatorKit.build/Debug/FinancialCalculatorKit.build/Objects-normal/arm64/OptionsStrategiesView.swiftdeps -serialize-diagnostics-path /Users/rogerlin/Library/Developer/Xcode/DerivedData/FinancialCalculatorKit-ackorybalcxbfocbkqsfdzcfkgmn/Build/Intermediates.noindex/FinancialCalculatorKit.build/Debug/FinancialCalculatorKit.build/Objects-normal/arm64/OptionsStrategiesView.dia -emit-dependencies-path /Users/rogerlin/Library/Developer/Xcode/DerivedData/FinancialCalculatorKit-ackorybalcxbfocbkqsfdzcfkgmn/Build/Intermediates.noindex/FinancialCalculatorKit.build/Debug/FinancialCalculatorKit.build/Objects-normal/arm64/PlaceholderViews.d -emit-const-values-path /Users/rogerlin/Library/Developer/Xcode/DerivedData/FinancialCalculatorKit-ackorybalcxbfocbkqsfdzcfkgmn/Build/Intermediates.noindex/FinancialCalculatorKit.build/Debug/FinancialCalculatorKit.build/Objects-normal/arm64/PlaceholderViews.swiftconstvalues -emit-reference-dependencies-path /Users/rogerlin/Library/Developer/Xcode/DerivedData/FinancialCalculatorKit-ackorybalcxbfocbkqsfdzcfkgmn/Build/Intermediates.noindex/FinancialCalculatorKit.build/Debug/FinancialCalculatorKit.build/Objects-normal/arm64/PlaceholderViews.swiftdeps -serialize-diagnostics-path /Users/rogerlin/Library/Developer/Xcode/DerivedData/FinancialCalculatorKit-ackorybalcxbfocbkqsfdzcfkgmn/Build/Intermediates.noindex/FinancialCalculatorKit.build/Debug/FinancialCalculatorKit.build/Objects-normal/arm64/PlaceholderViews.dia -emit-localized-strings -emit-localized-strings-path /Users/rogerlin/Library/Developer/Xcode/DerivedData/FinancialCalculatorKit-ackorybalcxbfocbkqsfdzcfkgmn/Build/Intermediates.noindex/FinancialCalculatorKit.build/Debug/FinancialCalculatorKit.build/Objects-normal/arm64 -target arm64-apple-macos14.0 -module-can-import-version AppKit 2685.20.119 2685.20.119 -module-can-import-version DeveloperToolsSupport 23.0.4 23.0.4 -module-can-import-version SwiftUI 7.1.13.1 7.1.13 -disable-cross-import-overlay-search -swift-module-cross-import SwiftData /Applications/Xcode.app/Contents/Developer/Platforms/MacOSX.platform/Developer/SDKs/MacOSX26.1.sdk/System/Library/Frameworks/SwiftData.framework/Modules/SwiftData.swiftcrossimport/CoreData.swiftoverlay -swift-module-cross-import SwiftData /Applications/Xcode.app/Contents/Developer/Platforms/MacOSX.platform/Developer/SDKs/MacOSX26.1.sdk/System/Library/Frameworks/SwiftData.framework/Modules/SwiftData.swiftcrossimport/SwiftUI.swiftoverlay -load-resolved-plugin \#/Users/rogerlin/Library/Developer/Xcode/DerivedData/FinancialCalculatorKit-ackorybalcxbfocbkqsfdzcfkgmn/Build/Products/Debug/CasePathsMacros\#CasePathsMacros -load-resolved-plugin /Applications/Xcode.app/Contents/Developer/Platforms/MacOSX.platform/Developer/usr/lib/swift/host/plugins/libFoundationMacros.dylib\#/Applications/Xcode.app/Contents/Developer/Platforms/MacOSX.platform/Developer/usr/bin/swift-plugin-server\#FoundationMacros -load-resolved-plugin /Applications/Xcode.app/Contents/Developer/Platforms/MacOSX.platform/Developer/usr/lib/swift/host/plugins/libObservationMacros.dylib\#/Applications/Xcode.app/Contents/Developer/Platforms/MacOSX.platform/Developer/usr/bin/swift-plugin-server\#ObservationMacros -load-resolved-plugin /Applications/Xcode.app/Contents/Developer/Platforms/MacOSX.platform/Developer/usr/lib/swift/host/plugins/libPreviewsMacros.dylib\#/Applications/Xcode.app/Contents/Developer/Platforms/MacOSX.platform/Developer/usr/bin/swift-plugin-server\#PreviewsMacros -load-resolved-plugin /Applications/Xcode.app/Contents/Developer/Platforms/MacOSX.platform/Developer/usr/lib/swift/host/plugins/libSwiftDataMacros.dylib\#/Applications/Xcode.app/Contents/Developer/Platforms/MacOSX.platform/Developer/usr/bin/swift-plugin-server\#SwiftDataMacros -load-resolved-plugin /Applications/Xcode.app/Contents/Developer/Platforms/MacOSX.platform/Developer/usr/lib/swift/host/plugins/libSwiftMacros.dylib\#/Applications/Xcode.app/Contents/Developer/Platforms/MacOSX.platform/Developer/usr/bin/swift-plugin-server\#SwiftMacros -load-resolved-plugin /Applications/Xcode.app/Contents/Developer/Platforms/MacOSX.platform/Developer/usr/lib/swift/host/plugins/libSwiftUIMacros.dylib\#/Applications/Xcode.app/Contents/Developer/Platforms/MacOSX.platform/Developer/usr/bin/swift-plugin-server\#SwiftUIMacros -disable-implicit-swift-modules -Xcc -fno-implicit-modules -Xcc -fno-implicit-module-maps -explicit-swift-module-map-file /Users/rogerlin/Library/Developer/Xcode/DerivedData/FinancialCalculatorKit-ackorybalcxbfocbkqsfdzcfkgmn/Build/Intermediates.noindex/FinancialCalculatorKit.build/Debug/FinancialCalculatorKit.build/Objects-normal/arm64/FinancialCalculatorKit-dependencies-1.json -Xllvm -aarch64-use-tbi -enable-objc-interop -stack-check -sdk /Applications/Xcode.app/Contents/Developer/Platforms/MacOSX.platform/Developer/SDKs/MacOSX26.1.sdk -I /Users/rogerlin/Library/Developer/Xcode/DerivedData/FinancialCalculatorKit-ackorybalcxbfocbkqsfdzcfkgmn/Build/Products/Debug -F /Users/rogerlin/Library/Developer/Xcode/DerivedData/FinancialCalculatorKit-ackorybalcxbfocbkqsfdzcfkgmn/Build/Products/Debug/PackageFrameworks -F /Users/rogerlin/Library/Developer/Xcode/DerivedData/FinancialCalculatorKit-ackorybalcxbfocbkqsfdzcfkgmn/Build/Products/Debug/PackageFrameworks -F /Users/rogerlin/Library/Developer/Xcode/DerivedData/FinancialCalculatorKit-ackorybalcxbfocbkqsfdzcfkgmn/Build/Products/Debug/PackageFrameworks -F /Users/rogerlin/Library/Developer/Xcode/DerivedData/FinancialCalculatorKit-ackorybalcxbfocbkqsfdzcfkgmn/Build/Products/Debug/PackageFrameworks -F /Users/rogerlin/Library/Developer/Xcode/DerivedData/FinancialCalculatorKit-ackorybalcxbfocbkqsfdzcfkgmn/Build/Products/Debug/PackageFrameworks -F /Users/rogerlin/Library/Developer/Xcode/DerivedData/FinancialCalculatorKit-ackorybalcxbfocbkqsfdzcfkgmn/Build/Products/Debug/PackageFrameworks -F /Users/rogerlin/Library/Developer/Xcode/DerivedData/FinancialCalculatorKit-ackorybalcxbfocbkqsfdzcfkgmn/Build/Products/Debug/PackageFrameworks -F /Users/rogerlin/Library/Developer/Xcode/DerivedData/FinancialCalculatorKit-ackorybalcxbfocbkqsfdzcfkgmn/Build/Products/Debug/PackageFrameworks -F /Users/rogerlin/Library/Developer/Xcode/DerivedData/FinancialCalculatorKit-ackorybalcxbfocbkqsfdzcfkgmn/Build/Products/Debug/PackageFrameworks -F /Users/rogerlin/Library/Developer/Xcode/DerivedData/FinancialCalculatorKit-ackorybalcxbfocbkqsfdzcfkgmn/Build/Products/Debug/PackageFrameworks -F /Users/rogerlin/Library/Developer/Xcode/DerivedData/FinancialCalculatorKit-ackorybalcxbfocbkqsfdzcfkgmn/Build/Products/Debug/PackageFrameworks -F /Users/rogerlin/Library/Developer/Xcode/DerivedData/FinancialCalculatorKit-ackorybalcxbfocbkqsfdzcfkgmn/Build/Products/Debug/PackageFrameworks -F /Users/rogerlin/Library/Developer/Xcode/DerivedData/FinancialCalculatorKit-ackorybalcxbfocbkqsfdzcfkgmn/Build/Products/Debug/PackageFrameworks -F /Users/rogerlin/Library/Developer/Xcode/DerivedData/FinancialCalculatorKit-ackorybalcxbfocbkqsfdzcfkgmn/Build/Products/Debug/PackageFrameworks -F /Users/rogerlin/Library/Developer/Xcode/DerivedData/FinancialCalculatorKit-ackorybalcxbfocbkqsfdzcfkgmn/Build/Products/Debug/PackageFrameworks -F /Users/rogerlin/Library/Developer/Xcode/DerivedData/FinancialCalculatorKit-ackorybalcxbfocbkqsfdzcfkgmn/Build/Products/Debug/PackageFrameworks -F /Users/rogerlin/Library/Developer/Xcode/DerivedData/FinancialCalculatorKit-ackorybalcxbfocbkqsfdzcfkgmn/Build/Products/Debug/PackageFrameworks -F /Users/rogerlin/Library/Developer/Xcode/DerivedData/FinancialCalculatorKit-ackorybalcxbfocbkqsfdzcfkgmn/Build/Products/Debug/PackageFrameworks -F /Users/rogerlin/Library/Developer/Xcode/DerivedData/FinancialCalculatorKit-ackorybalcxbfocbkqsfdzcfkgmn/Build/Products/Debug/PackageFrameworks -F /Users/rogerlin/Library/Developer/Xcode/DerivedData/FinancialCalculatorKit-ackorybalcxbfocbkqsfdzcfkgmn/Build/Products/Debug -no-color-diagnostics -Xcc -fno-color-diagnostics -enable-testing -g -debug-info-format\=dwarf -dwarf-version\=4 -module-cache-path /Users/rogerlin/Library/Developer/Xcode/DerivedData/FinancialCalculatorKit-ackorybalcxbfocbkqsfdzcfkgmn/Build/Intermediates.noindex/SwiftExplicitPrecompiledModules -profile-generate -profile-coverage-mapping -swift-version 5 -enforce-exclusivity\=checked -Onone -D DEBUG -serialize-debugging-options -load-plugin-executable /Users/rogerlin/Library/Developer/Xcode/DerivedData/FinancialCalculatorKit-ackorybalcxbfocbkqsfdzcfkgmn/Build/Products/Debug/CasePathsMacros\#CasePathsMacros -const-gather-protocols-file /Users/rogerlin/Library/Developer/Xcode/DerivedData/FinancialCalculatorKit-ackorybalcxbfocbkqsfdzcfkgmn/Build/Intermediates.noindex/FinancialCalculatorKit.build/Debug/FinancialCalculatorKit.build/Objects-normal/arm64/FinancialCalculatorKit_const_extract_protocols.json -enable-experimental-feature DebugDescriptionMacro -enable-bare-slash-regex -empty-abi-descriptor -validate-clang-modules-once -clang-build-session-file /Users/rogerlin/Library/Developer/Xcode/DerivedData/ModuleCache.noindex/Session.modulevalidation -Xcc -working-directory -Xcc /Users/rogerlin/XCode-Projects/FinancialCalculatorKit-5.0-updated-accent-colors -enable-anonymous-context-mangled-names -file-compilation-dir /Users/rogerlin/XCode-Projects/FinancialCalculatorKit-5.0-updated-accent-colors -Xcc -D_LIBCPP_HARDENING_MODE\=_LIBCPP_HARDENING_MODE_DEBUG -Xcc -ivfsstatcache -Xcc /Users/rogerlin/Library/Developer/Xcode/DerivedData/SDKStatCaches.noindex/macosx26.1-25B74-3ae1261907bdadc328169391a47051a6.sdkstatcache -Xcc -I/Users/rogerlin/Library/Developer/Xcode/DerivedData/FinancialCalculatorKit-ackorybalcxbfocbkqsfdzcfkgmn/Build/Intermediates.noindex/FinancialCalculatorKit.build/Debug/FinancialCalculatorKit.build/swift-overrides.hmap -Xcc -iquote -Xcc /Users/rogerlin/Library/Developer/Xcode/DerivedData/FinancialCalculatorKit-ackorybalcxbfocbkqsfdzcfkgmn/Build/Intermediates.noindex/FinancialCalculatorKit.build/Debug/FinancialCalculatorKit.build/FinancialCalculatorKit-generated-files.hmap -Xcc -I/Users/rogerlin/Library/Developer/Xcode/DerivedData/FinancialCalculatorKit-ackorybalcxbfocbkqsfdzcfkgmn/Build/Intermediates.noindex/FinancialCalculatorKit.build/Debug/FinancialCalculatorKit.build/FinancialCalculatorKit-own-target-headers.hmap -Xcc -I/Users/rogerlin/Library/Developer/Xcode/DerivedData/FinancialCalculatorKit-ackorybalcxbfocbkqsfdzcfkgmn/Build/Intermediates.noindex/FinancialCalculatorKit.build/Debug/FinancialCalculatorKit.build/FinancialCalculatorKit-all-non-framework-target-headers.hmap -Xcc -ivfsoverlay -Xcc /Users/rogerlin/Library/Developer/Xcode/DerivedData/FinancialCalculatorKit-ackorybalcxbfocbkqsfdzcfkgmn/Build/Intermediates.noindex/FinancialCalculatorKit.build/Debug/FinancialCalculatorKit-b796aaad08c4b307251b75ea7c01aae2-VFS/all-product-headers.yaml -Xcc -iquote -Xcc /Users/rogerlin/Library/Developer/Xcode/DerivedData/FinancialCalculatorKit-ackorybalcxbfocbkqsfdzcfkgmn/Build/Intermediates.noindex/FinancialCalculatorKit.build/Debug/FinancialCalculatorKit.build/FinancialCalculatorKit-project-headers.hmap -Xcc -I/Users/rogerlin/Library/Developer/Xcode/DerivedData/FinancialCalculatorKit-ackorybalcxbfocbkqsfdzcfkgmn/SourcePackages/checkouts/swift-numerics/Sources/_NumericsShims/include -Xcc -I/Users/rogerlin/Library/Developer/Xcode/DerivedData/FinancialCalculatorKit-ackorybalcxbfocbkqsfdzcfkgmn/Build/Products/Debug/include -Xcc -I/Users/rogerlin/Library/Developer/Xcode/DerivedData/FinancialCalculatorKit-ackorybalcxbfocbkqsfdzcfkgmn/Build/Intermediates.noindex/FinancialCalculatorKit.build/Debug/FinancialCalculatorKit.build/DerivedSources-normal/arm64 -Xcc -I/Users/rogerlin/Library/Developer/Xcode/DerivedData/FinancialCalculatorKit-ackorybalcxbfocbkqsfdzcfkgmn/Build/Intermediates.noindex/FinancialCalculatorKit.build/Debug/FinancialCalculatorKit.build/DerivedSources/arm64 -Xcc -I/Users/rogerlin/Library/Developer/Xcode/DerivedData/FinancialCalculatorKit-ackorybalcxbfocbkqsfdzcfkgmn/Build/Intermediates.noindex/FinancialCalculatorKit.build/Debug/FinancialCalculatorKit.build/DerivedSources -Xcc -DDEBUG\=1 -no-auto-bridging-header-chaining -module-name FinancialCalculatorKit -frontend-parseable-output -disable-clang-spi -target-sdk-version 26.1 -target-sdk-name macosx26.1 -clang-target arm64-apple-macos26.1 -in-process-plugin-server-path /Applications/Xcode.app/Contents/Developer/Toolchains/XcodeDefault.xctoolchain/usr/lib/swift/host/libSwiftInProcPluginServer.dylib -o /Users/rogerlin/Library/Developer/Xcode/DerivedData/FinancialCalculatorKit-ackorybalcxbfocbkqsfdzcfkgmn/Build/Intermediates.noindex/FinancialCalculatorKit.build/Debug/FinancialCalculatorKit.build/Objects-normal/arm64/OptionsStrategiesView.o -o /Users/rogerlin/Library/Developer/Xcode/DerivedData/FinancialCalculatorKit-ackorybalcxbfocbkqsfdzcfkgmn/Build/Intermediates.noindex/FinancialCalculatorKit.build/Debug/FinancialCalculatorKit.build/Objects-normal/arm64/PlaceholderViews.o -index-unit-output-path /FinancialCalculatorKit.build/Debug/FinancialCalculatorKit.build/Objects-normal/arm64/OptionsStrategiesView.o -index-unit-output-path /FinancialCalculatorKit.build/Debug/FinancialCalculatorKit.build/Objects-normal/arm64/PlaceholderViews.o -index-store-path /Users/rogerlin/Library/Developer/Xcode/DerivedData/FinancialCalculatorKit-ackorybalcxbfocbkqsfdzcfkgmn/Index.noindex/DataStore -index-system-modules

SwiftCompile normal arm64 /Users/rogerlin/XCode-Projects/FinancialCalculatorKit-5.0-updated-accent-colors/FinancialCalculatorKit/Views/Calculator/OptionsStrategiesView.swift (in target 'FinancialCalculatorKit' from project 'FinancialCalculatorKit')
    cd /Users/rogerlin/XCode-Projects/FinancialCalculatorKit-5.0-updated-accent-colors
    

SwiftCompile normal arm64 /Users/rogerlin/XCode-Projects/FinancialCalculatorKit-5.0-updated-accent-colors/FinancialCalculatorKit/Views/Calculator/PlaceholderViews.swift (in target 'FinancialCalculatorKit' from project 'FinancialCalculatorKit')
    cd /Users/rogerlin/XCode-Projects/FinancialCalculatorKit-5.0-updated-accent-colors
    

SwiftCompile normal arm64 Compiling\ TimeValueResultView.swift,\ UnitConverterView.swift /Users/rogerlin/XCode-Projects/FinancialCalculatorKit-5.0-updated-accent-colors/FinancialCalculatorKit/Views/Calculator/TimeValueResultView.swift /Users/rogerlin/XCode-Projects/FinancialCalculatorKit-5.0-updated-accent-colors/FinancialCalculatorKit/Views/Calculator/UnitConverterView.swift (in target 'FinancialCalculatorKit' from project 'FinancialCalculatorKit')
/Applications/Xcode.app/Contents/Developer/Toolchains/XcodeDefault.xctoolchain/usr/bin/swift-frontend -frontend -c /Users/rogerlin/XCode-Projects/FinancialCalculatorKit-5.0-updated-accent-colors/FinancialCalculatorKit/Models/Bond/AdvancedBondModels.swift /Users/rogerlin/XCode-Projects/FinancialCalculatorKit-5.0-updated-accent-colors/FinancialCalculatorKit/Models/Bond/YieldCurveTypes.swift /Users/rogerlin/XCode-Projects/FinancialCalculatorKit-5.0-updated-accent-colors/FinancialCalculatorKit/Models/Calculation/BondCalculation.swift /Users/rogerlin/XCode-Projects/FinancialCalculatorKit-5.0-updated-accent-colors/FinancialCalculatorKit/Models/Calculation/CalculationMetadata.swift /Users/rogerlin/XCode-Projects/FinancialCalculatorKit-5.0-updated-accent-colors/FinancialCalculatorKit/Models/Calculation/DepreciationCalculation.swift /Users/rogerlin/XCode-Projects/FinancialCalculatorKit-5.0-updated-accent-colors/FinancialCalculatorKit/Models/Calculation/FinancialCalculation.swift /Users/rogerlin/XCode-Projects/FinancialCalculatorKit-5.0-updated-accent-colors/FinancialCalculatorKit/Models/Calculation/InvestmentCalculation.swift /Users/rogerlin/XCode-Projects/FinancialCalculatorKit-5.0-updated-accent-colors/FinancialCalculatorKit/Models/Calculation/LoanCalculation.swift /Users/rogerlin/XCode-Projects/FinancialCalculatorKit-5.0-updated-accent-colors/FinancialCalculatorKit/Models/Calculation/TimeValueCalculation.swift /Users/rogerlin/XCode-Projects/FinancialCalculatorKit-5.0-updated-accent-colors/FinancialCalculatorKit/Models/Enums/CalculationType.swift /Users/rogerlin/XCode-Projects/FinancialCalculatorKit-5.0-updated-accent-colors/FinancialCalculatorKit/Models/Enums/Currency.swift /Users/rogerlin/XCode-Projects/FinancialCalculatorKit-5.0-updated-accent-colors/FinancialCalculatorKit/Models/Enums/LoanType.swift /Users/rogerlin/XCode-Projects/FinancialCalculatorKit-5.0-updated-accent-colors/FinancialCalculatorKit/Models/Enums/PaymentFrequency.swift /Users/rogerlin/XCode-Projects/FinancialCalculatorKit-5.0-updated-accent-colors/FinancialCalculatorKit/Models/Enums/TimeValueVariable.swift /Users/rogerlin/XCode-Projects/FinancialCalculatorKit-5.0-updated-accent-colors/FinancialCalculatorKit/Models/Formula/FormulaReference.swift /Users/rogerlin/XCode-Projects/FinancialCalculatorKit-5.0-updated-accent-colors/FinancialCalculatorKit/Models/FRED/FREDModels.swift /Users/rogerlin/XCode-Projects/FinancialCalculatorKit-5.0-updated-accent-colors/FinancialCalculatorKit/Models/Options/AdvancedOptionsModels.swift /Users/rogerlin/XCode-Projects/FinancialCalculatorKit-5.0-updated-accent-colors/FinancialCalculatorKit/Models/ScientificCalculator/EquationDocument.swift /Users/rogerlin/XCode-Projects/FinancialCalculatorKit-5.0-updated-accent-colors/FinancialCalculatorKit/Models/ScientificCalculator/VariableStore.swift /Users/rogerlin/XCode-Projects/FinancialCalculatorKit-5.0-updated-accent-colors/FinancialCalculatorKit/Protocols/FinancialComputable.swift /Users/rogerlin/XCode-Projects/FinancialCalculatorKit-5.0-updated-accent-colors/FinancialCalculatorKit/Services/Bond/AdvancedBondPricingEngine.swift /Users/rogerlin/XCode-Projects/FinancialCalculatorKit-5.0-updated-accent-colors/FinancialCalculatorKit/Services/Options/AdvancedOptionsPricingEngine.swift /Users/rogerlin/XCode-Projects/FinancialCalculatorKit-5.0-updated-accent-colors/FinancialCalculatorKit/Services/AdvancedExpressionParser.swift /Users/rogerlin/XCode-Projects/FinancialCalculatorKit-5.0-updated-accent-colors/FinancialCalculatorKit/Services/AdvancedIRRCalculator.swift /Users/rogerlin/XCode-Projects/FinancialCalculatorKit-5.0-updated-accent-colors/FinancialCalculatorKit/Services/AdvancedMathFunctions.swift /Users/rogerlin/XCode-Projects/FinancialCalculatorKit-5.0-updated-accent-colors/FinancialCalculatorKit/Services/CalculationEngine.swift /Users/rogerlin/XCode-Projects/FinancialCalculatorKit-5.0-updated-accent-colors/FinancialCalculatorKit/Services/CSVHelper.swift /Users/rogerlin/XCode-Projects/FinancialCalculatorKit-5.0-updated-accent-colors/FinancialCalculatorKit/Services/CurrencyConversionService.swift /Users/rogerlin/XCode-Projects/FinancialCalculatorKit-5.0-updated-accent-colors/FinancialCalculatorKit/Services/ExchangeRateService.swift /Users/rogerlin/XCode-Projects/FinancialCalculatorKit-5.0-updated-accent-colors/FinancialCalculatorKit/Services/FinancialCalculator.swift /Users/rogerlin/XCode-Projects/FinancialCalculatorKit-5.0-updated-accent-colors/FinancialCalculatorKit/Services/FinancialValidation.swift /Users/rogerlin/XCode-Projects/FinancialCalculatorKit-5.0-updated-accent-colors/FinancialCalculatorKit/Services/FormulaAutoComplete.swift /Users/rogerlin/XCode-Projects/FinancialCalculatorKit-5.0-updated-accent-colors/FinancialCalculatorKit/Services/FREDService.swift /Users/rogerlin/XCode-Projects/FinancialCalculatorKit-5.0-updated-accent-colors/FinancialCalculatorKit/Services/HighPrecisionMath.swift /Users/rogerlin/XCode-Projects/FinancialCalculatorKit-5.0-updated-accent-colors/FinancialCalculatorKit/Services/HighPrecisionTestSuite.swift /Users/rogerlin/XCode-Projects/FinancialCalculatorKit-5.0-updated-accent-colors/FinancialCalculatorKit/Services/HighPrecisionValidation.swift /Users/rogerlin/XCode-Projects/FinancialCalculatorKit-5.0-updated-accent-colors/FinancialCalculatorKit/Services/TickerHistoryService.swift /Users/rogerlin/XCode-Projects/FinancialCalculatorKit-5.0-updated-accent-colors/FinancialCalculatorKit/Services/ValidationExtensions.swift /Users/rogerlin/XCode-Projects/FinancialCalculatorKit-5.0-updated-accent-colors/FinancialCalculatorKit/Services/ValidationService.swift /Users/rogerlin/XCode-Projects/FinancialCalculatorKit-5.0-updated-accent-colors/FinancialCalculatorKit/Services/ValidationTestSuite.swift /Users/rogerlin/XCode-Projects/FinancialCalculatorKit-5.0-updated-accent-colors/FinancialCalculatorKit/Utilities/Extensions/Date+Financial.swift /Users/rogerlin/XCode-Projects/FinancialCalculatorKit-5.0-updated-accent-colors/FinancialCalculatorKit/Utilities/Extensions/Double+Financial.swift /Users/rogerlin/XCode-Projects/FinancialCalculatorKit-5.0-updated-accent-colors/FinancialCalculatorKit/Utilities/CashFlowsTransformer.swift /Users/rogerlin/XCode-Projects/FinancialCalculatorKit-5.0-updated-accent-colors/FinancialCalculatorKit/Utilities/Formatters.swift /Users/rogerlin/XCode-Projects/FinancialCalculatorKit-5.0-updated-accent-colors/FinancialCalculatorKit/ViewHelpers/FormulaViewHelper.swift /Users/rogerlin/XCode-Projects/FinancialCalculatorKit-5.0-updated-accent-colors/FinancialCalculatorKit/ViewModels/MainViewModel.swift /Users/rogerlin/XCode-Projects/FinancialCalculatorKit-5.0-updated-accent-colors/FinancialCalculatorKit/Views/Calculator/AdvancedBondCalculatorView.swift /Users/rogerlin/XCode-Projects/FinancialCalculatorKit-5.0-updated-accent-colors/FinancialCalculatorKit/Views/Calculator/AmortizationView.swift /Users/rogerlin/XCode-Projects/FinancialCalculatorKit-5.0-updated-accent-colors/FinancialCalculatorKit/Views/Calculator/BondCalculatorView.swift /Users/rogerlin/XCode-Projects/FinancialCalculatorKit-5.0-updated-accent-colors/FinancialCalculatorKit/Views/Calculator/CompactCalculatorView.swift /Users/rogerlin/XCode-Projects/FinancialCalculatorKit-5.0-updated-accent-colors/FinancialCalculatorKit/Views/Calculator/CurrencyConverterView.swift /Users/rogerlin/XCode-Projects/FinancialCalculatorKit-5.0-updated-accent-colors/FinancialCalculatorKit/Views/Calculator/CustomScientificKeyboard.swift /Users/rogerlin/XCode-Projects/FinancialCalculatorKit-5.0-updated-accent-colors/FinancialCalculatorKit/Views/Calculator/DepreciationCalculatorView.swift /Users/rogerlin/XCode-Projects/FinancialCalculatorKit-5.0-updated-accent-colors/FinancialCalculatorKit/Views/Calculator/DocumentListView.swift /Users/rogerlin/XCode-Projects/FinancialCalculatorKit-5.0-updated-accent-colors/FinancialCalculatorKit/Views/Calculator/EquityValuationView.swift /Users/rogerlin/XCode-Projects/FinancialCalculatorKit-5.0-updated-accent-colors/FinancialCalculatorKit/Views/Calculator/FixedIncomeAnalyticsView.swift /Users/rogerlin/XCode-Projects/FinancialCalculatorKit-5.0-updated-accent-colors/FinancialCalculatorKit/Views/Calculator/FormulaLibraryView.swift /Users/rogerlin/XCode-Projects/FinancialCalculatorKit-5.0-updated-accent-colors/FinancialCalculatorKit/Views/Calculator/ForwardsCalculatorView.swift /Users/rogerlin/XCode-Projects/FinancialCalculatorKit-5.0-updated-accent-colors/FinancialCalculatorKit/Views/Calculator/FuturesCalculatorView.swift /Users/rogerlin/XCode-Projects/FinancialCalculatorKit-5.0-updated-accent-colors/FinancialCalculatorKit/Views/Calculator/FutureValueView.swift /Users/rogerlin/XCode-Projects/FinancialCalculatorKit-5.0-updated-accent-colors/FinancialCalculatorKit/Views/Calculator/HighPrecisionCalculatorView.swift /Users/rogerlin/XCode-Projects/FinancialCalculatorKit-5.0-updated-accent-colors/FinancialCalculatorKit/Views/Calculator/InvestmentCalculatorView.swift /Users/rogerlin/XCode-Projects/FinancialCalculatorKit-5.0-updated-accent-colors/FinancialCalculatorKit/Views/Calculator/LoanCalculatorView.swift /Users/rogerlin/XCode-Projects/FinancialCalculatorKit-5.0-updated-accent-colors/FinancialCalculatorKit/Views/Calculator/LoanResultView.swift /Users/rogerlin/XCode-Projects/FinancialCalculatorKit-5.0-updated-accent-colors/FinancialCalculatorKit/Views/Calculator/MathExpressionCalculatorView.swift /Users/rogerlin/XCode-Projects/FinancialCalculatorKit-5.0-updated-accent-colors/FinancialCalculatorKit/Views/Calculator/OptionsCalculatorView.swift /Users/rogerlin/XCode-Projects/FinancialCalculatorKit-5.0-updated-accent-colors/FinancialCalculatorKit/Views/Calculator/OptionsStrategiesView.swift /Users/rogerlin/XCode-Projects/FinancialCalculatorKit-5.0-updated-accent-colors/FinancialCalculatorKit/Views/Calculator/PlaceholderViews.swift /Users/rogerlin/XCode-Projects/FinancialCalculatorKit-5.0-updated-accent-colors/FinancialCalculatorKit/Views/Calculator/PortfolioOptimizationView.swift /Users/rogerlin/XCode-Projects/FinancialCalculatorKit-5.0-updated-accent-colors/FinancialCalculatorKit/Views/Calculator/PrecisionDemoView.swift /Users/rogerlin/XCode-Projects/FinancialCalculatorKit-5.0-updated-accent-colors/FinancialCalculatorKit/Views/Calculator/RiskManagementView.swift /Users/rogerlin/XCode-Projects/FinancialCalculatorKit-5.0-updated-accent-colors/FinancialCalculatorKit/Views/Calculator/ScientificCalculatorView.swift /Users/rogerlin/XCode-Projects/FinancialCalculatorKit-5.0-updated-accent-colors/FinancialCalculatorKit/Views/Calculator/SwapsCalculatorView.swift /Users/rogerlin/XCode-Projects/FinancialCalculatorKit-5.0-updated-accent-colors/FinancialCalculatorKit/Views/Calculator/TemplateViews.swift /Users/rogerlin/XCode-Projects/FinancialCalculatorKit-5.0-updated-accent-colors/FinancialCalculatorKit/Views/Calculator/TickerHistoryView.swift /Users/rogerlin/XCode-Projects/FinancialCalculatorKit-5.0-updated-accent-colors/FinancialCalculatorKit/Views/Calculator/TimeValueCalculatorView.swift -primary-file /Users/rogerlin/XCode-Projects/FinancialCalculatorKit-5.0-updated-accent-colors/FinancialCalculatorKit/Views/Calculator/TimeValueResultView.swift -primary-file /Users/rogerlin/XCode-Projects/FinancialCalculatorKit-5.0-updated-accent-colors/FinancialCalculatorKit/Views/Calculator/UnitConverterView.swift /Users/rogerlin/XCode-Projects/FinancialCalculatorKit-5.0-updated-accent-colors/FinancialCalculatorKit/Views/Calculator/VariableManagementView.swift /Users/rogerlin/XCode-Projects/FinancialCalculatorKit-5.0-updated-accent-colors/FinancialCalculatorKit/Views/Charts/FinancialChartView.swift /Users/rogerlin/XCode-Projects/FinancialCalculatorKit-5.0-updated-accent-colors/FinancialCalculatorKit/Views/Charts/InteractiveFinancialCharts.swift /Users/rogerlin/XCode-Projects/FinancialCalculatorKit-5.0-updated-accent-colors/FinancialCalculatorKit/Views/Components/DetailRow.swift /Users/rogerlin/XCode-Projects/FinancialCalculatorKit-5.0-updated-accent-colors/FinancialCalculatorKit/Views/Components/DynamicInputSection.swift /Users/rogerlin/XCode-Projects/FinancialCalculatorKit-5.0-updated-accent-colors/FinancialCalculatorKit/Views/Components/EnhancedInputFields.swift /Users/rogerlin/XCode-Projects/FinancialCalculatorKit-5.0-updated-accent-colors/FinancialCalculatorKit/Views/Components/FinancialStyles.swift /Users/rogerlin/XCode-Projects/FinancialCalculatorKit-5.0-updated-accent-colors/FinancialCalculatorKit/Views/Components/InputFieldView.swift /Users/rogerlin/XCode-Projects/FinancialCalculatorKit-5.0-updated-accent-colors/FinancialCalculatorKit/Views/Components/InteractiveDataTables.swift /Users/rogerlin/XCode-Projects/FinancialCalculatorKit-5.0-updated-accent-colors/FinancialCalculatorKit/Views/Components/LoadingResultView.swift /Users/rogerlin/XCode-Projects/FinancialCalculatorKit-5.0-updated-accent-colors/FinancialCalculatorKit/Views/Components/NumbersOnlyViewModifier.swift /Users/rogerlin/XCode-Projects/FinancialCalculatorKit-5.0-updated-accent-colors/FinancialCalculatorKit/Views/Components/ResultDisplayView.swift /Users/rogerlin/XCode-Projects/FinancialCalculatorKit-5.0-updated-accent-colors/FinancialCalculatorKit/Views/Components/StatusIndicator.swift /Users/rogerlin/XCode-Projects/FinancialCalculatorKit-5.0-updated-accent-colors/FinancialCalculatorKit/Views/Components/ValidationSummaryView.swift /Users/rogerlin/XCode-Projects/FinancialCalculatorKit-5.0-updated-accent-colors/FinancialCalculatorKit/Views/FRED/FREDDataView.swift /Users/rogerlin/XCode-Projects/FinancialCalculatorKit-5.0-updated-accent-colors/FinancialCalculatorKit/Views/Reference/FormulaReferenceView.swift /Users/rogerlin/XCode-Projects/FinancialCalculatorKit-5.0-updated-accent-colors/FinancialCalculatorKit/Views/Reference/FormulaVariableView.swift /Users/rogerlin/XCode-Projects/FinancialCalculatorKit-5.0-updated-accent-colors/FinancialCalculatorKit/Views/Reference/FormulaVariantView.swift /Users/rogerlin/XCode-Projects/FinancialCalculatorKit-5.0-updated-accent-colors/FinancialCalculatorKit/ContentView.swift /Users/rogerlin/XCode-Projects/FinancialCalculatorKit-5.0-updated-accent-colors/FinancialCalculatorKit/FinancialCalculatorKitApp.swift /Users/rogerlin/XCode-Projects/FinancialCalculatorKit-5.0-updated-accent-colors/FinancialCalculatorKit/Item.swift /Users/rogerlin/Library/Developer/Xcode/DerivedData/FinancialCalculatorKit-ackorybalcxbfocbkqsfdzcfkgmn/Build/Intermediates.noindex/FinancialCalculatorKit.build/Debug/FinancialCalculatorKit.build/DerivedSources/GeneratedAssetSymbols.swift -emit-dependencies-path /Users/rogerlin/Library/Developer/Xcode/DerivedData/FinancialCalculatorKit-ackorybalcxbfocbkqsfdzcfkgmn/Build/Intermediates.noindex/FinancialCalculatorKit.build/Debug/FinancialCalculatorKit.build/Objects-normal/arm64/TimeValueResultView.d -emit-const-values-path /Users/rogerlin/Library/Developer/Xcode/DerivedData/FinancialCalculatorKit-ackorybalcxbfocbkqsfdzcfkgmn/Build/Intermediates.noindex/FinancialCalculatorKit.build/Debug/FinancialCalculatorKit.build/Objects-normal/arm64/TimeValueResultView.swiftconstvalues -emit-reference-dependencies-path /Users/rogerlin/Library/Developer/Xcode/DerivedData/FinancialCalculatorKit-ackorybalcxbfocbkqsfdzcfkgmn/Build/Intermediates.noindex/FinancialCalculatorKit.build/Debug/FinancialCalculatorKit.build/Objects-normal/arm64/TimeValueResultView.swiftdeps -serialize-diagnostics-path /Users/rogerlin/Library/Developer/Xcode/DerivedData/FinancialCalculatorKit-ackorybalcxbfocbkqsfdzcfkgmn/Build/Intermediates.noindex/FinancialCalculatorKit.build/Debug/FinancialCalculatorKit.build/Objects-normal/arm64/TimeValueResultView.dia -emit-dependencies-path /Users/rogerlin/Library/Developer/Xcode/DerivedData/FinancialCalculatorKit-ackorybalcxbfocbkqsfdzcfkgmn/Build/Intermediates.noindex/FinancialCalculatorKit.build/Debug/FinancialCalculatorKit.build/Objects-normal/arm64/UnitConverterView.d -emit-const-values-path /Users/rogerlin/Library/Developer/Xcode/DerivedData/FinancialCalculatorKit-ackorybalcxbfocbkqsfdzcfkgmn/Build/Intermediates.noindex/FinancialCalculatorKit.build/Debug/FinancialCalculatorKit.build/Objects-normal/arm64/UnitConverterView.swiftconstvalues -emit-reference-dependencies-path /Users/rogerlin/Library/Developer/Xcode/DerivedData/FinancialCalculatorKit-ackorybalcxbfocbkqsfdzcfkgmn/Build/Intermediates.noindex/FinancialCalculatorKit.build/Debug/FinancialCalculatorKit.build/Objects-normal/arm64/UnitConverterView.swiftdeps -serialize-diagnostics-path /Users/rogerlin/Library/Developer/Xcode/DerivedData/FinancialCalculatorKit-ackorybalcxbfocbkqsfdzcfkgmn/Build/Intermediates.noindex/FinancialCalculatorKit.build/Debug/FinancialCalculatorKit.build/Objects-normal/arm64/UnitConverterView.dia -emit-localized-strings -emit-localized-strings-path /Users/rogerlin/Library/Developer/Xcode/DerivedData/FinancialCalculatorKit-ackorybalcxbfocbkqsfdzcfkgmn/Build/Intermediates.noindex/FinancialCalculatorKit.build/Debug/FinancialCalculatorKit.build/Objects-normal/arm64 -target arm64-apple-macos14.0 -module-can-import-version AppKit 2685.20.119 2685.20.119 -module-can-import-version DeveloperToolsSupport 23.0.4 23.0.4 -module-can-import-version SwiftUI 7.1.13.1 7.1.13 -disable-cross-import-overlay-search -swift-module-cross-import SwiftData /Applications/Xcode.app/Contents/Developer/Platforms/MacOSX.platform/Developer/SDKs/MacOSX26.1.sdk/System/Library/Frameworks/SwiftData.framework/Modules/SwiftData.swiftcrossimport/CoreData.swiftoverlay -swift-module-cross-import SwiftData /Applications/Xcode.app/Contents/Developer/Platforms/MacOSX.platform/Developer/SDKs/MacOSX26.1.sdk/System/Library/Frameworks/SwiftData.framework/Modules/SwiftData.swiftcrossimport/SwiftUI.swiftoverlay -load-resolved-plugin \#/Users/rogerlin/Library/Developer/Xcode/DerivedData/FinancialCalculatorKit-ackorybalcxbfocbkqsfdzcfkgmn/Build/Products/Debug/CasePathsMacros\#CasePathsMacros -load-resolved-plugin /Applications/Xcode.app/Contents/Developer/Platforms/MacOSX.platform/Developer/usr/lib/swift/host/plugins/libFoundationMacros.dylib\#/Applications/Xcode.app/Contents/Developer/Platforms/MacOSX.platform/Developer/usr/bin/swift-plugin-server\#FoundationMacros -load-resolved-plugin /Applications/Xcode.app/Contents/Developer/Platforms/MacOSX.platform/Developer/usr/lib/swift/host/plugins/libObservationMacros.dylib\#/Applications/Xcode.app/Contents/Developer/Platforms/MacOSX.platform/Developer/usr/bin/swift-plugin-server\#ObservationMacros -load-resolved-plugin /Applications/Xcode.app/Contents/Developer/Platforms/MacOSX.platform/Developer/usr/lib/swift/host/plugins/libPreviewsMacros.dylib\#/Applications/Xcode.app/Contents/Developer/Platforms/MacOSX.platform/Developer/usr/bin/swift-plugin-server\#PreviewsMacros -load-resolved-plugin /Applications/Xcode.app/Contents/Developer/Platforms/MacOSX.platform/Developer/usr/lib/swift/host/plugins/libSwiftDataMacros.dylib\#/Applications/Xcode.app/Contents/Developer/Platforms/MacOSX.platform/Developer/usr/bin/swift-plugin-server\#SwiftDataMacros -load-resolved-plugin /Applications/Xcode.app/Contents/Developer/Platforms/MacOSX.platform/Developer/usr/lib/swift/host/plugins/libSwiftMacros.dylib\#/Applications/Xcode.app/Contents/Developer/Platforms/MacOSX.platform/Developer/usr/bin/swift-plugin-server\#SwiftMacros -load-resolved-plugin /Applications/Xcode.app/Contents/Developer/Platforms/MacOSX.platform/Developer/usr/lib/swift/host/plugins/libSwiftUIMacros.dylib\#/Applications/Xcode.app/Contents/Developer/Platforms/MacOSX.platform/Developer/usr/bin/swift-plugin-server\#SwiftUIMacros -disable-implicit-swift-modules -Xcc -fno-implicit-modules -Xcc -fno-implicit-module-maps -explicit-swift-module-map-file /Users/rogerlin/Library/Developer/Xcode/DerivedData/FinancialCalculatorKit-ackorybalcxbfocbkqsfdzcfkgmn/Build/Intermediates.noindex/FinancialCalculatorKit.build/Debug/FinancialCalculatorKit.build/Objects-normal/arm64/FinancialCalculatorKit-dependencies-1.json -Xllvm -aarch64-use-tbi -enable-objc-interop -stack-check -sdk /Applications/Xcode.app/Contents/Developer/Platforms/MacOSX.platform/Developer/SDKs/MacOSX26.1.sdk -I /Users/rogerlin/Library/Developer/Xcode/DerivedData/FinancialCalculatorKit-ackorybalcxbfocbkqsfdzcfkgmn/Build/Products/Debug -F /Users/rogerlin/Library/Developer/Xcode/DerivedData/FinancialCalculatorKit-ackorybalcxbfocbkqsfdzcfkgmn/Build/Products/Debug/PackageFrameworks -F /Users/rogerlin/Library/Developer/Xcode/DerivedData/FinancialCalculatorKit-ackorybalcxbfocbkqsfdzcfkgmn/Build/Products/Debug/PackageFrameworks -F /Users/rogerlin/Library/Developer/Xcode/DerivedData/FinancialCalculatorKit-ackorybalcxbfocbkqsfdzcfkgmn/Build/Products/Debug/PackageFrameworks -F /Users/rogerlin/Library/Developer/Xcode/DerivedData/FinancialCalculatorKit-ackorybalcxbfocbkqsfdzcfkgmn/Build/Products/Debug/PackageFrameworks -F /Users/rogerlin/Library/Developer/Xcode/DerivedData/FinancialCalculatorKit-ackorybalcxbfocbkqsfdzcfkgmn/Build/Products/Debug/PackageFrameworks -F /Users/rogerlin/Library/Developer/Xcode/DerivedData/FinancialCalculatorKit-ackorybalcxbfocbkqsfdzcfkgmn/Build/Products/Debug/PackageFrameworks -F /Users/rogerlin/Library/Developer/Xcode/DerivedData/FinancialCalculatorKit-ackorybalcxbfocbkqsfdzcfkgmn/Build/Products/Debug/PackageFrameworks -F /Users/rogerlin/Library/Developer/Xcode/DerivedData/FinancialCalculatorKit-ackorybalcxbfocbkqsfdzcfkgmn/Build/Products/Debug/PackageFrameworks -F /Users/rogerlin/Library/Developer/Xcode/DerivedData/FinancialCalculatorKit-ackorybalcxbfocbkqsfdzcfkgmn/Build/Products/Debug/PackageFrameworks -F /Users/rogerlin/Library/Developer/Xcode/DerivedData/FinancialCalculatorKit-ackorybalcxbfocbkqsfdzcfkgmn/Build/Products/Debug/PackageFrameworks -F /Users/rogerlin/Library/Developer/Xcode/DerivedData/FinancialCalculatorKit-ackorybalcxbfocbkqsfdzcfkgmn/Build/Products/Debug/PackageFrameworks -F /Users/rogerlin/Library/Developer/Xcode/DerivedData/FinancialCalculatorKit-ackorybalcxbfocbkqsfdzcfkgmn/Build/Products/Debug/PackageFrameworks -F /Users/rogerlin/Library/Developer/Xcode/DerivedData/FinancialCalculatorKit-ackorybalcxbfocbkqsfdzcfkgmn/Build/Products/Debug/PackageFrameworks -F /Users/rogerlin/Library/Developer/Xcode/DerivedData/FinancialCalculatorKit-ackorybalcxbfocbkqsfdzcfkgmn/Build/Products/Debug/PackageFrameworks -F /Users/rogerlin/Library/Developer/Xcode/DerivedData/FinancialCalculatorKit-ackorybalcxbfocbkqsfdzcfkgmn/Build/Products/Debug/PackageFrameworks -F /Users/rogerlin/Library/Developer/Xcode/DerivedData/FinancialCalculatorKit-ackorybalcxbfocbkqsfdzcfkgmn/Build/Products/Debug/PackageFrameworks -F /Users/rogerlin/Library/Developer/Xcode/DerivedData/FinancialCalculatorKit-ackorybalcxbfocbkqsfdzcfkgmn/Build/Products/Debug/PackageFrameworks -F /Users/rogerlin/Library/Developer/Xcode/DerivedData/FinancialCalculatorKit-ackorybalcxbfocbkqsfdzcfkgmn/Build/Products/Debug/PackageFrameworks -F /Users/rogerlin/Library/Developer/Xcode/DerivedData/FinancialCalculatorKit-ackorybalcxbfocbkqsfdzcfkgmn/Build/Products/Debug/PackageFrameworks -F /Users/rogerlin/Library/Developer/Xcode/DerivedData/FinancialCalculatorKit-ackorybalcxbfocbkqsfdzcfkgmn/Build/Products/Debug -no-color-diagnostics -Xcc -fno-color-diagnostics -enable-testing -g -debug-info-format\=dwarf -dwarf-version\=4 -module-cache-path /Users/rogerlin/Library/Developer/Xcode/DerivedData/FinancialCalculatorKit-ackorybalcxbfocbkqsfdzcfkgmn/Build/Intermediates.noindex/SwiftExplicitPrecompiledModules -profile-generate -profile-coverage-mapping -swift-version 5 -enforce-exclusivity\=checked -Onone -D DEBUG -serialize-debugging-options -load-plugin-executable /Users/rogerlin/Library/Developer/Xcode/DerivedData/FinancialCalculatorKit-ackorybalcxbfocbkqsfdzcfkgmn/Build/Products/Debug/CasePathsMacros\#CasePathsMacros -const-gather-protocols-file /Users/rogerlin/Library/Developer/Xcode/DerivedData/FinancialCalculatorKit-ackorybalcxbfocbkqsfdzcfkgmn/Build/Intermediates.noindex/FinancialCalculatorKit.build/Debug/FinancialCalculatorKit.build/Objects-normal/arm64/FinancialCalculatorKit_const_extract_protocols.json -enable-experimental-feature DebugDescriptionMacro -enable-bare-slash-regex -empty-abi-descriptor -validate-clang-modules-once -clang-build-session-file /Users/rogerlin/Library/Developer/Xcode/DerivedData/ModuleCache.noindex/Session.modulevalidation -Xcc -working-directory -Xcc /Users/rogerlin/XCode-Projects/FinancialCalculatorKit-5.0-updated-accent-colors -enable-anonymous-context-mangled-names -file-compilation-dir /Users/rogerlin/XCode-Projects/FinancialCalculatorKit-5.0-updated-accent-colors -Xcc -D_LIBCPP_HARDENING_MODE\=_LIBCPP_HARDENING_MODE_DEBUG -Xcc -ivfsstatcache -Xcc /Users/rogerlin/Library/Developer/Xcode/DerivedData/SDKStatCaches.noindex/macosx26.1-25B74-3ae1261907bdadc328169391a47051a6.sdkstatcache -Xcc -I/Users/rogerlin/Library/Developer/Xcode/DerivedData/FinancialCalculatorKit-ackorybalcxbfocbkqsfdzcfkgmn/Build/Intermediates.noindex/FinancialCalculatorKit.build/Debug/FinancialCalculatorKit.build/swift-overrides.hmap -Xcc -iquote -Xcc /Users/rogerlin/Library/Developer/Xcode/DerivedData/FinancialCalculatorKit-ackorybalcxbfocbkqsfdzcfkgmn/Build/Intermediates.noindex/FinancialCalculatorKit.build/Debug/FinancialCalculatorKit.build/FinancialCalculatorKit-generated-files.hmap -Xcc -I/Users/rogerlin/Library/Developer/Xcode/DerivedData/FinancialCalculatorKit-ackorybalcxbfocbkqsfdzcfkgmn/Build/Intermediates.noindex/FinancialCalculatorKit.build/Debug/FinancialCalculatorKit.build/FinancialCalculatorKit-own-target-headers.hmap -Xcc -I/Users/rogerlin/Library/Developer/Xcode/DerivedData/FinancialCalculatorKit-ackorybalcxbfocbkqsfdzcfkgmn/Build/Intermediates.noindex/FinancialCalculatorKit.build/Debug/FinancialCalculatorKit.build/FinancialCalculatorKit-all-non-framework-target-headers.hmap -Xcc -ivfsoverlay -Xcc /Users/rogerlin/Library/Developer/Xcode/DerivedData/FinancialCalculatorKit-ackorybalcxbfocbkqsfdzcfkgmn/Build/Intermediates.noindex/FinancialCalculatorKit.build/Debug/FinancialCalculatorKit-b796aaad08c4b307251b75ea7c01aae2-VFS/all-product-headers.yaml -Xcc -iquote -Xcc /Users/rogerlin/Library/Developer/Xcode/DerivedData/FinancialCalculatorKit-ackorybalcxbfocbkqsfdzcfkgmn/Build/Intermediates.noindex/FinancialCalculatorKit.build/Debug/FinancialCalculatorKit.build/FinancialCalculatorKit-project-headers.hmap -Xcc -I/Users/rogerlin/Library/Developer/Xcode/DerivedData/FinancialCalculatorKit-ackorybalcxbfocbkqsfdzcfkgmn/SourcePackages/checkouts/swift-numerics/Sources/_NumericsShims/include -Xcc -I/Users/rogerlin/Library/Developer/Xcode/DerivedData/FinancialCalculatorKit-ackorybalcxbfocbkqsfdzcfkgmn/Build/Products/Debug/include -Xcc -I/Users/rogerlin/Library/Developer/Xcode/DerivedData/FinancialCalculatorKit-ackorybalcxbfocbkqsfdzcfkgmn/Build/Intermediates.noindex/FinancialCalculatorKit.build/Debug/FinancialCalculatorKit.build/DerivedSources-normal/arm64 -Xcc -I/Users/rogerlin/Library/Developer/Xcode/DerivedData/FinancialCalculatorKit-ackorybalcxbfocbkqsfdzcfkgmn/Build/Intermediates.noindex/FinancialCalculatorKit.build/Debug/FinancialCalculatorKit.build/DerivedSources/arm64 -Xcc -I/Users/rogerlin/Library/Developer/Xcode/DerivedData/FinancialCalculatorKit-ackorybalcxbfocbkqsfdzcfkgmn/Build/Intermediates.noindex/FinancialCalculatorKit.build/Debug/FinancialCalculatorKit.build/DerivedSources -Xcc -DDEBUG\=1 -no-auto-bridging-header-chaining -module-name FinancialCalculatorKit -frontend-parseable-output -disable-clang-spi -target-sdk-version 26.1 -target-sdk-name macosx26.1 -clang-target arm64-apple-macos26.1 -in-process-plugin-server-path /Applications/Xcode.app/Contents/Developer/Toolchains/XcodeDefault.xctoolchain/usr/lib/swift/host/libSwiftInProcPluginServer.dylib -o /Users/rogerlin/Library/Developer/Xcode/DerivedData/FinancialCalculatorKit-ackorybalcxbfocbkqsfdzcfkgmn/Build/Intermediates.noindex/FinancialCalculatorKit.build/Debug/FinancialCalculatorKit.build/Objects-normal/arm64/TimeValueResultView.o -o /Users/rogerlin/Library/Developer/Xcode/DerivedData/FinancialCalculatorKit-ackorybalcxbfocbkqsfdzcfkgmn/Build/Intermediates.noindex/FinancialCalculatorKit.build/Debug/FinancialCalculatorKit.build/Objects-normal/arm64/UnitConverterView.o -index-unit-output-path /FinancialCalculatorKit.build/Debug/FinancialCalculatorKit.build/Objects-normal/arm64/TimeValueResultView.o -index-unit-output-path /FinancialCalculatorKit.build/Debug/FinancialCalculatorKit.build/Objects-normal/arm64/UnitConverterView.o -index-store-path /Users/rogerlin/Library/Developer/Xcode/DerivedData/FinancialCalculatorKit-ackorybalcxbfocbkqsfdzcfkgmn/Index.noindex/DataStore -index-system-modules

SwiftCompile normal arm64 /Users/rogerlin/XCode-Projects/FinancialCalculatorKit-5.0-updated-accent-colors/FinancialCalculatorKit/Views/Calculator/TimeValueResultView.swift (in target 'FinancialCalculatorKit' from project 'FinancialCalculatorKit')
    cd /Users/rogerlin/XCode-Projects/FinancialCalculatorKit-5.0-updated-accent-colors
    

SwiftCompile normal arm64 /Users/rogerlin/XCode-Projects/FinancialCalculatorKit-5.0-updated-accent-colors/FinancialCalculatorKit/Views/Calculator/UnitConverterView.swift (in target 'FinancialCalculatorKit' from project 'FinancialCalculatorKit')
    cd /Users/rogerlin/XCode-Projects/FinancialCalculatorKit-5.0-updated-accent-colors
    

SwiftCompile normal arm64 Compiling\ VariableManagementView.swift,\ FinancialChartView.swift /Users/rogerlin/XCode-Projects/FinancialCalculatorKit-5.0-updated-accent-colors/FinancialCalculatorKit/Views/Calculator/VariableManagementView.swift /Users/rogerlin/XCode-Projects/FinancialCalculatorKit-5.0-updated-accent-colors/FinancialCalculatorKit/Views/Charts/FinancialChartView.swift (in target 'FinancialCalculatorKit' from project 'FinancialCalculatorKit')
/Applications/Xcode.app/Contents/Developer/Toolchains/XcodeDefault.xctoolchain/usr/bin/swift-frontend -frontend -c /Users/rogerlin/XCode-Projects/FinancialCalculatorKit-5.0-updated-accent-colors/FinancialCalculatorKit/Models/Bond/AdvancedBondModels.swift /Users/rogerlin/XCode-Projects/FinancialCalculatorKit-5.0-updated-accent-colors/FinancialCalculatorKit/Models/Bond/YieldCurveTypes.swift /Users/rogerlin/XCode-Projects/FinancialCalculatorKit-5.0-updated-accent-colors/FinancialCalculatorKit/Models/Calculation/BondCalculation.swift /Users/rogerlin/XCode-Projects/FinancialCalculatorKit-5.0-updated-accent-colors/FinancialCalculatorKit/Models/Calculation/CalculationMetadata.swift /Users/rogerlin/XCode-Projects/FinancialCalculatorKit-5.0-updated-accent-colors/FinancialCalculatorKit/Models/Calculation/DepreciationCalculation.swift /Users/rogerlin/XCode-Projects/FinancialCalculatorKit-5.0-updated-accent-colors/FinancialCalculatorKit/Models/Calculation/FinancialCalculation.swift /Users/rogerlin/XCode-Projects/FinancialCalculatorKit-5.0-updated-accent-colors/FinancialCalculatorKit/Models/Calculation/InvestmentCalculation.swift /Users/rogerlin/XCode-Projects/FinancialCalculatorKit-5.0-updated-accent-colors/FinancialCalculatorKit/Models/Calculation/LoanCalculation.swift /Users/rogerlin/XCode-Projects/FinancialCalculatorKit-5.0-updated-accent-colors/FinancialCalculatorKit/Models/Calculation/TimeValueCalculation.swift /Users/rogerlin/XCode-Projects/FinancialCalculatorKit-5.0-updated-accent-colors/FinancialCalculatorKit/Models/Enums/CalculationType.swift /Users/rogerlin/XCode-Projects/FinancialCalculatorKit-5.0-updated-accent-colors/FinancialCalculatorKit/Models/Enums/Currency.swift /Users/rogerlin/XCode-Projects/FinancialCalculatorKit-5.0-updated-accent-colors/FinancialCalculatorKit/Models/Enums/LoanType.swift /Users/rogerlin/XCode-Projects/FinancialCalculatorKit-5.0-updated-accent-colors/FinancialCalculatorKit/Models/Enums/PaymentFrequency.swift /Users/rogerlin/XCode-Projects/FinancialCalculatorKit-5.0-updated-accent-colors/FinancialCalculatorKit/Models/Enums/TimeValueVariable.swift /Users/rogerlin/XCode-Projects/FinancialCalculatorKit-5.0-updated-accent-colors/FinancialCalculatorKit/Models/Formula/FormulaReference.swift /Users/rogerlin/XCode-Projects/FinancialCalculatorKit-5.0-updated-accent-colors/FinancialCalculatorKit/Models/FRED/FREDModels.swift /Users/rogerlin/XCode-Projects/FinancialCalculatorKit-5.0-updated-accent-colors/FinancialCalculatorKit/Models/Options/AdvancedOptionsModels.swift /Users/rogerlin/XCode-Projects/FinancialCalculatorKit-5.0-updated-accent-colors/FinancialCalculatorKit/Models/ScientificCalculator/EquationDocument.swift /Users/rogerlin/XCode-Projects/FinancialCalculatorKit-5.0-updated-accent-colors/FinancialCalculatorKit/Models/ScientificCalculator/VariableStore.swift /Users/rogerlin/XCode-Projects/FinancialCalculatorKit-5.0-updated-accent-colors/FinancialCalculatorKit/Protocols/FinancialComputable.swift /Users/rogerlin/XCode-Projects/FinancialCalculatorKit-5.0-updated-accent-colors/FinancialCalculatorKit/Services/Bond/AdvancedBondPricingEngine.swift /Users/rogerlin/XCode-Projects/FinancialCalculatorKit-5.0-updated-accent-colors/FinancialCalculatorKit/Services/Options/AdvancedOptionsPricingEngine.swift /Users/rogerlin/XCode-Projects/FinancialCalculatorKit-5.0-updated-accent-colors/FinancialCalculatorKit/Services/AdvancedExpressionParser.swift /Users/rogerlin/XCode-Projects/FinancialCalculatorKit-5.0-updated-accent-colors/FinancialCalculatorKit/Services/AdvancedIRRCalculator.swift /Users/rogerlin/XCode-Projects/FinancialCalculatorKit-5.0-updated-accent-colors/FinancialCalculatorKit/Services/AdvancedMathFunctions.swift /Users/rogerlin/XCode-Projects/FinancialCalculatorKit-5.0-updated-accent-colors/FinancialCalculatorKit/Services/CalculationEngine.swift /Users/rogerlin/XCode-Projects/FinancialCalculatorKit-5.0-updated-accent-colors/FinancialCalculatorKit/Services/CSVHelper.swift /Users/rogerlin/XCode-Projects/FinancialCalculatorKit-5.0-updated-accent-colors/FinancialCalculatorKit/Services/CurrencyConversionService.swift /Users/rogerlin/XCode-Projects/FinancialCalculatorKit-5.0-updated-accent-colors/FinancialCalculatorKit/Services/ExchangeRateService.swift /Users/rogerlin/XCode-Projects/FinancialCalculatorKit-5.0-updated-accent-colors/FinancialCalculatorKit/Services/FinancialCalculator.swift /Users/rogerlin/XCode-Projects/FinancialCalculatorKit-5.0-updated-accent-colors/FinancialCalculatorKit/Services/FinancialValidation.swift /Users/rogerlin/XCode-Projects/FinancialCalculatorKit-5.0-updated-accent-colors/FinancialCalculatorKit/Services/FormulaAutoComplete.swift /Users/rogerlin/XCode-Projects/FinancialCalculatorKit-5.0-updated-accent-colors/FinancialCalculatorKit/Services/FREDService.swift /Users/rogerlin/XCode-Projects/FinancialCalculatorKit-5.0-updated-accent-colors/FinancialCalculatorKit/Services/HighPrecisionMath.swift /Users/rogerlin/XCode-Projects/FinancialCalculatorKit-5.0-updated-accent-colors/FinancialCalculatorKit/Services/HighPrecisionTestSuite.swift /Users/rogerlin/XCode-Projects/FinancialCalculatorKit-5.0-updated-accent-colors/FinancialCalculatorKit/Services/HighPrecisionValidation.swift /Users/rogerlin/XCode-Projects/FinancialCalculatorKit-5.0-updated-accent-colors/FinancialCalculatorKit/Services/TickerHistoryService.swift /Users/rogerlin/XCode-Projects/FinancialCalculatorKit-5.0-updated-accent-colors/FinancialCalculatorKit/Services/ValidationExtensions.swift /Users/rogerlin/XCode-Projects/FinancialCalculatorKit-5.0-updated-accent-colors/FinancialCalculatorKit/Services/ValidationService.swift /Users/rogerlin/XCode-Projects/FinancialCalculatorKit-5.0-updated-accent-colors/FinancialCalculatorKit/Services/ValidationTestSuite.swift /Users/rogerlin/XCode-Projects/FinancialCalculatorKit-5.0-updated-accent-colors/FinancialCalculatorKit/Utilities/Extensions/Date+Financial.swift /Users/rogerlin/XCode-Projects/FinancialCalculatorKit-5.0-updated-accent-colors/FinancialCalculatorKit/Utilities/Extensions/Double+Financial.swift /Users/rogerlin/XCode-Projects/FinancialCalculatorKit-5.0-updated-accent-colors/FinancialCalculatorKit/Utilities/CashFlowsTransformer.swift /Users/rogerlin/XCode-Projects/FinancialCalculatorKit-5.0-updated-accent-colors/FinancialCalculatorKit/Utilities/Formatters.swift /Users/rogerlin/XCode-Projects/FinancialCalculatorKit-5.0-updated-accent-colors/FinancialCalculatorKit/ViewHelpers/FormulaViewHelper.swift /Users/rogerlin/XCode-Projects/FinancialCalculatorKit-5.0-updated-accent-colors/FinancialCalculatorKit/ViewModels/MainViewModel.swift /Users/rogerlin/XCode-Projects/FinancialCalculatorKit-5.0-updated-accent-colors/FinancialCalculatorKit/Views/Calculator/AdvancedBondCalculatorView.swift /Users/rogerlin/XCode-Projects/FinancialCalculatorKit-5.0-updated-accent-colors/FinancialCalculatorKit/Views/Calculator/AmortizationView.swift /Users/rogerlin/XCode-Projects/FinancialCalculatorKit-5.0-updated-accent-colors/FinancialCalculatorKit/Views/Calculator/BondCalculatorView.swift /Users/rogerlin/XCode-Projects/FinancialCalculatorKit-5.0-updated-accent-colors/FinancialCalculatorKit/Views/Calculator/CompactCalculatorView.swift /Users/rogerlin/XCode-Projects/FinancialCalculatorKit-5.0-updated-accent-colors/FinancialCalculatorKit/Views/Calculator/CurrencyConverterView.swift /Users/rogerlin/XCode-Projects/FinancialCalculatorKit-5.0-updated-accent-colors/FinancialCalculatorKit/Views/Calculator/CustomScientificKeyboard.swift /Users/rogerlin/XCode-Projects/FinancialCalculatorKit-5.0-updated-accent-colors/FinancialCalculatorKit/Views/Calculator/DepreciationCalculatorView.swift /Users/rogerlin/XCode-Projects/FinancialCalculatorKit-5.0-updated-accent-colors/FinancialCalculatorKit/Views/Calculator/DocumentListView.swift /Users/rogerlin/XCode-Projects/FinancialCalculatorKit-5.0-updated-accent-colors/FinancialCalculatorKit/Views/Calculator/EquityValuationView.swift /Users/rogerlin/XCode-Projects/FinancialCalculatorKit-5.0-updated-accent-colors/FinancialCalculatorKit/Views/Calculator/FixedIncomeAnalyticsView.swift /Users/rogerlin/XCode-Projects/FinancialCalculatorKit-5.0-updated-accent-colors/FinancialCalculatorKit/Views/Calculator/FormulaLibraryView.swift /Users/rogerlin/XCode-Projects/FinancialCalculatorKit-5.0-updated-accent-colors/FinancialCalculatorKit/Views/Calculator/ForwardsCalculatorView.swift /Users/rogerlin/XCode-Projects/FinancialCalculatorKit-5.0-updated-accent-colors/FinancialCalculatorKit/Views/Calculator/FuturesCalculatorView.swift /Users/rogerlin/XCode-Projects/FinancialCalculatorKit-5.0-updated-accent-colors/FinancialCalculatorKit/Views/Calculator/FutureValueView.swift /Users/rogerlin/XCode-Projects/FinancialCalculatorKit-5.0-updated-accent-colors/FinancialCalculatorKit/Views/Calculator/HighPrecisionCalculatorView.swift /Users/rogerlin/XCode-Projects/FinancialCalculatorKit-5.0-updated-accent-colors/FinancialCalculatorKit/Views/Calculator/InvestmentCalculatorView.swift /Users/rogerlin/XCode-Projects/FinancialCalculatorKit-5.0-updated-accent-colors/FinancialCalculatorKit/Views/Calculator/LoanCalculatorView.swift /Users/rogerlin/XCode-Projects/FinancialCalculatorKit-5.0-updated-accent-colors/FinancialCalculatorKit/Views/Calculator/LoanResultView.swift /Users/rogerlin/XCode-Projects/FinancialCalculatorKit-5.0-updated-accent-colors/FinancialCalculatorKit/Views/Calculator/MathExpressionCalculatorView.swift /Users/rogerlin/XCode-Projects/FinancialCalculatorKit-5.0-updated-accent-colors/FinancialCalculatorKit/Views/Calculator/OptionsCalculatorView.swift /Users/rogerlin/XCode-Projects/FinancialCalculatorKit-5.0-updated-accent-colors/FinancialCalculatorKit/Views/Calculator/OptionsStrategiesView.swift /Users/rogerlin/XCode-Projects/FinancialCalculatorKit-5.0-updated-accent-colors/FinancialCalculatorKit/Views/Calculator/PlaceholderViews.swift /Users/rogerlin/XCode-Projects/FinancialCalculatorKit-5.0-updated-accent-colors/FinancialCalculatorKit/Views/Calculator/PortfolioOptimizationView.swift /Users/rogerlin/XCode-Projects/FinancialCalculatorKit-5.0-updated-accent-colors/FinancialCalculatorKit/Views/Calculator/PrecisionDemoView.swift /Users/rogerlin/XCode-Projects/FinancialCalculatorKit-5.0-updated-accent-colors/FinancialCalculatorKit/Views/Calculator/RiskManagementView.swift /Users/rogerlin/XCode-Projects/FinancialCalculatorKit-5.0-updated-accent-colors/FinancialCalculatorKit/Views/Calculator/ScientificCalculatorView.swift /Users/rogerlin/XCode-Projects/FinancialCalculatorKit-5.0-updated-accent-colors/FinancialCalculatorKit/Views/Calculator/SwapsCalculatorView.swift /Users/rogerlin/XCode-Projects/FinancialCalculatorKit-5.0-updated-accent-colors/FinancialCalculatorKit/Views/Calculator/TemplateViews.swift /Users/rogerlin/XCode-Projects/FinancialCalculatorKit-5.0-updated-accent-colors/FinancialCalculatorKit/Views/Calculator/TickerHistoryView.swift /Users/rogerlin/XCode-Projects/FinancialCalculatorKit-5.0-updated-accent-colors/FinancialCalculatorKit/Views/Calculator/TimeValueCalculatorView.swift /Users/rogerlin/XCode-Projects/FinancialCalculatorKit-5.0-updated-accent-colors/FinancialCalculatorKit/Views/Calculator/TimeValueResultView.swift /Users/rogerlin/XCode-Projects/FinancialCalculatorKit-5.0-updated-accent-colors/FinancialCalculatorKit/Views/Calculator/UnitConverterView.swift -primary-file /Users/rogerlin/XCode-Projects/FinancialCalculatorKit-5.0-updated-accent-colors/FinancialCalculatorKit/Views/Calculator/VariableManagementView.swift -primary-file /Users/rogerlin/XCode-Projects/FinancialCalculatorKit-5.0-updated-accent-colors/FinancialCalculatorKit/Views/Charts/FinancialChartView.swift /Users/rogerlin/XCode-Projects/FinancialCalculatorKit-5.0-updated-accent-colors/FinancialCalculatorKit/Views/Charts/InteractiveFinancialCharts.swift /Users/rogerlin/XCode-Projects/FinancialCalculatorKit-5.0-updated-accent-colors/FinancialCalculatorKit/Views/Components/DetailRow.swift /Users/rogerlin/XCode-Projects/FinancialCalculatorKit-5.0-updated-accent-colors/FinancialCalculatorKit/Views/Components/DynamicInputSection.swift /Users/rogerlin/XCode-Projects/FinancialCalculatorKit-5.0-updated-accent-colors/FinancialCalculatorKit/Views/Components/EnhancedInputFields.swift /Users/rogerlin/XCode-Projects/FinancialCalculatorKit-5.0-updated-accent-colors/FinancialCalculatorKit/Views/Components/FinancialStyles.swift /Users/rogerlin/XCode-Projects/FinancialCalculatorKit-5.0-updated-accent-colors/FinancialCalculatorKit/Views/Components/InputFieldView.swift /Users/rogerlin/XCode-Projects/FinancialCalculatorKit-5.0-updated-accent-colors/FinancialCalculatorKit/Views/Components/InteractiveDataTables.swift /Users/rogerlin/XCode-Projects/FinancialCalculatorKit-5.0-updated-accent-colors/FinancialCalculatorKit/Views/Components/LoadingResultView.swift /Users/rogerlin/XCode-Projects/FinancialCalculatorKit-5.0-updated-accent-colors/FinancialCalculatorKit/Views/Components/NumbersOnlyViewModifier.swift /Users/rogerlin/XCode-Projects/FinancialCalculatorKit-5.0-updated-accent-colors/FinancialCalculatorKit/Views/Components/ResultDisplayView.swift /Users/rogerlin/XCode-Projects/FinancialCalculatorKit-5.0-updated-accent-colors/FinancialCalculatorKit/Views/Components/StatusIndicator.swift /Users/rogerlin/XCode-Projects/FinancialCalculatorKit-5.0-updated-accent-colors/FinancialCalculatorKit/Views/Components/ValidationSummaryView.swift /Users/rogerlin/XCode-Projects/FinancialCalculatorKit-5.0-updated-accent-colors/FinancialCalculatorKit/Views/FRED/FREDDataView.swift /Users/rogerlin/XCode-Projects/FinancialCalculatorKit-5.0-updated-accent-colors/FinancialCalculatorKit/Views/Reference/FormulaReferenceView.swift /Users/rogerlin/XCode-Projects/FinancialCalculatorKit-5.0-updated-accent-colors/FinancialCalculatorKit/Views/Reference/FormulaVariableView.swift /Users/rogerlin/XCode-Projects/FinancialCalculatorKit-5.0-updated-accent-colors/FinancialCalculatorKit/Views/Reference/FormulaVariantView.swift /Users/rogerlin/XCode-Projects/FinancialCalculatorKit-5.0-updated-accent-colors/FinancialCalculatorKit/ContentView.swift /Users/rogerlin/XCode-Projects/FinancialCalculatorKit-5.0-updated-accent-colors/FinancialCalculatorKit/FinancialCalculatorKitApp.swift /Users/rogerlin/XCode-Projects/FinancialCalculatorKit-5.0-updated-accent-colors/FinancialCalculatorKit/Item.swift /Users/rogerlin/Library/Developer/Xcode/DerivedData/FinancialCalculatorKit-ackorybalcxbfocbkqsfdzcfkgmn/Build/Intermediates.noindex/FinancialCalculatorKit.build/Debug/FinancialCalculatorKit.build/DerivedSources/GeneratedAssetSymbols.swift -emit-dependencies-path /Users/rogerlin/Library/Developer/Xcode/DerivedData/FinancialCalculatorKit-ackorybalcxbfocbkqsfdzcfkgmn/Build/Intermediates.noindex/FinancialCalculatorKit.build/Debug/FinancialCalculatorKit.build/Objects-normal/arm64/VariableManagementView.d -emit-const-values-path /Users/rogerlin/Library/Developer/Xcode/DerivedData/FinancialCalculatorKit-ackorybalcxbfocbkqsfdzcfkgmn/Build/Intermediates.noindex/FinancialCalculatorKit.build/Debug/FinancialCalculatorKit.build/Objects-normal/arm64/VariableManagementView.swiftconstvalues -emit-reference-dependencies-path /Users/rogerlin/Library/Developer/Xcode/DerivedData/FinancialCalculatorKit-ackorybalcxbfocbkqsfdzcfkgmn/Build/Intermediates.noindex/FinancialCalculatorKit.build/Debug/FinancialCalculatorKit.build/Objects-normal/arm64/VariableManagementView.swiftdeps -serialize-diagnostics-path /Users/rogerlin/Library/Developer/Xcode/DerivedData/FinancialCalculatorKit-ackorybalcxbfocbkqsfdzcfkgmn/Build/Intermediates.noindex/FinancialCalculatorKit.build/Debug/FinancialCalculatorKit.build/Objects-normal/arm64/VariableManagementView.dia -emit-dependencies-path /Users/rogerlin/Library/Developer/Xcode/DerivedData/FinancialCalculatorKit-ackorybalcxbfocbkqsfdzcfkgmn/Build/Intermediates.noindex/FinancialCalculatorKit.build/Debug/FinancialCalculatorKit.build/Objects-normal/arm64/FinancialChartView.d -emit-const-values-path /Users/rogerlin/Library/Developer/Xcode/DerivedData/FinancialCalculatorKit-ackorybalcxbfocbkqsfdzcfkgmn/Build/Intermediates.noindex/FinancialCalculatorKit.build/Debug/FinancialCalculatorKit.build/Objects-normal/arm64/FinancialChartView.swiftconstvalues -emit-reference-dependencies-path /Users/rogerlin/Library/Developer/Xcode/DerivedData/FinancialCalculatorKit-ackorybalcxbfocbkqsfdzcfkgmn/Build/Intermediates.noindex/FinancialCalculatorKit.build/Debug/FinancialCalculatorKit.build/Objects-normal/arm64/FinancialChartView.swiftdeps -serialize-diagnostics-path /Users/rogerlin/Library/Developer/Xcode/DerivedData/FinancialCalculatorKit-ackorybalcxbfocbkqsfdzcfkgmn/Build/Intermediates.noindex/FinancialCalculatorKit.build/Debug/FinancialCalculatorKit.build/Objects-normal/arm64/FinancialChartView.dia -emit-localized-strings -emit-localized-strings-path /Users/rogerlin/Library/Developer/Xcode/DerivedData/FinancialCalculatorKit-ackorybalcxbfocbkqsfdzcfkgmn/Build/Intermediates.noindex/FinancialCalculatorKit.build/Debug/FinancialCalculatorKit.build/Objects-normal/arm64 -target arm64-apple-macos14.0 -module-can-import-version AppKit 2685.20.119 2685.20.119 -module-can-import-version DeveloperToolsSupport 23.0.4 23.0.4 -module-can-import-version SwiftUI 7.1.13.1 7.1.13 -disable-cross-import-overlay-search -swift-module-cross-import SwiftData /Applications/Xcode.app/Contents/Developer/Platforms/MacOSX.platform/Developer/SDKs/MacOSX26.1.sdk/System/Library/Frameworks/SwiftData.framework/Modules/SwiftData.swiftcrossimport/CoreData.swiftoverlay -swift-module-cross-import SwiftData /Applications/Xcode.app/Contents/Developer/Platforms/MacOSX.platform/Developer/SDKs/MacOSX26.1.sdk/System/Library/Frameworks/SwiftData.framework/Modules/SwiftData.swiftcrossimport/SwiftUI.swiftoverlay -load-resolved-plugin \#/Users/rogerlin/Library/Developer/Xcode/DerivedData/FinancialCalculatorKit-ackorybalcxbfocbkqsfdzcfkgmn/Build/Products/Debug/CasePathsMacros\#CasePathsMacros -load-resolved-plugin /Applications/Xcode.app/Contents/Developer/Platforms/MacOSX.platform/Developer/usr/lib/swift/host/plugins/libFoundationMacros.dylib\#/Applications/Xcode.app/Contents/Developer/Platforms/MacOSX.platform/Developer/usr/bin/swift-plugin-server\#FoundationMacros -load-resolved-plugin /Applications/Xcode.app/Contents/Developer/Platforms/MacOSX.platform/Developer/usr/lib/swift/host/plugins/libObservationMacros.dylib\#/Applications/Xcode.app/Contents/Developer/Platforms/MacOSX.platform/Developer/usr/bin/swift-plugin-server\#ObservationMacros -load-resolved-plugin /Applications/Xcode.app/Contents/Developer/Platforms/MacOSX.platform/Developer/usr/lib/swift/host/plugins/libPreviewsMacros.dylib\#/Applications/Xcode.app/Contents/Developer/Platforms/MacOSX.platform/Developer/usr/bin/swift-plugin-server\#PreviewsMacros -load-resolved-plugin /Applications/Xcode.app/Contents/Developer/Platforms/MacOSX.platform/Developer/usr/lib/swift/host/plugins/libSwiftDataMacros.dylib\#/Applications/Xcode.app/Contents/Developer/Platforms/MacOSX.platform/Developer/usr/bin/swift-plugin-server\#SwiftDataMacros -load-resolved-plugin /Applications/Xcode.app/Contents/Developer/Platforms/MacOSX.platform/Developer/usr/lib/swift/host/plugins/libSwiftMacros.dylib\#/Applications/Xcode.app/Contents/Developer/Platforms/MacOSX.platform/Developer/usr/bin/swift-plugin-server\#SwiftMacros -load-resolved-plugin /Applications/Xcode.app/Contents/Developer/Platforms/MacOSX.platform/Developer/usr/lib/swift/host/plugins/libSwiftUIMacros.dylib\#/Applications/Xcode.app/Contents/Developer/Platforms/MacOSX.platform/Developer/usr/bin/swift-plugin-server\#SwiftUIMacros -disable-implicit-swift-modules -Xcc -fno-implicit-modules -Xcc -fno-implicit-module-maps -explicit-swift-module-map-file /Users/rogerlin/Library/Developer/Xcode/DerivedData/FinancialCalculatorKit-ackorybalcxbfocbkqsfdzcfkgmn/Build/Intermediates.noindex/FinancialCalculatorKit.build/Debug/FinancialCalculatorKit.build/Objects-normal/arm64/FinancialCalculatorKit-dependencies-1.json -Xllvm -aarch64-use-tbi -enable-objc-interop -stack-check -sdk /Applications/Xcode.app/Contents/Developer/Platforms/MacOSX.platform/Developer/SDKs/MacOSX26.1.sdk -I /Users/rogerlin/Library/Developer/Xcode/DerivedData/FinancialCalculatorKit-ackorybalcxbfocbkqsfdzcfkgmn/Build/Products/Debug -F /Users/rogerlin/Library/Developer/Xcode/DerivedData/FinancialCalculatorKit-ackorybalcxbfocbkqsfdzcfkgmn/Build/Products/Debug/PackageFrameworks -F /Users/rogerlin/Library/Developer/Xcode/DerivedData/FinancialCalculatorKit-ackorybalcxbfocbkqsfdzcfkgmn/Build/Products/Debug/PackageFrameworks -F /Users/rogerlin/Library/Developer/Xcode/DerivedData/FinancialCalculatorKit-ackorybalcxbfocbkqsfdzcfkgmn/Build/Products/Debug/PackageFrameworks -F /Users/rogerlin/Library/Developer/Xcode/DerivedData/FinancialCalculatorKit-ackorybalcxbfocbkqsfdzcfkgmn/Build/Products/Debug/PackageFrameworks -F /Users/rogerlin/Library/Developer/Xcode/DerivedData/FinancialCalculatorKit-ackorybalcxbfocbkqsfdzcfkgmn/Build/Products/Debug/PackageFrameworks -F /Users/rogerlin/Library/Developer/Xcode/DerivedData/FinancialCalculatorKit-ackorybalcxbfocbkqsfdzcfkgmn/Build/Products/Debug/PackageFrameworks -F /Users/rogerlin/Library/Developer/Xcode/DerivedData/FinancialCalculatorKit-ackorybalcxbfocbkqsfdzcfkgmn/Build/Products/Debug/PackageFrameworks -F /Users/rogerlin/Library/Developer/Xcode/DerivedData/FinancialCalculatorKit-ackorybalcxbfocbkqsfdzcfkgmn/Build/Products/Debug/PackageFrameworks -F /Users/rogerlin/Library/Developer/Xcode/DerivedData/FinancialCalculatorKit-ackorybalcxbfocbkqsfdzcfkgmn/Build/Products/Debug/PackageFrameworks -F /Users/rogerlin/Library/Developer/Xcode/DerivedData/FinancialCalculatorKit-ackorybalcxbfocbkqsfdzcfkgmn/Build/Products/Debug/PackageFrameworks -F /Users/rogerlin/Library/Developer/Xcode/DerivedData/FinancialCalculatorKit-ackorybalcxbfocbkqsfdzcfkgmn/Build/Products/Debug/PackageFrameworks -F /Users/rogerlin/Library/Developer/Xcode/DerivedData/FinancialCalculatorKit-ackorybalcxbfocbkqsfdzcfkgmn/Build/Products/Debug/PackageFrameworks -F /Users/rogerlin/Library/Developer/Xcode/DerivedData/FinancialCalculatorKit-ackorybalcxbfocbkqsfdzcfkgmn/Build/Products/Debug/PackageFrameworks -F /Users/rogerlin/Library/Developer/Xcode/DerivedData/FinancialCalculatorKit-ackorybalcxbfocbkqsfdzcfkgmn/Build/Products/Debug/PackageFrameworks -F /Users/rogerlin/Library/Developer/Xcode/DerivedData/FinancialCalculatorKit-ackorybalcxbfocbkqsfdzcfkgmn/Build/Products/Debug/PackageFrameworks -F /Users/rogerlin/Library/Developer/Xcode/DerivedData/FinancialCalculatorKit-ackorybalcxbfocbkqsfdzcfkgmn/Build/Products/Debug/PackageFrameworks -F /Users/rogerlin/Library/Developer/Xcode/DerivedData/FinancialCalculatorKit-ackorybalcxbfocbkqsfdzcfkgmn/Build/Products/Debug/PackageFrameworks -F /Users/rogerlin/Library/Developer/Xcode/DerivedData/FinancialCalculatorKit-ackorybalcxbfocbkqsfdzcfkgmn/Build/Products/Debug/PackageFrameworks -F /Users/rogerlin/Library/Developer/Xcode/DerivedData/FinancialCalculatorKit-ackorybalcxbfocbkqsfdzcfkgmn/Build/Products/Debug/PackageFrameworks -F /Users/rogerlin/Library/Developer/Xcode/DerivedData/FinancialCalculatorKit-ackorybalcxbfocbkqsfdzcfkgmn/Build/Products/Debug -no-color-diagnostics -Xcc -fno-color-diagnostics -enable-testing -g -debug-info-format\=dwarf -dwarf-version\=4 -module-cache-path /Users/rogerlin/Library/Developer/Xcode/DerivedData/FinancialCalculatorKit-ackorybalcxbfocbkqsfdzcfkgmn/Build/Intermediates.noindex/SwiftExplicitPrecompiledModules -profile-generate -profile-coverage-mapping -swift-version 5 -enforce-exclusivity\=checked -Onone -D DEBUG -serialize-debugging-options -load-plugin-executable /Users/rogerlin/Library/Developer/Xcode/DerivedData/FinancialCalculatorKit-ackorybalcxbfocbkqsfdzcfkgmn/Build/Products/Debug/CasePathsMacros\#CasePathsMacros -const-gather-protocols-file /Users/rogerlin/Library/Developer/Xcode/DerivedData/FinancialCalculatorKit-ackorybalcxbfocbkqsfdzcfkgmn/Build/Intermediates.noindex/FinancialCalculatorKit.build/Debug/FinancialCalculatorKit.build/Objects-normal/arm64/FinancialCalculatorKit_const_extract_protocols.json -enable-experimental-feature DebugDescriptionMacro -enable-bare-slash-regex -empty-abi-descriptor -validate-clang-modules-once -clang-build-session-file /Users/rogerlin/Library/Developer/Xcode/DerivedData/ModuleCache.noindex/Session.modulevalidation -Xcc -working-directory -Xcc /Users/rogerlin/XCode-Projects/FinancialCalculatorKit-5.0-updated-accent-colors -enable-anonymous-context-mangled-names -file-compilation-dir /Users/rogerlin/XCode-Projects/FinancialCalculatorKit-5.0-updated-accent-colors -Xcc -D_LIBCPP_HARDENING_MODE\=_LIBCPP_HARDENING_MODE_DEBUG -Xcc -ivfsstatcache -Xcc /Users/rogerlin/Library/Developer/Xcode/DerivedData/SDKStatCaches.noindex/macosx26.1-25B74-3ae1261907bdadc328169391a47051a6.sdkstatcache -Xcc -I/Users/rogerlin/Library/Developer/Xcode/DerivedData/FinancialCalculatorKit-ackorybalcxbfocbkqsfdzcfkgmn/Build/Intermediates.noindex/FinancialCalculatorKit.build/Debug/FinancialCalculatorKit.build/swift-overrides.hmap -Xcc -iquote -Xcc /Users/rogerlin/Library/Developer/Xcode/DerivedData/FinancialCalculatorKit-ackorybalcxbfocbkqsfdzcfkgmn/Build/Intermediates.noindex/FinancialCalculatorKit.build/Debug/FinancialCalculatorKit.build/FinancialCalculatorKit-generated-files.hmap -Xcc -I/Users/rogerlin/Library/Developer/Xcode/DerivedData/FinancialCalculatorKit-ackorybalcxbfocbkqsfdzcfkgmn/Build/Intermediates.noindex/FinancialCalculatorKit.build/Debug/FinancialCalculatorKit.build/FinancialCalculatorKit-own-target-headers.hmap -Xcc -I/Users/rogerlin/Library/Developer/Xcode/DerivedData/FinancialCalculatorKit-ackorybalcxbfocbkqsfdzcfkgmn/Build/Intermediates.noindex/FinancialCalculatorKit.build/Debug/FinancialCalculatorKit.build/FinancialCalculatorKit-all-non-framework-target-headers.hmap -Xcc -ivfsoverlay -Xcc /Users/rogerlin/Library/Developer/Xcode/DerivedData/FinancialCalculatorKit-ackorybalcxbfocbkqsfdzcfkgmn/Build/Intermediates.noindex/FinancialCalculatorKit.build/Debug/FinancialCalculatorKit-b796aaad08c4b307251b75ea7c01aae2-VFS/all-product-headers.yaml -Xcc -iquote -Xcc /Users/rogerlin/Library/Developer/Xcode/DerivedData/FinancialCalculatorKit-ackorybalcxbfocbkqsfdzcfkgmn/Build/Intermediates.noindex/FinancialCalculatorKit.build/Debug/FinancialCalculatorKit.build/FinancialCalculatorKit-project-headers.hmap -Xcc -I/Users/rogerlin/Library/Developer/Xcode/DerivedData/FinancialCalculatorKit-ackorybalcxbfocbkqsfdzcfkgmn/SourcePackages/checkouts/swift-numerics/Sources/_NumericsShims/include -Xcc -I/Users/rogerlin/Library/Developer/Xcode/DerivedData/FinancialCalculatorKit-ackorybalcxbfocbkqsfdzcfkgmn/Build/Products/Debug/include -Xcc -I/Users/rogerlin/Library/Developer/Xcode/DerivedData/FinancialCalculatorKit-ackorybalcxbfocbkqsfdzcfkgmn/Build/Intermediates.noindex/FinancialCalculatorKit.build/Debug/FinancialCalculatorKit.build/DerivedSources-normal/arm64 -Xcc -I/Users/rogerlin/Library/Developer/Xcode/DerivedData/FinancialCalculatorKit-ackorybalcxbfocbkqsfdzcfkgmn/Build/Intermediates.noindex/FinancialCalculatorKit.build/Debug/FinancialCalculatorKit.build/DerivedSources/arm64 -Xcc -I/Users/rogerlin/Library/Developer/Xcode/DerivedData/FinancialCalculatorKit-ackorybalcxbfocbkqsfdzcfkgmn/Build/Intermediates.noindex/FinancialCalculatorKit.build/Debug/FinancialCalculatorKit.build/DerivedSources -Xcc -DDEBUG\=1 -no-auto-bridging-header-chaining -module-name FinancialCalculatorKit -frontend-parseable-output -disable-clang-spi -target-sdk-version 26.1 -target-sdk-name macosx26.1 -clang-target arm64-apple-macos26.1 -in-process-plugin-server-path /Applications/Xcode.app/Contents/Developer/Toolchains/XcodeDefault.xctoolchain/usr/lib/swift/host/libSwiftInProcPluginServer.dylib -o /Users/rogerlin/Library/Developer/Xcode/DerivedData/FinancialCalculatorKit-ackorybalcxbfocbkqsfdzcfkgmn/Build/Intermediates.noindex/FinancialCalculatorKit.build/Debug/FinancialCalculatorKit.build/Objects-normal/arm64/VariableManagementView.o -o /Users/rogerlin/Library/Developer/Xcode/DerivedData/FinancialCalculatorKit-ackorybalcxbfocbkqsfdzcfkgmn/Build/Intermediates.noindex/FinancialCalculatorKit.build/Debug/FinancialCalculatorKit.build/Objects-normal/arm64/FinancialChartView.o -index-unit-output-path /FinancialCalculatorKit.build/Debug/FinancialCalculatorKit.build/Objects-normal/arm64/VariableManagementView.o -index-unit-output-path /FinancialCalculatorKit.build/Debug/FinancialCalculatorKit.build/Objects-normal/arm64/FinancialChartView.o -index-store-path /Users/rogerlin/Library/Developer/Xcode/DerivedData/FinancialCalculatorKit-ackorybalcxbfocbkqsfdzcfkgmn/Index.noindex/DataStore -index-system-modules

SwiftCompile normal arm64 /Users/rogerlin/XCode-Projects/FinancialCalculatorKit-5.0-updated-accent-colors/FinancialCalculatorKit/Views/Calculator/VariableManagementView.swift (in target 'FinancialCalculatorKit' from project 'FinancialCalculatorKit')
    cd /Users/rogerlin/XCode-Projects/FinancialCalculatorKit-5.0-updated-accent-colors
    

SwiftCompile normal arm64 /Users/rogerlin/XCode-Projects/FinancialCalculatorKit-5.0-updated-accent-colors/FinancialCalculatorKit/Views/Charts/FinancialChartView.swift (in target 'FinancialCalculatorKit' from project 'FinancialCalculatorKit')
    cd /Users/rogerlin/XCode-Projects/FinancialCalculatorKit-5.0-updated-accent-colors
    

SwiftCompile normal arm64 Compiling\ DepreciationCalculatorView.swift,\ DocumentListView.swift,\ EquityValuationView.swift /Users/rogerlin/XCode-Projects/FinancialCalculatorKit-5.0-updated-accent-colors/FinancialCalculatorKit/Views/Calculator/DepreciationCalculatorView.swift /Users/rogerlin/XCode-Projects/FinancialCalculatorKit-5.0-updated-accent-colors/FinancialCalculatorKit/Views/Calculator/DocumentListView.swift /Users/rogerlin/XCode-Projects/FinancialCalculatorKit-5.0-updated-accent-colors/FinancialCalculatorKit/Views/Calculator/EquityValuationView.swift (in target 'FinancialCalculatorKit' from project 'FinancialCalculatorKit')
/Applications/Xcode.app/Contents/Developer/Toolchains/XcodeDefault.xctoolchain/usr/bin/swift-frontend -frontend -c /Users/rogerlin/XCode-Projects/FinancialCalculatorKit-5.0-updated-accent-colors/FinancialCalculatorKit/Models/Bond/AdvancedBondModels.swift /Users/rogerlin/XCode-Projects/FinancialCalculatorKit-5.0-updated-accent-colors/FinancialCalculatorKit/Models/Bond/YieldCurveTypes.swift /Users/rogerlin/XCode-Projects/FinancialCalculatorKit-5.0-updated-accent-colors/FinancialCalculatorKit/Models/Calculation/BondCalculation.swift /Users/rogerlin/XCode-Projects/FinancialCalculatorKit-5.0-updated-accent-colors/FinancialCalculatorKit/Models/Calculation/CalculationMetadata.swift /Users/rogerlin/XCode-Projects/FinancialCalculatorKit-5.0-updated-accent-colors/FinancialCalculatorKit/Models/Calculation/DepreciationCalculation.swift /Users/rogerlin/XCode-Projects/FinancialCalculatorKit-5.0-updated-accent-colors/FinancialCalculatorKit/Models/Calculation/FinancialCalculation.swift /Users/rogerlin/XCode-Projects/FinancialCalculatorKit-5.0-updated-accent-colors/FinancialCalculatorKit/Models/Calculation/InvestmentCalculation.swift /Users/rogerlin/XCode-Projects/FinancialCalculatorKit-5.0-updated-accent-colors/FinancialCalculatorKit/Models/Calculation/LoanCalculation.swift /Users/rogerlin/XCode-Projects/FinancialCalculatorKit-5.0-updated-accent-colors/FinancialCalculatorKit/Models/Calculation/TimeValueCalculation.swift /Users/rogerlin/XCode-Projects/FinancialCalculatorKit-5.0-updated-accent-colors/FinancialCalculatorKit/Models/Enums/CalculationType.swift /Users/rogerlin/XCode-Projects/FinancialCalculatorKit-5.0-updated-accent-colors/FinancialCalculatorKit/Models/Enums/Currency.swift /Users/rogerlin/XCode-Projects/FinancialCalculatorKit-5.0-updated-accent-colors/FinancialCalculatorKit/Models/Enums/LoanType.swift /Users/rogerlin/XCode-Projects/FinancialCalculatorKit-5.0-updated-accent-colors/FinancialCalculatorKit/Models/Enums/PaymentFrequency.swift /Users/rogerlin/XCode-Projects/FinancialCalculatorKit-5.0-updated-accent-colors/FinancialCalculatorKit/Models/Enums/TimeValueVariable.swift /Users/rogerlin/XCode-Projects/FinancialCalculatorKit-5.0-updated-accent-colors/FinancialCalculatorKit/Models/Formula/FormulaReference.swift /Users/rogerlin/XCode-Projects/FinancialCalculatorKit-5.0-updated-accent-colors/FinancialCalculatorKit/Models/FRED/FREDModels.swift /Users/rogerlin/XCode-Projects/FinancialCalculatorKit-5.0-updated-accent-colors/FinancialCalculatorKit/Models/Options/AdvancedOptionsModels.swift /Users/rogerlin/XCode-Projects/FinancialCalculatorKit-5.0-updated-accent-colors/FinancialCalculatorKit/Models/ScientificCalculator/EquationDocument.swift /Users/rogerlin/XCode-Projects/FinancialCalculatorKit-5.0-updated-accent-colors/FinancialCalculatorKit/Models/ScientificCalculator/VariableStore.swift /Users/rogerlin/XCode-Projects/FinancialCalculatorKit-5.0-updated-accent-colors/FinancialCalculatorKit/Protocols/FinancialComputable.swift /Users/rogerlin/XCode-Projects/FinancialCalculatorKit-5.0-updated-accent-colors/FinancialCalculatorKit/Services/Bond/AdvancedBondPricingEngine.swift /Users/rogerlin/XCode-Projects/FinancialCalculatorKit-5.0-updated-accent-colors/FinancialCalculatorKit/Services/Options/AdvancedOptionsPricingEngine.swift /Users/rogerlin/XCode-Projects/FinancialCalculatorKit-5.0-updated-accent-colors/FinancialCalculatorKit/Services/AdvancedExpressionParser.swift /Users/rogerlin/XCode-Projects/FinancialCalculatorKit-5.0-updated-accent-colors/FinancialCalculatorKit/Services/AdvancedIRRCalculator.swift /Users/rogerlin/XCode-Projects/FinancialCalculatorKit-5.0-updated-accent-colors/FinancialCalculatorKit/Services/AdvancedMathFunctions.swift /Users/rogerlin/XCode-Projects/FinancialCalculatorKit-5.0-updated-accent-colors/FinancialCalculatorKit/Services/CalculationEngine.swift /Users/rogerlin/XCode-Projects/FinancialCalculatorKit-5.0-updated-accent-colors/FinancialCalculatorKit/Services/CSVHelper.swift /Users/rogerlin/XCode-Projects/FinancialCalculatorKit-5.0-updated-accent-colors/FinancialCalculatorKit/Services/CurrencyConversionService.swift /Users/rogerlin/XCode-Projects/FinancialCalculatorKit-5.0-updated-accent-colors/FinancialCalculatorKit/Services/ExchangeRateService.swift /Users/rogerlin/XCode-Projects/FinancialCalculatorKit-5.0-updated-accent-colors/FinancialCalculatorKit/Services/FinancialCalculator.swift /Users/rogerlin/XCode-Projects/FinancialCalculatorKit-5.0-updated-accent-colors/FinancialCalculatorKit/Services/FinancialValidation.swift /Users/rogerlin/XCode-Projects/FinancialCalculatorKit-5.0-updated-accent-colors/FinancialCalculatorKit/Services/FormulaAutoComplete.swift /Users/rogerlin/XCode-Projects/FinancialCalculatorKit-5.0-updated-accent-colors/FinancialCalculatorKit/Services/FREDService.swift /Users/rogerlin/XCode-Projects/FinancialCalculatorKit-5.0-updated-accent-colors/FinancialCalculatorKit/Services/HighPrecisionMath.swift /Users/rogerlin/XCode-Projects/FinancialCalculatorKit-5.0-updated-accent-colors/FinancialCalculatorKit/Services/HighPrecisionTestSuite.swift /Users/rogerlin/XCode-Projects/FinancialCalculatorKit-5.0-updated-accent-colors/FinancialCalculatorKit/Services/HighPrecisionValidation.swift /Users/rogerlin/XCode-Projects/FinancialCalculatorKit-5.0-updated-accent-colors/FinancialCalculatorKit/Services/TickerHistoryService.swift /Users/rogerlin/XCode-Projects/FinancialCalculatorKit-5.0-updated-accent-colors/FinancialCalculatorKit/Services/ValidationExtensions.swift /Users/rogerlin/XCode-Projects/FinancialCalculatorKit-5.0-updated-accent-colors/FinancialCalculatorKit/Services/ValidationService.swift /Users/rogerlin/XCode-Projects/FinancialCalculatorKit-5.0-updated-accent-colors/FinancialCalculatorKit/Services/ValidationTestSuite.swift /Users/rogerlin/XCode-Projects/FinancialCalculatorKit-5.0-updated-accent-colors/FinancialCalculatorKit/Utilities/Extensions/Date+Financial.swift /Users/rogerlin/XCode-Projects/FinancialCalculatorKit-5.0-updated-accent-colors/FinancialCalculatorKit/Utilities/Extensions/Double+Financial.swift /Users/rogerlin/XCode-Projects/FinancialCalculatorKit-5.0-updated-accent-colors/FinancialCalculatorKit/Utilities/CashFlowsTransformer.swift /Users/rogerlin/XCode-Projects/FinancialCalculatorKit-5.0-updated-accent-colors/FinancialCalculatorKit/Utilities/Formatters.swift /Users/rogerlin/XCode-Projects/FinancialCalculatorKit-5.0-updated-accent-colors/FinancialCalculatorKit/ViewHelpers/FormulaViewHelper.swift /Users/rogerlin/XCode-Projects/FinancialCalculatorKit-5.0-updated-accent-colors/FinancialCalculatorKit/ViewModels/MainViewModel.swift /Users/rogerlin/XCode-Projects/FinancialCalculatorKit-5.0-updated-accent-colors/FinancialCalculatorKit/Views/Calculator/AdvancedBondCalculatorView.swift /Users/rogerlin/XCode-Projects/FinancialCalculatorKit-5.0-updated-accent-colors/FinancialCalculatorKit/Views/Calculator/AmortizationView.swift /Users/rogerlin/XCode-Projects/FinancialCalculatorKit-5.0-updated-accent-colors/FinancialCalculatorKit/Views/Calculator/BondCalculatorView.swift /Users/rogerlin/XCode-Projects/FinancialCalculatorKit-5.0-updated-accent-colors/FinancialCalculatorKit/Views/Calculator/CompactCalculatorView.swift /Users/rogerlin/XCode-Projects/FinancialCalculatorKit-5.0-updated-accent-colors/FinancialCalculatorKit/Views/Calculator/CurrencyConverterView.swift /Users/rogerlin/XCode-Projects/FinancialCalculatorKit-5.0-updated-accent-colors/FinancialCalculatorKit/Views/Calculator/CustomScientificKeyboard.swift -primary-file /Users/rogerlin/XCode-Projects/FinancialCalculatorKit-5.0-updated-accent-colors/FinancialCalculatorKit/Views/Calculator/DepreciationCalculatorView.swift -primary-file /Users/rogerlin/XCode-Projects/FinancialCalculatorKit-5.0-updated-accent-colors/FinancialCalculatorKit/Views/Calculator/DocumentListView.swift -primary-file /Users/rogerlin/XCode-Projects/FinancialCalculatorKit-5.0-updated-accent-colors/FinancialCalculatorKit/Views/Calculator/EquityValuationView.swift /Users/rogerlin/XCode-Projects/FinancialCalculatorKit-5.0-updated-accent-colors/FinancialCalculatorKit/Views/Calculator/FixedIncomeAnalyticsView.swift /Users/rogerlin/XCode-Projects/FinancialCalculatorKit-5.0-updated-accent-colors/FinancialCalculatorKit/Views/Calculator/FormulaLibraryView.swift /Users/rogerlin/XCode-Projects/FinancialCalculatorKit-5.0-updated-accent-colors/FinancialCalculatorKit/Views/Calculator/ForwardsCalculatorView.swift /Users/rogerlin/XCode-Projects/FinancialCalculatorKit-5.0-updated-accent-colors/FinancialCalculatorKit/Views/Calculator/FuturesCalculatorView.swift /Users/rogerlin/XCode-Projects/FinancialCalculatorKit-5.0-updated-accent-colors/FinancialCalculatorKit/Views/Calculator/FutureValueView.swift /Users/rogerlin/XCode-Projects/FinancialCalculatorKit-5.0-updated-accent-colors/FinancialCalculatorKit/Views/Calculator/HighPrecisionCalculatorView.swift /Users/rogerlin/XCode-Projects/FinancialCalculatorKit-5.0-updated-accent-colors/FinancialCalculatorKit/Views/Calculator/InvestmentCalculatorView.swift /Users/rogerlin/XCode-Projects/FinancialCalculatorKit-5.0-updated-accent-colors/FinancialCalculatorKit/Views/Calculator/LoanCalculatorView.swift /Users/rogerlin/XCode-Projects/FinancialCalculatorKit-5.0-updated-accent-colors/FinancialCalculatorKit/Views/Calculator/LoanResultView.swift /Users/rogerlin/XCode-Projects/FinancialCalculatorKit-5.0-updated-accent-colors/FinancialCalculatorKit/Views/Calculator/MathExpressionCalculatorView.swift /Users/rogerlin/XCode-Projects/FinancialCalculatorKit-5.0-updated-accent-colors/FinancialCalculatorKit/Views/Calculator/OptionsCalculatorView.swift /Users/rogerlin/XCode-Projects/FinancialCalculatorKit-5.0-updated-accent-colors/FinancialCalculatorKit/Views/Calculator/OptionsStrategiesView.swift /Users/rogerlin/XCode-Projects/FinancialCalculatorKit-5.0-updated-accent-colors/FinancialCalculatorKit/Views/Calculator/PlaceholderViews.swift /Users/rogerlin/XCode-Projects/FinancialCalculatorKit-5.0-updated-accent-colors/FinancialCalculatorKit/Views/Calculator/PortfolioOptimizationView.swift /Users/rogerlin/XCode-Projects/FinancialCalculatorKit-5.0-updated-accent-colors/FinancialCalculatorKit/Views/Calculator/PrecisionDemoView.swift /Users/rogerlin/XCode-Projects/FinancialCalculatorKit-5.0-updated-accent-colors/FinancialCalculatorKit/Views/Calculator/RiskManagementView.swift /Users/rogerlin/XCode-Projects/FinancialCalculatorKit-5.0-updated-accent-colors/FinancialCalculatorKit/Views/Calculator/ScientificCalculatorView.swift /Users/rogerlin/XCode-Projects/FinancialCalculatorKit-5.0-updated-accent-colors/FinancialCalculatorKit/Views/Calculator/SwapsCalculatorView.swift /Users/rogerlin/XCode-Projects/FinancialCalculatorKit-5.0-updated-accent-colors/FinancialCalculatorKit/Views/Calculator/TemplateViews.swift /Users/rogerlin/XCode-Projects/FinancialCalculatorKit-5.0-updated-accent-colors/FinancialCalculatorKit/Views/Calculator/TickerHistoryView.swift /Users/rogerlin/XCode-Projects/FinancialCalculatorKit-5.0-updated-accent-colors/FinancialCalculatorKit/Views/Calculator/TimeValueCalculatorView.swift /Users/rogerlin/XCode-Projects/FinancialCalculatorKit-5.0-updated-accent-colors/FinancialCalculatorKit/Views/Calculator/TimeValueResultView.swift /Users/rogerlin/XCode-Projects/FinancialCalculatorKit-5.0-updated-accent-colors/FinancialCalculatorKit/Views/Calculator/UnitConverterView.swift /Users/rogerlin/XCode-Projects/FinancialCalculatorKit-5.0-updated-accent-colors/FinancialCalculatorKit/Views/Calculator/VariableManagementView.swift /Users/rogerlin/XCode-Projects/FinancialCalculatorKit-5.0-updated-accent-colors/FinancialCalculatorKit/Views/Charts/FinancialChartView.swift /Users/rogerlin/XCode-Projects/FinancialCalculatorKit-5.0-updated-accent-colors/FinancialCalculatorKit/Views/Charts/InteractiveFinancialCharts.swift /Users/rogerlin/XCode-Projects/FinancialCalculatorKit-5.0-updated-accent-colors/FinancialCalculatorKit/Views/Components/DetailRow.swift /Users/rogerlin/XCode-Projects/FinancialCalculatorKit-5.0-updated-accent-colors/FinancialCalculatorKit/Views/Components/DynamicInputSection.swift /Users/rogerlin/XCode-Projects/FinancialCalculatorKit-5.0-updated-accent-colors/FinancialCalculatorKit/Views/Components/EnhancedInputFields.swift /Users/rogerlin/XCode-Projects/FinancialCalculatorKit-5.0-updated-accent-colors/FinancialCalculatorKit/Views/Components/FinancialStyles.swift /Users/rogerlin/XCode-Projects/FinancialCalculatorKit-5.0-updated-accent-colors/FinancialCalculatorKit/Views/Components/InputFieldView.swift /Users/rogerlin/XCode-Projects/FinancialCalculatorKit-5.0-updated-accent-colors/FinancialCalculatorKit/Views/Components/InteractiveDataTables.swift /Users/rogerlin/XCode-Projects/FinancialCalculatorKit-5.0-updated-accent-colors/FinancialCalculatorKit/Views/Components/LoadingResultView.swift /Users/rogerlin/XCode-Projects/FinancialCalculatorKit-5.0-updated-accent-colors/FinancialCalculatorKit/Views/Components/NumbersOnlyViewModifier.swift /Users/rogerlin/XCode-Projects/FinancialCalculatorKit-5.0-updated-accent-colors/FinancialCalculatorKit/Views/Components/ResultDisplayView.swift /Users/rogerlin/XCode-Projects/FinancialCalculatorKit-5.0-updated-accent-colors/FinancialCalculatorKit/Views/Components/StatusIndicator.swift /Users/rogerlin/XCode-Projects/FinancialCalculatorKit-5.0-updated-accent-colors/FinancialCalculatorKit/Views/Components/ValidationSummaryView.swift /Users/rogerlin/XCode-Projects/FinancialCalculatorKit-5.0-updated-accent-colors/FinancialCalculatorKit/Views/FRED/FREDDataView.swift /Users/rogerlin/XCode-Projects/FinancialCalculatorKit-5.0-updated-accent-colors/FinancialCalculatorKit/Views/Reference/FormulaReferenceView.swift /Users/rogerlin/XCode-Projects/FinancialCalculatorKit-5.0-updated-accent-colors/FinancialCalculatorKit/Views/Reference/FormulaVariableView.swift /Users/rogerlin/XCode-Projects/FinancialCalculatorKit-5.0-updated-accent-colors/FinancialCalculatorKit/Views/Reference/FormulaVariantView.swift /Users/rogerlin/XCode-Projects/FinancialCalculatorKit-5.0-updated-accent-colors/FinancialCalculatorKit/ContentView.swift /Users/rogerlin/XCode-Projects/FinancialCalculatorKit-5.0-updated-accent-colors/FinancialCalculatorKit/FinancialCalculatorKitApp.swift /Users/rogerlin/XCode-Projects/FinancialCalculatorKit-5.0-updated-accent-colors/FinancialCalculatorKit/Item.swift /Users/rogerlin/Library/Developer/Xcode/DerivedData/FinancialCalculatorKit-ackorybalcxbfocbkqsfdzcfkgmn/Build/Intermediates.noindex/FinancialCalculatorKit.build/Debug/FinancialCalculatorKit.build/DerivedSources/GeneratedAssetSymbols.swift -supplementary-output-file-map /Users/rogerlin/Library/Developer/Xcode/DerivedData/FinancialCalculatorKit-ackorybalcxbfocbkqsfdzcfkgmn/Build/Intermediates.noindex/FinancialCalculatorKit.build/Debug/FinancialCalculatorKit.build/Objects-normal/arm64/supplementaryOutputs-1 -emit-localized-strings -emit-localized-strings-path /Users/rogerlin/Library/Developer/Xcode/DerivedData/FinancialCalculatorKit-ackorybalcxbfocbkqsfdzcfkgmn/Build/Intermediates.noindex/FinancialCalculatorKit.build/Debug/FinancialCalculatorKit.build/Objects-normal/arm64 -target arm64-apple-macos14.0 -module-can-import-version AppKit 2685.20.119 2685.20.119 -module-can-import-version DeveloperToolsSupport 23.0.4 23.0.4 -module-can-import-version SwiftUI 7.1.13.1 7.1.13 -disable-cross-import-overlay-search -swift-module-cross-import SwiftData /Applications/Xcode.app/Contents/Developer/Platforms/MacOSX.platform/Developer/SDKs/MacOSX26.1.sdk/System/Library/Frameworks/SwiftData.framework/Modules/SwiftData.swiftcrossimport/CoreData.swiftoverlay -swift-module-cross-import SwiftData /Applications/Xcode.app/Contents/Developer/Platforms/MacOSX.platform/Developer/SDKs/MacOSX26.1.sdk/System/Library/Frameworks/SwiftData.framework/Modules/SwiftData.swiftcrossimport/SwiftUI.swiftoverlay -load-resolved-plugin \#/Users/rogerlin/Library/Developer/Xcode/DerivedData/FinancialCalculatorKit-ackorybalcxbfocbkqsfdzcfkgmn/Build/Products/Debug/CasePathsMacros\#CasePathsMacros -load-resolved-plugin /Applications/Xcode.app/Contents/Developer/Platforms/MacOSX.platform/Developer/usr/lib/swift/host/plugins/libFoundationMacros.dylib\#/Applications/Xcode.app/Contents/Developer/Platforms/MacOSX.platform/Developer/usr/bin/swift-plugin-server\#FoundationMacros -load-resolved-plugin /Applications/Xcode.app/Contents/Developer/Platforms/MacOSX.platform/Developer/usr/lib/swift/host/plugins/libObservationMacros.dylib\#/Applications/Xcode.app/Contents/Developer/Platforms/MacOSX.platform/Developer/usr/bin/swift-plugin-server\#ObservationMacros -load-resolved-plugin /Applications/Xcode.app/Contents/Developer/Platforms/MacOSX.platform/Developer/usr/lib/swift/host/plugins/libPreviewsMacros.dylib\#/Applications/Xcode.app/Contents/Developer/Platforms/MacOSX.platform/Developer/usr/bin/swift-plugin-server\#PreviewsMacros -load-resolved-plugin /Applications/Xcode.app/Contents/Developer/Platforms/MacOSX.platform/Developer/usr/lib/swift/host/plugins/libSwiftDataMacros.dylib\#/Applications/Xcode.app/Contents/Developer/Platforms/MacOSX.platform/Developer/usr/bin/swift-plugin-server\#SwiftDataMacros -load-resolved-plugin /Applications/Xcode.app/Contents/Developer/Platforms/MacOSX.platform/Developer/usr/lib/swift/host/plugins/libSwiftMacros.dylib\#/Applications/Xcode.app/Contents/Developer/Platforms/MacOSX.platform/Developer/usr/bin/swift-plugin-server\#SwiftMacros -load-resolved-plugin /Applications/Xcode.app/Contents/Developer/Platforms/MacOSX.platform/Developer/usr/lib/swift/host/plugins/libSwiftUIMacros.dylib\#/Applications/Xcode.app/Contents/Developer/Platforms/MacOSX.platform/Developer/usr/bin/swift-plugin-server\#SwiftUIMacros -disable-implicit-swift-modules -Xcc -fno-implicit-modules -Xcc -fno-implicit-module-maps -explicit-swift-module-map-file /Users/rogerlin/Library/Developer/Xcode/DerivedData/FinancialCalculatorKit-ackorybalcxbfocbkqsfdzcfkgmn/Build/Intermediates.noindex/FinancialCalculatorKit.build/Debug/FinancialCalculatorKit.build/Objects-normal/arm64/FinancialCalculatorKit-dependencies-1.json -Xllvm -aarch64-use-tbi -enable-objc-interop -stack-check -sdk /Applications/Xcode.app/Contents/Developer/Platforms/MacOSX.platform/Developer/SDKs/MacOSX26.1.sdk -I /Users/rogerlin/Library/Developer/Xcode/DerivedData/FinancialCalculatorKit-ackorybalcxbfocbkqsfdzcfkgmn/Build/Products/Debug -F /Users/rogerlin/Library/Developer/Xcode/DerivedData/FinancialCalculatorKit-ackorybalcxbfocbkqsfdzcfkgmn/Build/Products/Debug/PackageFrameworks -F /Users/rogerlin/Library/Developer/Xcode/DerivedData/FinancialCalculatorKit-ackorybalcxbfocbkqsfdzcfkgmn/Build/Products/Debug/PackageFrameworks -F /Users/rogerlin/Library/Developer/Xcode/DerivedData/FinancialCalculatorKit-ackorybalcxbfocbkqsfdzcfkgmn/Build/Products/Debug/PackageFrameworks -F /Users/rogerlin/Library/Developer/Xcode/DerivedData/FinancialCalculatorKit-ackorybalcxbfocbkqsfdzcfkgmn/Build/Products/Debug/PackageFrameworks -F /Users/rogerlin/Library/Developer/Xcode/DerivedData/FinancialCalculatorKit-ackorybalcxbfocbkqsfdzcfkgmn/Build/Products/Debug/PackageFrameworks -F /Users/rogerlin/Library/Developer/Xcode/DerivedData/FinancialCalculatorKit-ackorybalcxbfocbkqsfdzcfkgmn/Build/Products/Debug/PackageFrameworks -F /Users/rogerlin/Library/Developer/Xcode/DerivedData/FinancialCalculatorKit-ackorybalcxbfocbkqsfdzcfkgmn/Build/Products/Debug/PackageFrameworks -F /Users/rogerlin/Library/Developer/Xcode/DerivedData/FinancialCalculatorKit-ackorybalcxbfocbkqsfdzcfkgmn/Build/Products/Debug/PackageFrameworks -F /Users/rogerlin/Library/Developer/Xcode/DerivedData/FinancialCalculatorKit-ackorybalcxbfocbkqsfdzcfkgmn/Build/Products/Debug/PackageFrameworks -F /Users/rogerlin/Library/Developer/Xcode/DerivedData/FinancialCalculatorKit-ackorybalcxbfocbkqsfdzcfkgmn/Build/Products/Debug/PackageFrameworks -F /Users/rogerlin/Library/Developer/Xcode/DerivedData/FinancialCalculatorKit-ackorybalcxbfocbkqsfdzcfkgmn/Build/Products/Debug/PackageFrameworks -F /Users/rogerlin/Library/Developer/Xcode/DerivedData/FinancialCalculatorKit-ackorybalcxbfocbkqsfdzcfkgmn/Build/Products/Debug/PackageFrameworks -F /Users/rogerlin/Library/Developer/Xcode/DerivedData/FinancialCalculatorKit-ackorybalcxbfocbkqsfdzcfkgmn/Build/Products/Debug/PackageFrameworks -F /Users/rogerlin/Library/Developer/Xcode/DerivedData/FinancialCalculatorKit-ackorybalcxbfocbkqsfdzcfkgmn/Build/Products/Debug/PackageFrameworks -F /Users/rogerlin/Library/Developer/Xcode/DerivedData/FinancialCalculatorKit-ackorybalcxbfocbkqsfdzcfkgmn/Build/Products/Debug/PackageFrameworks -F /Users/rogerlin/Library/Developer/Xcode/DerivedData/FinancialCalculatorKit-ackorybalcxbfocbkqsfdzcfkgmn/Build/Products/Debug/PackageFrameworks -F /Users/rogerlin/Library/Developer/Xcode/DerivedData/FinancialCalculatorKit-ackorybalcxbfocbkqsfdzcfkgmn/Build/Products/Debug/PackageFrameworks -F /Users/rogerlin/Library/Developer/Xcode/DerivedData/FinancialCalculatorKit-ackorybalcxbfocbkqsfdzcfkgmn/Build/Products/Debug/PackageFrameworks -F /Users/rogerlin/Library/Developer/Xcode/DerivedData/FinancialCalculatorKit-ackorybalcxbfocbkqsfdzcfkgmn/Build/Products/Debug/PackageFrameworks -F /Users/rogerlin/Library/Developer/Xcode/DerivedData/FinancialCalculatorKit-ackorybalcxbfocbkqsfdzcfkgmn/Build/Products/Debug -no-color-diagnostics -Xcc -fno-color-diagnostics -enable-testing -g -debug-info-format\=dwarf -dwarf-version\=4 -module-cache-path /Users/rogerlin/Library/Developer/Xcode/DerivedData/FinancialCalculatorKit-ackorybalcxbfocbkqsfdzcfkgmn/Build/Intermediates.noindex/SwiftExplicitPrecompiledModules -profile-generate -profile-coverage-mapping -swift-version 5 -enforce-exclusivity\=checked -Onone -D DEBUG -serialize-debugging-options -load-plugin-executable /Users/rogerlin/Library/Developer/Xcode/DerivedData/FinancialCalculatorKit-ackorybalcxbfocbkqsfdzcfkgmn/Build/Products/Debug/CasePathsMacros\#CasePathsMacros -const-gather-protocols-file /Users/rogerlin/Library/Developer/Xcode/DerivedData/FinancialCalculatorKit-ackorybalcxbfocbkqsfdzcfkgmn/Build/Intermediates.noindex/FinancialCalculatorKit.build/Debug/FinancialCalculatorKit.build/Objects-normal/arm64/FinancialCalculatorKit_const_extract_protocols.json -enable-experimental-feature DebugDescriptionMacro -enable-bare-slash-regex -empty-abi-descriptor -validate-clang-modules-once -clang-build-session-file /Users/rogerlin/Library/Developer/Xcode/DerivedData/ModuleCache.noindex/Session.modulevalidation -Xcc -working-directory -Xcc /Users/rogerlin/XCode-Projects/FinancialCalculatorKit-5.0-updated-accent-colors -enable-anonymous-context-mangled-names -file-compilation-dir /Users/rogerlin/XCode-Projects/FinancialCalculatorKit-5.0-updated-accent-colors -Xcc -D_LIBCPP_HARDENING_MODE\=_LIBCPP_HARDENING_MODE_DEBUG -Xcc -ivfsstatcache -Xcc /Users/rogerlin/Library/Developer/Xcode/DerivedData/SDKStatCaches.noindex/macosx26.1-25B74-3ae1261907bdadc328169391a47051a6.sdkstatcache -Xcc -I/Users/rogerlin/Library/Developer/Xcode/DerivedData/FinancialCalculatorKit-ackorybalcxbfocbkqsfdzcfkgmn/Build/Intermediates.noindex/FinancialCalculatorKit.build/Debug/FinancialCalculatorKit.build/swift-overrides.hmap -Xcc -iquote -Xcc /Users/rogerlin/Library/Developer/Xcode/DerivedData/FinancialCalculatorKit-ackorybalcxbfocbkqsfdzcfkgmn/Build/Intermediates.noindex/FinancialCalculatorKit.build/Debug/FinancialCalculatorKit.build/FinancialCalculatorKit-generated-files.hmap -Xcc -I/Users/rogerlin/Library/Developer/Xcode/DerivedData/FinancialCalculatorKit-ackorybalcxbfocbkqsfdzcfkgmn/Build/Intermediates.noindex/FinancialCalculatorKit.build/Debug/FinancialCalculatorKit.build/FinancialCalculatorKit-own-target-headers.hmap -Xcc -I/Users/rogerlin/Library/Developer/Xcode/DerivedData/FinancialCalculatorKit-ackorybalcxbfocbkqsfdzcfkgmn/Build/Intermediates.noindex/FinancialCalculatorKit.build/Debug/FinancialCalculatorKit.build/FinancialCalculatorKit-all-non-framework-target-headers.hmap -Xcc -ivfsoverlay -Xcc /Users/rogerlin/Library/Developer/Xcode/DerivedData/FinancialCalculatorKit-ackorybalcxbfocbkqsfdzcfkgmn/Build/Intermediates.noindex/FinancialCalculatorKit.build/Debug/FinancialCalculatorKit-b796aaad08c4b307251b75ea7c01aae2-VFS/all-product-headers.yaml -Xcc -iquote -Xcc /Users/rogerlin/Library/Developer/Xcode/DerivedData/FinancialCalculatorKit-ackorybalcxbfocbkqsfdzcfkgmn/Build/Intermediates.noindex/FinancialCalculatorKit.build/Debug/FinancialCalculatorKit.build/FinancialCalculatorKit-project-headers.hmap -Xcc -I/Users/rogerlin/Library/Developer/Xcode/DerivedData/FinancialCalculatorKit-ackorybalcxbfocbkqsfdzcfkgmn/SourcePackages/checkouts/swift-numerics/Sources/_NumericsShims/include -Xcc -I/Users/rogerlin/Library/Developer/Xcode/DerivedData/FinancialCalculatorKit-ackorybalcxbfocbkqsfdzcfkgmn/Build/Products/Debug/include -Xcc -I/Users/rogerlin/Library/Developer/Xcode/DerivedData/FinancialCalculatorKit-ackorybalcxbfocbkqsfdzcfkgmn/Build/Intermediates.noindex/FinancialCalculatorKit.build/Debug/FinancialCalculatorKit.build/DerivedSources-normal/arm64 -Xcc -I/Users/rogerlin/Library/Developer/Xcode/DerivedData/FinancialCalculatorKit-ackorybalcxbfocbkqsfdzcfkgmn/Build/Intermediates.noindex/FinancialCalculatorKit.build/Debug/FinancialCalculatorKit.build/DerivedSources/arm64 -Xcc -I/Users/rogerlin/Library/Developer/Xcode/DerivedData/FinancialCalculatorKit-ackorybalcxbfocbkqsfdzcfkgmn/Build/Intermediates.noindex/FinancialCalculatorKit.build/Debug/FinancialCalculatorKit.build/DerivedSources -Xcc -DDEBUG\=1 -no-auto-bridging-header-chaining -module-name FinancialCalculatorKit -frontend-parseable-output -disable-clang-spi -target-sdk-version 26.1 -target-sdk-name macosx26.1 -clang-target arm64-apple-macos26.1 -in-process-plugin-server-path /Applications/Xcode.app/Contents/Developer/Toolchains/XcodeDefault.xctoolchain/usr/lib/swift/host/libSwiftInProcPluginServer.dylib -o /Users/rogerlin/Library/Developer/Xcode/DerivedData/FinancialCalculatorKit-ackorybalcxbfocbkqsfdzcfkgmn/Build/Intermediates.noindex/FinancialCalculatorKit.build/Debug/FinancialCalculatorKit.build/Objects-normal/arm64/DepreciationCalculatorView.o -o /Users/rogerlin/Library/Developer/Xcode/DerivedData/FinancialCalculatorKit-ackorybalcxbfocbkqsfdzcfkgmn/Build/Intermediates.noindex/FinancialCalculatorKit.build/Debug/FinancialCalculatorKit.build/Objects-normal/arm64/DocumentListView.o -o /Users/rogerlin/Library/Developer/Xcode/DerivedData/FinancialCalculatorKit-ackorybalcxbfocbkqsfdzcfkgmn/Build/Intermediates.noindex/FinancialCalculatorKit.build/Debug/FinancialCalculatorKit.build/Objects-normal/arm64/EquityValuationView.o -index-unit-output-path /FinancialCalculatorKit.build/Debug/FinancialCalculatorKit.build/Objects-normal/arm64/DepreciationCalculatorView.o -index-unit-output-path /FinancialCalculatorKit.build/Debug/FinancialCalculatorKit.build/Objects-normal/arm64/DocumentListView.o -index-unit-output-path /FinancialCalculatorKit.build/Debug/FinancialCalculatorKit.build/Objects-normal/arm64/EquityValuationView.o -index-store-path /Users/rogerlin/Library/Developer/Xcode/DerivedData/FinancialCalculatorKit-ackorybalcxbfocbkqsfdzcfkgmn/Index.noindex/DataStore -index-system-modules

SwiftCompile normal arm64 /Users/rogerlin/XCode-Projects/FinancialCalculatorKit-5.0-updated-accent-colors/FinancialCalculatorKit/Views/Calculator/DepreciationCalculatorView.swift (in target 'FinancialCalculatorKit' from project 'FinancialCalculatorKit')
    cd /Users/rogerlin/XCode-Projects/FinancialCalculatorKit-5.0-updated-accent-colors
    

SwiftCompile normal arm64 /Users/rogerlin/XCode-Projects/FinancialCalculatorKit-5.0-updated-accent-colors/FinancialCalculatorKit/Views/Calculator/DocumentListView.swift (in target 'FinancialCalculatorKit' from project 'FinancialCalculatorKit')
    cd /Users/rogerlin/XCode-Projects/FinancialCalculatorKit-5.0-updated-accent-colors
    

SwiftCompile normal arm64 /Users/rogerlin/XCode-Projects/FinancialCalculatorKit-5.0-updated-accent-colors/FinancialCalculatorKit/Views/Calculator/EquityValuationView.swift (in target 'FinancialCalculatorKit' from project 'FinancialCalculatorKit')
    cd /Users/rogerlin/XCode-Projects/FinancialCalculatorKit-5.0-updated-accent-colors
    

SwiftCompile normal arm64 Compiling\ InvestmentCalculatorView.swift,\ LoanCalculatorView.swift,\ LoanResultView.swift /Users/rogerlin/XCode-Projects/FinancialCalculatorKit-5.0-updated-accent-colors/FinancialCalculatorKit/Views/Calculator/InvestmentCalculatorView.swift /Users/rogerlin/XCode-Projects/FinancialCalculatorKit-5.0-updated-accent-colors/FinancialCalculatorKit/Views/Calculator/LoanCalculatorView.swift /Users/rogerlin/XCode-Projects/FinancialCalculatorKit-5.0-updated-accent-colors/FinancialCalculatorKit/Views/Calculator/LoanResultView.swift (in target 'FinancialCalculatorKit' from project 'FinancialCalculatorKit')
/Applications/Xcode.app/Contents/Developer/Toolchains/XcodeDefault.xctoolchain/usr/bin/swift-frontend -frontend -c /Users/rogerlin/XCode-Projects/FinancialCalculatorKit-5.0-updated-accent-colors/FinancialCalculatorKit/Models/Bond/AdvancedBondModels.swift /Users/rogerlin/XCode-Projects/FinancialCalculatorKit-5.0-updated-accent-colors/FinancialCalculatorKit/Models/Bond/YieldCurveTypes.swift /Users/rogerlin/XCode-Projects/FinancialCalculatorKit-5.0-updated-accent-colors/FinancialCalculatorKit/Models/Calculation/BondCalculation.swift /Users/rogerlin/XCode-Projects/FinancialCalculatorKit-5.0-updated-accent-colors/FinancialCalculatorKit/Models/Calculation/CalculationMetadata.swift /Users/rogerlin/XCode-Projects/FinancialCalculatorKit-5.0-updated-accent-colors/FinancialCalculatorKit/Models/Calculation/DepreciationCalculation.swift /Users/rogerlin/XCode-Projects/FinancialCalculatorKit-5.0-updated-accent-colors/FinancialCalculatorKit/Models/Calculation/FinancialCalculation.swift /Users/rogerlin/XCode-Projects/FinancialCalculatorKit-5.0-updated-accent-colors/FinancialCalculatorKit/Models/Calculation/InvestmentCalculation.swift /Users/rogerlin/XCode-Projects/FinancialCalculatorKit-5.0-updated-accent-colors/FinancialCalculatorKit/Models/Calculation/LoanCalculation.swift /Users/rogerlin/XCode-Projects/FinancialCalculatorKit-5.0-updated-accent-colors/FinancialCalculatorKit/Models/Calculation/TimeValueCalculation.swift /Users/rogerlin/XCode-Projects/FinancialCalculatorKit-5.0-updated-accent-colors/FinancialCalculatorKit/Models/Enums/CalculationType.swift /Users/rogerlin/XCode-Projects/FinancialCalculatorKit-5.0-updated-accent-colors/FinancialCalculatorKit/Models/Enums/Currency.swift /Users/rogerlin/XCode-Projects/FinancialCalculatorKit-5.0-updated-accent-colors/FinancialCalculatorKit/Models/Enums/LoanType.swift /Users/rogerlin/XCode-Projects/FinancialCalculatorKit-5.0-updated-accent-colors/FinancialCalculatorKit/Models/Enums/PaymentFrequency.swift /Users/rogerlin/XCode-Projects/FinancialCalculatorKit-5.0-updated-accent-colors/FinancialCalculatorKit/Models/Enums/TimeValueVariable.swift /Users/rogerlin/XCode-Projects/FinancialCalculatorKit-5.0-updated-accent-colors/FinancialCalculatorKit/Models/Formula/FormulaReference.swift /Users/rogerlin/XCode-Projects/FinancialCalculatorKit-5.0-updated-accent-colors/FinancialCalculatorKit/Models/FRED/FREDModels.swift /Users/rogerlin/XCode-Projects/FinancialCalculatorKit-5.0-updated-accent-colors/FinancialCalculatorKit/Models/Options/AdvancedOptionsModels.swift /Users/rogerlin/XCode-Projects/FinancialCalculatorKit-5.0-updated-accent-colors/FinancialCalculatorKit/Models/ScientificCalculator/EquationDocument.swift /Users/rogerlin/XCode-Projects/FinancialCalculatorKit-5.0-updated-accent-colors/FinancialCalculatorKit/Models/ScientificCalculator/VariableStore.swift /Users/rogerlin/XCode-Projects/FinancialCalculatorKit-5.0-updated-accent-colors/FinancialCalculatorKit/Protocols/FinancialComputable.swift /Users/rogerlin/XCode-Projects/FinancialCalculatorKit-5.0-updated-accent-colors/FinancialCalculatorKit/Services/Bond/AdvancedBondPricingEngine.swift /Users/rogerlin/XCode-Projects/FinancialCalculatorKit-5.0-updated-accent-colors/FinancialCalculatorKit/Services/Options/AdvancedOptionsPricingEngine.swift /Users/rogerlin/XCode-Projects/FinancialCalculatorKit-5.0-updated-accent-colors/FinancialCalculatorKit/Services/AdvancedExpressionParser.swift /Users/rogerlin/XCode-Projects/FinancialCalculatorKit-5.0-updated-accent-colors/FinancialCalculatorKit/Services/AdvancedIRRCalculator.swift /Users/rogerlin/XCode-Projects/FinancialCalculatorKit-5.0-updated-accent-colors/FinancialCalculatorKit/Services/AdvancedMathFunctions.swift /Users/rogerlin/XCode-Projects/FinancialCalculatorKit-5.0-updated-accent-colors/FinancialCalculatorKit/Services/CalculationEngine.swift /Users/rogerlin/XCode-Projects/FinancialCalculatorKit-5.0-updated-accent-colors/FinancialCalculatorKit/Services/CSVHelper.swift /Users/rogerlin/XCode-Projects/FinancialCalculatorKit-5.0-updated-accent-colors/FinancialCalculatorKit/Services/CurrencyConversionService.swift /Users/rogerlin/XCode-Projects/FinancialCalculatorKit-5.0-updated-accent-colors/FinancialCalculatorKit/Services/ExchangeRateService.swift /Users/rogerlin/XCode-Projects/FinancialCalculatorKit-5.0-updated-accent-colors/FinancialCalculatorKit/Services/FinancialCalculator.swift /Users/rogerlin/XCode-Projects/FinancialCalculatorKit-5.0-updated-accent-colors/FinancialCalculatorKit/Services/FinancialValidation.swift /Users/rogerlin/XCode-Projects/FinancialCalculatorKit-5.0-updated-accent-colors/FinancialCalculatorKit/Services/FormulaAutoComplete.swift /Users/rogerlin/XCode-Projects/FinancialCalculatorKit-5.0-updated-accent-colors/FinancialCalculatorKit/Services/FREDService.swift /Users/rogerlin/XCode-Projects/FinancialCalculatorKit-5.0-updated-accent-colors/FinancialCalculatorKit/Services/HighPrecisionMath.swift /Users/rogerlin/XCode-Projects/FinancialCalculatorKit-5.0-updated-accent-colors/FinancialCalculatorKit/Services/HighPrecisionTestSuite.swift /Users/rogerlin/XCode-Projects/FinancialCalculatorKit-5.0-updated-accent-colors/FinancialCalculatorKit/Services/HighPrecisionValidation.swift /Users/rogerlin/XCode-Projects/FinancialCalculatorKit-5.0-updated-accent-colors/FinancialCalculatorKit/Services/TickerHistoryService.swift /Users/rogerlin/XCode-Projects/FinancialCalculatorKit-5.0-updated-accent-colors/FinancialCalculatorKit/Services/ValidationExtensions.swift /Users/rogerlin/XCode-Projects/FinancialCalculatorKit-5.0-updated-accent-colors/FinancialCalculatorKit/Services/ValidationService.swift /Users/rogerlin/XCode-Projects/FinancialCalculatorKit-5.0-updated-accent-colors/FinancialCalculatorKit/Services/ValidationTestSuite.swift /Users/rogerlin/XCode-Projects/FinancialCalculatorKit-5.0-updated-accent-colors/FinancialCalculatorKit/Utilities/Extensions/Date+Financial.swift /Users/rogerlin/XCode-Projects/FinancialCalculatorKit-5.0-updated-accent-colors/FinancialCalculatorKit/Utilities/Extensions/Double+Financial.swift /Users/rogerlin/XCode-Projects/FinancialCalculatorKit-5.0-updated-accent-colors/FinancialCalculatorKit/Utilities/CashFlowsTransformer.swift /Users/rogerlin/XCode-Projects/FinancialCalculatorKit-5.0-updated-accent-colors/FinancialCalculatorKit/Utilities/Formatters.swift /Users/rogerlin/XCode-Projects/FinancialCalculatorKit-5.0-updated-accent-colors/FinancialCalculatorKit/ViewHelpers/FormulaViewHelper.swift /Users/rogerlin/XCode-Projects/FinancialCalculatorKit-5.0-updated-accent-colors/FinancialCalculatorKit/ViewModels/MainViewModel.swift /Users/rogerlin/XCode-Projects/FinancialCalculatorKit-5.0-updated-accent-colors/FinancialCalculatorKit/Views/Calculator/AdvancedBondCalculatorView.swift /Users/rogerlin/XCode-Projects/FinancialCalculatorKit-5.0-updated-accent-colors/FinancialCalculatorKit/Views/Calculator/AmortizationView.swift /Users/rogerlin/XCode-Projects/FinancialCalculatorKit-5.0-updated-accent-colors/FinancialCalculatorKit/Views/Calculator/BondCalculatorView.swift /Users/rogerlin/XCode-Projects/FinancialCalculatorKit-5.0-updated-accent-colors/FinancialCalculatorKit/Views/Calculator/CompactCalculatorView.swift /Users/rogerlin/XCode-Projects/FinancialCalculatorKit-5.0-updated-accent-colors/FinancialCalculatorKit/Views/Calculator/CurrencyConverterView.swift /Users/rogerlin/XCode-Projects/FinancialCalculatorKit-5.0-updated-accent-colors/FinancialCalculatorKit/Views/Calculator/CustomScientificKeyboard.swift /Users/rogerlin/XCode-Projects/FinancialCalculatorKit-5.0-updated-accent-colors/FinancialCalculatorKit/Views/Calculator/DepreciationCalculatorView.swift /Users/rogerlin/XCode-Projects/FinancialCalculatorKit-5.0-updated-accent-colors/FinancialCalculatorKit/Views/Calculator/DocumentListView.swift /Users/rogerlin/XCode-Projects/FinancialCalculatorKit-5.0-updated-accent-colors/FinancialCalculatorKit/Views/Calculator/EquityValuationView.swift /Users/rogerlin/XCode-Projects/FinancialCalculatorKit-5.0-updated-accent-colors/FinancialCalculatorKit/Views/Calculator/FixedIncomeAnalyticsView.swift /Users/rogerlin/XCode-Projects/FinancialCalculatorKit-5.0-updated-accent-colors/FinancialCalculatorKit/Views/Calculator/FormulaLibraryView.swift /Users/rogerlin/XCode-Projects/FinancialCalculatorKit-5.0-updated-accent-colors/FinancialCalculatorKit/Views/Calculator/ForwardsCalculatorView.swift /Users/rogerlin/XCode-Projects/FinancialCalculatorKit-5.0-updated-accent-colors/FinancialCalculatorKit/Views/Calculator/FuturesCalculatorView.swift /Users/rogerlin/XCode-Projects/FinancialCalculatorKit-5.0-updated-accent-colors/FinancialCalculatorKit/Views/Calculator/FutureValueView.swift /Users/rogerlin/XCode-Projects/FinancialCalculatorKit-5.0-updated-accent-colors/FinancialCalculatorKit/Views/Calculator/HighPrecisionCalculatorView.swift -primary-file /Users/rogerlin/XCode-Projects/FinancialCalculatorKit-5.0-updated-accent-colors/FinancialCalculatorKit/Views/Calculator/InvestmentCalculatorView.swift -primary-file /Users/rogerlin/XCode-Projects/FinancialCalculatorKit-5.0-updated-accent-colors/FinancialCalculatorKit/Views/Calculator/LoanCalculatorView.swift -primary-file /Users/rogerlin/XCode-Projects/FinancialCalculatorKit-5.0-updated-accent-colors/FinancialCalculatorKit/Views/Calculator/LoanResultView.swift /Users/rogerlin/XCode-Projects/FinancialCalculatorKit-5.0-updated-accent-colors/FinancialCalculatorKit/Views/Calculator/MathExpressionCalculatorView.swift /Users/rogerlin/XCode-Projects/FinancialCalculatorKit-5.0-updated-accent-colors/FinancialCalculatorKit/Views/Calculator/OptionsCalculatorView.swift /Users/rogerlin/XCode-Projects/FinancialCalculatorKit-5.0-updated-accent-colors/FinancialCalculatorKit/Views/Calculator/OptionsStrategiesView.swift /Users/rogerlin/XCode-Projects/FinancialCalculatorKit-5.0-updated-accent-colors/FinancialCalculatorKit/Views/Calculator/PlaceholderViews.swift /Users/rogerlin/XCode-Projects/FinancialCalculatorKit-5.0-updated-accent-colors/FinancialCalculatorKit/Views/Calculator/PortfolioOptimizationView.swift /Users/rogerlin/XCode-Projects/FinancialCalculatorKit-5.0-updated-accent-colors/FinancialCalculatorKit/Views/Calculator/PrecisionDemoView.swift /Users/rogerlin/XCode-Projects/FinancialCalculatorKit-5.0-updated-accent-colors/FinancialCalculatorKit/Views/Calculator/RiskManagementView.swift /Users/rogerlin/XCode-Projects/FinancialCalculatorKit-5.0-updated-accent-colors/FinancialCalculatorKit/Views/Calculator/ScientificCalculatorView.swift /Users/rogerlin/XCode-Projects/FinancialCalculatorKit-5.0-updated-accent-colors/FinancialCalculatorKit/Views/Calculator/SwapsCalculatorView.swift /Users/rogerlin/XCode-Projects/FinancialCalculatorKit-5.0-updated-accent-colors/FinancialCalculatorKit/Views/Calculator/TemplateViews.swift /Users/rogerlin/XCode-Projects/FinancialCalculatorKit-5.0-updated-accent-colors/FinancialCalculatorKit/Views/Calculator/TickerHistoryView.swift /Users/rogerlin/XCode-Projects/FinancialCalculatorKit-5.0-updated-accent-colors/FinancialCalculatorKit/Views/Calculator/TimeValueCalculatorView.swift /Users/rogerlin/XCode-Projects/FinancialCalculatorKit-5.0-updated-accent-colors/FinancialCalculatorKit/Views/Calculator/TimeValueResultView.swift /Users/rogerlin/XCode-Projects/FinancialCalculatorKit-5.0-updated-accent-colors/FinancialCalculatorKit/Views/Calculator/UnitConverterView.swift /Users/rogerlin/XCode-Projects/FinancialCalculatorKit-5.0-updated-accent-colors/FinancialCalculatorKit/Views/Calculator/VariableManagementView.swift /Users/rogerlin/XCode-Projects/FinancialCalculatorKit-5.0-updated-accent-colors/FinancialCalculatorKit/Views/Charts/FinancialChartView.swift /Users/rogerlin/XCode-Projects/FinancialCalculatorKit-5.0-updated-accent-colors/FinancialCalculatorKit/Views/Charts/InteractiveFinancialCharts.swift /Users/rogerlin/XCode-Projects/FinancialCalculatorKit-5.0-updated-accent-colors/FinancialCalculatorKit/Views/Components/DetailRow.swift /Users/rogerlin/XCode-Projects/FinancialCalculatorKit-5.0-updated-accent-colors/FinancialCalculatorKit/Views/Components/DynamicInputSection.swift /Users/rogerlin/XCode-Projects/FinancialCalculatorKit-5.0-updated-accent-colors/FinancialCalculatorKit/Views/Components/EnhancedInputFields.swift /Users/rogerlin/XCode-Projects/FinancialCalculatorKit-5.0-updated-accent-colors/FinancialCalculatorKit/Views/Components/FinancialStyles.swift /Users/rogerlin/XCode-Projects/FinancialCalculatorKit-5.0-updated-accent-colors/FinancialCalculatorKit/Views/Components/InputFieldView.swift /Users/rogerlin/XCode-Projects/FinancialCalculatorKit-5.0-updated-accent-colors/FinancialCalculatorKit/Views/Components/InteractiveDataTables.swift /Users/rogerlin/XCode-Projects/FinancialCalculatorKit-5.0-updated-accent-colors/FinancialCalculatorKit/Views/Components/LoadingResultView.swift /Users/rogerlin/XCode-Projects/FinancialCalculatorKit-5.0-updated-accent-colors/FinancialCalculatorKit/Views/Components/NumbersOnlyViewModifier.swift /Users/rogerlin/XCode-Projects/FinancialCalculatorKit-5.0-updated-accent-colors/FinancialCalculatorKit/Views/Components/ResultDisplayView.swift /Users/rogerlin/XCode-Projects/FinancialCalculatorKit-5.0-updated-accent-colors/FinancialCalculatorKit/Views/Components/StatusIndicator.swift /Users/rogerlin/XCode-Projects/FinancialCalculatorKit-5.0-updated-accent-colors/FinancialCalculatorKit/Views/Components/ValidationSummaryView.swift /Users/rogerlin/XCode-Projects/FinancialCalculatorKit-5.0-updated-accent-colors/FinancialCalculatorKit/Views/FRED/FREDDataView.swift /Users/rogerlin/XCode-Projects/FinancialCalculatorKit-5.0-updated-accent-colors/FinancialCalculatorKit/Views/Reference/FormulaReferenceView.swift /Users/rogerlin/XCode-Projects/FinancialCalculatorKit-5.0-updated-accent-colors/FinancialCalculatorKit/Views/Reference/FormulaVariableView.swift /Users/rogerlin/XCode-Projects/FinancialCalculatorKit-5.0-updated-accent-colors/FinancialCalculatorKit/Views/Reference/FormulaVariantView.swift /Users/rogerlin/XCode-Projects/FinancialCalculatorKit-5.0-updated-accent-colors/FinancialCalculatorKit/ContentView.swift /Users/rogerlin/XCode-Projects/FinancialCalculatorKit-5.0-updated-accent-colors/FinancialCalculatorKit/FinancialCalculatorKitApp.swift /Users/rogerlin/XCode-Projects/FinancialCalculatorKit-5.0-updated-accent-colors/FinancialCalculatorKit/Item.swift /Users/rogerlin/Library/Developer/Xcode/DerivedData/FinancialCalculatorKit-ackorybalcxbfocbkqsfdzcfkgmn/Build/Intermediates.noindex/FinancialCalculatorKit.build/Debug/FinancialCalculatorKit.build/DerivedSources/GeneratedAssetSymbols.swift -supplementary-output-file-map /Users/rogerlin/Library/Developer/Xcode/DerivedData/FinancialCalculatorKit-ackorybalcxbfocbkqsfdzcfkgmn/Build/Intermediates.noindex/FinancialCalculatorKit.build/Debug/FinancialCalculatorKit.build/Objects-normal/arm64/supplementaryOutputs-4 -emit-localized-strings -emit-localized-strings-path /Users/rogerlin/Library/Developer/Xcode/DerivedData/FinancialCalculatorKit-ackorybalcxbfocbkqsfdzcfkgmn/Build/Intermediates.noindex/FinancialCalculatorKit.build/Debug/FinancialCalculatorKit.build/Objects-normal/arm64 -target arm64-apple-macos14.0 -module-can-import-version AppKit 2685.20.119 2685.20.119 -module-can-import-version DeveloperToolsSupport 23.0.4 23.0.4 -module-can-import-version SwiftUI 7.1.13.1 7.1.13 -disable-cross-import-overlay-search -swift-module-cross-import SwiftData /Applications/Xcode.app/Contents/Developer/Platforms/MacOSX.platform/Developer/SDKs/MacOSX26.1.sdk/System/Library/Frameworks/SwiftData.framework/Modules/SwiftData.swiftcrossimport/CoreData.swiftoverlay -swift-module-cross-import SwiftData /Applications/Xcode.app/Contents/Developer/Platforms/MacOSX.platform/Developer/SDKs/MacOSX26.1.sdk/System/Library/Frameworks/SwiftData.framework/Modules/SwiftData.swiftcrossimport/SwiftUI.swiftoverlay -load-resolved-plugin \#/Users/rogerlin/Library/Developer/Xcode/DerivedData/FinancialCalculatorKit-ackorybalcxbfocbkqsfdzcfkgmn/Build/Products/Debug/CasePathsMacros\#CasePathsMacros -load-resolved-plugin /Applications/Xcode.app/Contents/Developer/Platforms/MacOSX.platform/Developer/usr/lib/swift/host/plugins/libFoundationMacros.dylib\#/Applications/Xcode.app/Contents/Developer/Platforms/MacOSX.platform/Developer/usr/bin/swift-plugin-server\#FoundationMacros -load-resolved-plugin /Applications/Xcode.app/Contents/Developer/Platforms/MacOSX.platform/Developer/usr/lib/swift/host/plugins/libObservationMacros.dylib\#/Applications/Xcode.app/Contents/Developer/Platforms/MacOSX.platform/Developer/usr/bin/swift-plugin-server\#ObservationMacros -load-resolved-plugin /Applications/Xcode.app/Contents/Developer/Platforms/MacOSX.platform/Developer/usr/lib/swift/host/plugins/libPreviewsMacros.dylib\#/Applications/Xcode.app/Contents/Developer/Platforms/MacOSX.platform/Developer/usr/bin/swift-plugin-server\#PreviewsMacros -load-resolved-plugin /Applications/Xcode.app/Contents/Developer/Platforms/MacOSX.platform/Developer/usr/lib/swift/host/plugins/libSwiftDataMacros.dylib\#/Applications/Xcode.app/Contents/Developer/Platforms/MacOSX.platform/Developer/usr/bin/swift-plugin-server\#SwiftDataMacros -load-resolved-plugin /Applications/Xcode.app/Contents/Developer/Platforms/MacOSX.platform/Developer/usr/lib/swift/host/plugins/libSwiftMacros.dylib\#/Applications/Xcode.app/Contents/Developer/Platforms/MacOSX.platform/Developer/usr/bin/swift-plugin-server\#SwiftMacros -load-resolved-plugin /Applications/Xcode.app/Contents/Developer/Platforms/MacOSX.platform/Developer/usr/lib/swift/host/plugins/libSwiftUIMacros.dylib\#/Applications/Xcode.app/Contents/Developer/Platforms/MacOSX.platform/Developer/usr/bin/swift-plugin-server\#SwiftUIMacros -disable-implicit-swift-modules -Xcc -fno-implicit-modules -Xcc -fno-implicit-module-maps -explicit-swift-module-map-file /Users/rogerlin/Library/Developer/Xcode/DerivedData/FinancialCalculatorKit-ackorybalcxbfocbkqsfdzcfkgmn/Build/Intermediates.noindex/FinancialCalculatorKit.build/Debug/FinancialCalculatorKit.build/Objects-normal/arm64/FinancialCalculatorKit-dependencies-1.json -Xllvm -aarch64-use-tbi -enable-objc-interop -stack-check -sdk /Applications/Xcode.app/Contents/Developer/Platforms/MacOSX.platform/Developer/SDKs/MacOSX26.1.sdk -I /Users/rogerlin/Library/Developer/Xcode/DerivedData/FinancialCalculatorKit-ackorybalcxbfocbkqsfdzcfkgmn/Build/Products/Debug -F /Users/rogerlin/Library/Developer/Xcode/DerivedData/FinancialCalculatorKit-ackorybalcxbfocbkqsfdzcfkgmn/Build/Products/Debug/PackageFrameworks -F /Users/rogerlin/Library/Developer/Xcode/DerivedData/FinancialCalculatorKit-ackorybalcxbfocbkqsfdzcfkgmn/Build/Products/Debug/PackageFrameworks -F /Users/rogerlin/Library/Developer/Xcode/DerivedData/FinancialCalculatorKit-ackorybalcxbfocbkqsfdzcfkgmn/Build/Products/Debug/PackageFrameworks -F /Users/rogerlin/Library/Developer/Xcode/DerivedData/FinancialCalculatorKit-ackorybalcxbfocbkqsfdzcfkgmn/Build/Products/Debug/PackageFrameworks -F /Users/rogerlin/Library/Developer/Xcode/DerivedData/FinancialCalculatorKit-ackorybalcxbfocbkqsfdzcfkgmn/Build/Products/Debug/PackageFrameworks -F /Users/rogerlin/Library/Developer/Xcode/DerivedData/FinancialCalculatorKit-ackorybalcxbfocbkqsfdzcfkgmn/Build/Products/Debug/PackageFrameworks -F /Users/rogerlin/Library/Developer/Xcode/DerivedData/FinancialCalculatorKit-ackorybalcxbfocbkqsfdzcfkgmn/Build/Products/Debug/PackageFrameworks -F /Users/rogerlin/Library/Developer/Xcode/DerivedData/FinancialCalculatorKit-ackorybalcxbfocbkqsfdzcfkgmn/Build/Products/Debug/PackageFrameworks -F /Users/rogerlin/Library/Developer/Xcode/DerivedData/FinancialCalculatorKit-ackorybalcxbfocbkqsfdzcfkgmn/Build/Products/Debug/PackageFrameworks -F /Users/rogerlin/Library/Developer/Xcode/DerivedData/FinancialCalculatorKit-ackorybalcxbfocbkqsfdzcfkgmn/Build/Products/Debug/PackageFrameworks -F /Users/rogerlin/Library/Developer/Xcode/DerivedData/FinancialCalculatorKit-ackorybalcxbfocbkqsfdzcfkgmn/Build/Products/Debug/PackageFrameworks -F /Users/rogerlin/Library/Developer/Xcode/DerivedData/FinancialCalculatorKit-ackorybalcxbfocbkqsfdzcfkgmn/Build/Products/Debug/PackageFrameworks -F /Users/rogerlin/Library/Developer/Xcode/DerivedData/FinancialCalculatorKit-ackorybalcxbfocbkqsfdzcfkgmn/Build/Products/Debug/PackageFrameworks -F /Users/rogerlin/Library/Developer/Xcode/DerivedData/FinancialCalculatorKit-ackorybalcxbfocbkqsfdzcfkgmn/Build/Products/Debug/PackageFrameworks -F /Users/rogerlin/Library/Developer/Xcode/DerivedData/FinancialCalculatorKit-ackorybalcxbfocbkqsfdzcfkgmn/Build/Products/Debug/PackageFrameworks -F /Users/rogerlin/Library/Developer/Xcode/DerivedData/FinancialCalculatorKit-ackorybalcxbfocbkqsfdzcfkgmn/Build/Products/Debug/PackageFrameworks -F /Users/rogerlin/Library/Developer/Xcode/DerivedData/FinancialCalculatorKit-ackorybalcxbfocbkqsfdzcfkgmn/Build/Products/Debug/PackageFrameworks -F /Users/rogerlin/Library/Developer/Xcode/DerivedData/FinancialCalculatorKit-ackorybalcxbfocbkqsfdzcfkgmn/Build/Products/Debug/PackageFrameworks -F /Users/rogerlin/Library/Developer/Xcode/DerivedData/FinancialCalculatorKit-ackorybalcxbfocbkqsfdzcfkgmn/Build/Products/Debug/PackageFrameworks -F /Users/rogerlin/Library/Developer/Xcode/DerivedData/FinancialCalculatorKit-ackorybalcxbfocbkqsfdzcfkgmn/Build/Products/Debug -no-color-diagnostics -Xcc -fno-color-diagnostics -enable-testing -g -debug-info-format\=dwarf -dwarf-version\=4 -module-cache-path /Users/rogerlin/Library/Developer/Xcode/DerivedData/FinancialCalculatorKit-ackorybalcxbfocbkqsfdzcfkgmn/Build/Intermediates.noindex/SwiftExplicitPrecompiledModules -profile-generate -profile-coverage-mapping -swift-version 5 -enforce-exclusivity\=checked -Onone -D DEBUG -serialize-debugging-options -load-plugin-executable /Users/rogerlin/Library/Developer/Xcode/DerivedData/FinancialCalculatorKit-ackorybalcxbfocbkqsfdzcfkgmn/Build/Products/Debug/CasePathsMacros\#CasePathsMacros -const-gather-protocols-file /Users/rogerlin/Library/Developer/Xcode/DerivedData/FinancialCalculatorKit-ackorybalcxbfocbkqsfdzcfkgmn/Build/Intermediates.noindex/FinancialCalculatorKit.build/Debug/FinancialCalculatorKit.build/Objects-normal/arm64/FinancialCalculatorKit_const_extract_protocols.json -enable-experimental-feature DebugDescriptionMacro -enable-bare-slash-regex -empty-abi-descriptor -validate-clang-modules-once -clang-build-session-file /Users/rogerlin/Library/Developer/Xcode/DerivedData/ModuleCache.noindex/Session.modulevalidation -Xcc -working-directory -Xcc /Users/rogerlin/XCode-Projects/FinancialCalculatorKit-5.0-updated-accent-colors -enable-anonymous-context-mangled-names -file-compilation-dir /Users/rogerlin/XCode-Projects/FinancialCalculatorKit-5.0-updated-accent-colors -Xcc -D_LIBCPP_HARDENING_MODE\=_LIBCPP_HARDENING_MODE_DEBUG -Xcc -ivfsstatcache -Xcc /Users/rogerlin/Library/Developer/Xcode/DerivedData/SDKStatCaches.noindex/macosx26.1-25B74-3ae1261907bdadc328169391a47051a6.sdkstatcache -Xcc -I/Users/rogerlin/Library/Developer/Xcode/DerivedData/FinancialCalculatorKit-ackorybalcxbfocbkqsfdzcfkgmn/Build/Intermediates.noindex/FinancialCalculatorKit.build/Debug/FinancialCalculatorKit.build/swift-overrides.hmap -Xcc -iquote -Xcc /Users/rogerlin/Library/Developer/Xcode/DerivedData/FinancialCalculatorKit-ackorybalcxbfocbkqsfdzcfkgmn/Build/Intermediates.noindex/FinancialCalculatorKit.build/Debug/FinancialCalculatorKit.build/FinancialCalculatorKit-generated-files.hmap -Xcc -I/Users/rogerlin/Library/Developer/Xcode/DerivedData/FinancialCalculatorKit-ackorybalcxbfocbkqsfdzcfkgmn/Build/Intermediates.noindex/FinancialCalculatorKit.build/Debug/FinancialCalculatorKit.build/FinancialCalculatorKit-own-target-headers.hmap -Xcc -I/Users/rogerlin/Library/Developer/Xcode/DerivedData/FinancialCalculatorKit-ackorybalcxbfocbkqsfdzcfkgmn/Build/Intermediates.noindex/FinancialCalculatorKit.build/Debug/FinancialCalculatorKit.build/FinancialCalculatorKit-all-non-framework-target-headers.hmap -Xcc -ivfsoverlay -Xcc /Users/rogerlin/Library/Developer/Xcode/DerivedData/FinancialCalculatorKit-ackorybalcxbfocbkqsfdzcfkgmn/Build/Intermediates.noindex/FinancialCalculatorKit.build/Debug/FinancialCalculatorKit-b796aaad08c4b307251b75ea7c01aae2-VFS/all-product-headers.yaml -Xcc -iquote -Xcc /Users/rogerlin/Library/Developer/Xcode/DerivedData/FinancialCalculatorKit-ackorybalcxbfocbkqsfdzcfkgmn/Build/Intermediates.noindex/FinancialCalculatorKit.build/Debug/FinancialCalculatorKit.build/FinancialCalculatorKit-project-headers.hmap -Xcc -I/Users/rogerlin/Library/Developer/Xcode/DerivedData/FinancialCalculatorKit-ackorybalcxbfocbkqsfdzcfkgmn/SourcePackages/checkouts/swift-numerics/Sources/_NumericsShims/include -Xcc -I/Users/rogerlin/Library/Developer/Xcode/DerivedData/FinancialCalculatorKit-ackorybalcxbfocbkqsfdzcfkgmn/Build/Products/Debug/include -Xcc -I/Users/rogerlin/Library/Developer/Xcode/DerivedData/FinancialCalculatorKit-ackorybalcxbfocbkqsfdzcfkgmn/Build/Intermediates.noindex/FinancialCalculatorKit.build/Debug/FinancialCalculatorKit.build/DerivedSources-normal/arm64 -Xcc -I/Users/rogerlin/Library/Developer/Xcode/DerivedData/FinancialCalculatorKit-ackorybalcxbfocbkqsfdzcfkgmn/Build/Intermediates.noindex/FinancialCalculatorKit.build/Debug/FinancialCalculatorKit.build/DerivedSources/arm64 -Xcc -I/Users/rogerlin/Library/Developer/Xcode/DerivedData/FinancialCalculatorKit-ackorybalcxbfocbkqsfdzcfkgmn/Build/Intermediates.noindex/FinancialCalculatorKit.build/Debug/FinancialCalculatorKit.build/DerivedSources -Xcc -DDEBUG\=1 -no-auto-bridging-header-chaining -module-name FinancialCalculatorKit -frontend-parseable-output -disable-clang-spi -target-sdk-version 26.1 -target-sdk-name macosx26.1 -clang-target arm64-apple-macos26.1 -in-process-plugin-server-path /Applications/Xcode.app/Contents/Developer/Toolchains/XcodeDefault.xctoolchain/usr/lib/swift/host/libSwiftInProcPluginServer.dylib -o /Users/rogerlin/Library/Developer/Xcode/DerivedData/FinancialCalculatorKit-ackorybalcxbfocbkqsfdzcfkgmn/Build/Intermediates.noindex/FinancialCalculatorKit.build/Debug/FinancialCalculatorKit.build/Objects-normal/arm64/InvestmentCalculatorView.o -o /Users/rogerlin/Library/Developer/Xcode/DerivedData/FinancialCalculatorKit-ackorybalcxbfocbkqsfdzcfkgmn/Build/Intermediates.noindex/FinancialCalculatorKit.build/Debug/FinancialCalculatorKit.build/Objects-normal/arm64/LoanCalculatorView.o -o /Users/rogerlin/Library/Developer/Xcode/DerivedData/FinancialCalculatorKit-ackorybalcxbfocbkqsfdzcfkgmn/Build/Intermediates.noindex/FinancialCalculatorKit.build/Debug/FinancialCalculatorKit.build/Objects-normal/arm64/LoanResultView.o -index-unit-output-path /FinancialCalculatorKit.build/Debug/FinancialCalculatorKit.build/Objects-normal/arm64/InvestmentCalculatorView.o -index-unit-output-path /FinancialCalculatorKit.build/Debug/FinancialCalculatorKit.build/Objects-normal/arm64/LoanCalculatorView.o -index-unit-output-path /FinancialCalculatorKit.build/Debug/FinancialCalculatorKit.build/Objects-normal/arm64/LoanResultView.o -index-store-path /Users/rogerlin/Library/Developer/Xcode/DerivedData/FinancialCalculatorKit-ackorybalcxbfocbkqsfdzcfkgmn/Index.noindex/DataStore -index-system-modules

SwiftCompile normal arm64 /Users/rogerlin/XCode-Projects/FinancialCalculatorKit-5.0-updated-accent-colors/FinancialCalculatorKit/Views/Calculator/InvestmentCalculatorView.swift (in target 'FinancialCalculatorKit' from project 'FinancialCalculatorKit')
    cd /Users/rogerlin/XCode-Projects/FinancialCalculatorKit-5.0-updated-accent-colors
    

SwiftCompile normal arm64 /Users/rogerlin/XCode-Projects/FinancialCalculatorKit-5.0-updated-accent-colors/FinancialCalculatorKit/Views/Calculator/LoanCalculatorView.swift (in target 'FinancialCalculatorKit' from project 'FinancialCalculatorKit')
    cd /Users/rogerlin/XCode-Projects/FinancialCalculatorKit-5.0-updated-accent-colors
    

SwiftCompile normal arm64 /Users/rogerlin/XCode-Projects/FinancialCalculatorKit-5.0-updated-accent-colors/FinancialCalculatorKit/Views/Calculator/LoanResultView.swift (in target 'FinancialCalculatorKit' from project 'FinancialCalculatorKit')
    cd /Users/rogerlin/XCode-Projects/FinancialCalculatorKit-5.0-updated-accent-colors
    

SwiftCompile normal arm64 Compiling\ FinancialStyles.swift,\ InputFieldView.swift /Users/rogerlin/XCode-Projects/FinancialCalculatorKit-5.0-updated-accent-colors/FinancialCalculatorKit/Views/Components/FinancialStyles.swift /Users/rogerlin/XCode-Projects/FinancialCalculatorKit-5.0-updated-accent-colors/FinancialCalculatorKit/Views/Components/InputFieldView.swift (in target 'FinancialCalculatorKit' from project 'FinancialCalculatorKit')
/Applications/Xcode.app/Contents/Developer/Toolchains/XcodeDefault.xctoolchain/usr/bin/swift-frontend -frontend -c /Users/rogerlin/XCode-Projects/FinancialCalculatorKit-5.0-updated-accent-colors/FinancialCalculatorKit/Models/Bond/AdvancedBondModels.swift /Users/rogerlin/XCode-Projects/FinancialCalculatorKit-5.0-updated-accent-colors/FinancialCalculatorKit/Models/Bond/YieldCurveTypes.swift /Users/rogerlin/XCode-Projects/FinancialCalculatorKit-5.0-updated-accent-colors/FinancialCalculatorKit/Models/Calculation/BondCalculation.swift /Users/rogerlin/XCode-Projects/FinancialCalculatorKit-5.0-updated-accent-colors/FinancialCalculatorKit/Models/Calculation/CalculationMetadata.swift /Users/rogerlin/XCode-Projects/FinancialCalculatorKit-5.0-updated-accent-colors/FinancialCalculatorKit/Models/Calculation/DepreciationCalculation.swift /Users/rogerlin/XCode-Projects/FinancialCalculatorKit-5.0-updated-accent-colors/FinancialCalculatorKit/Models/Calculation/FinancialCalculation.swift /Users/rogerlin/XCode-Projects/FinancialCalculatorKit-5.0-updated-accent-colors/FinancialCalculatorKit/Models/Calculation/InvestmentCalculation.swift /Users/rogerlin/XCode-Projects/FinancialCalculatorKit-5.0-updated-accent-colors/FinancialCalculatorKit/Models/Calculation/LoanCalculation.swift /Users/rogerlin/XCode-Projects/FinancialCalculatorKit-5.0-updated-accent-colors/FinancialCalculatorKit/Models/Calculation/TimeValueCalculation.swift /Users/rogerlin/XCode-Projects/FinancialCalculatorKit-5.0-updated-accent-colors/FinancialCalculatorKit/Models/Enums/CalculationType.swift /Users/rogerlin/XCode-Projects/FinancialCalculatorKit-5.0-updated-accent-colors/FinancialCalculatorKit/Models/Enums/Currency.swift /Users/rogerlin/XCode-Projects/FinancialCalculatorKit-5.0-updated-accent-colors/FinancialCalculatorKit/Models/Enums/LoanType.swift /Users/rogerlin/XCode-Projects/FinancialCalculatorKit-5.0-updated-accent-colors/FinancialCalculatorKit/Models/Enums/PaymentFrequency.swift /Users/rogerlin/XCode-Projects/FinancialCalculatorKit-5.0-updated-accent-colors/FinancialCalculatorKit/Models/Enums/TimeValueVariable.swift /Users/rogerlin/XCode-Projects/FinancialCalculatorKit-5.0-updated-accent-colors/FinancialCalculatorKit/Models/Formula/FormulaReference.swift /Users/rogerlin/XCode-Projects/FinancialCalculatorKit-5.0-updated-accent-colors/FinancialCalculatorKit/Models/FRED/FREDModels.swift /Users/rogerlin/XCode-Projects/FinancialCalculatorKit-5.0-updated-accent-colors/FinancialCalculatorKit/Models/Options/AdvancedOptionsModels.swift /Users/rogerlin/XCode-Projects/FinancialCalculatorKit-5.0-updated-accent-colors/FinancialCalculatorKit/Models/ScientificCalculator/EquationDocument.swift /Users/rogerlin/XCode-Projects/FinancialCalculatorKit-5.0-updated-accent-colors/FinancialCalculatorKit/Models/ScientificCalculator/VariableStore.swift /Users/rogerlin/XCode-Projects/FinancialCalculatorKit-5.0-updated-accent-colors/FinancialCalculatorKit/Protocols/FinancialComputable.swift /Users/rogerlin/XCode-Projects/FinancialCalculatorKit-5.0-updated-accent-colors/FinancialCalculatorKit/Services/Bond/AdvancedBondPricingEngine.swift /Users/rogerlin/XCode-Projects/FinancialCalculatorKit-5.0-updated-accent-colors/FinancialCalculatorKit/Services/Options/AdvancedOptionsPricingEngine.swift /Users/rogerlin/XCode-Projects/FinancialCalculatorKit-5.0-updated-accent-colors/FinancialCalculatorKit/Services/AdvancedExpressionParser.swift /Users/rogerlin/XCode-Projects/FinancialCalculatorKit-5.0-updated-accent-colors/FinancialCalculatorKit/Services/AdvancedIRRCalculator.swift /Users/rogerlin/XCode-Projects/FinancialCalculatorKit-5.0-updated-accent-colors/FinancialCalculatorKit/Services/AdvancedMathFunctions.swift /Users/rogerlin/XCode-Projects/FinancialCalculatorKit-5.0-updated-accent-colors/FinancialCalculatorKit/Services/CalculationEngine.swift /Users/rogerlin/XCode-Projects/FinancialCalculatorKit-5.0-updated-accent-colors/FinancialCalculatorKit/Services/CSVHelper.swift /Users/rogerlin/XCode-Projects/FinancialCalculatorKit-5.0-updated-accent-colors/FinancialCalculatorKit/Services/CurrencyConversionService.swift /Users/rogerlin/XCode-Projects/FinancialCalculatorKit-5.0-updated-accent-colors/FinancialCalculatorKit/Services/ExchangeRateService.swift /Users/rogerlin/XCode-Projects/FinancialCalculatorKit-5.0-updated-accent-colors/FinancialCalculatorKit/Services/FinancialCalculator.swift /Users/rogerlin/XCode-Projects/FinancialCalculatorKit-5.0-updated-accent-colors/FinancialCalculatorKit/Services/FinancialValidation.swift /Users/rogerlin/XCode-Projects/FinancialCalculatorKit-5.0-updated-accent-colors/FinancialCalculatorKit/Services/FormulaAutoComplete.swift /Users/rogerlin/XCode-Projects/FinancialCalculatorKit-5.0-updated-accent-colors/FinancialCalculatorKit/Services/FREDService.swift /Users/rogerlin/XCode-Projects/FinancialCalculatorKit-5.0-updated-accent-colors/FinancialCalculatorKit/Services/HighPrecisionMath.swift /Users/rogerlin/XCode-Projects/FinancialCalculatorKit-5.0-updated-accent-colors/FinancialCalculatorKit/Services/HighPrecisionTestSuite.swift /Users/rogerlin/XCode-Projects/FinancialCalculatorKit-5.0-updated-accent-colors/FinancialCalculatorKit/Services/HighPrecisionValidation.swift /Users/rogerlin/XCode-Projects/FinancialCalculatorKit-5.0-updated-accent-colors/FinancialCalculatorKit/Services/TickerHistoryService.swift /Users/rogerlin/XCode-Projects/FinancialCalculatorKit-5.0-updated-accent-colors/FinancialCalculatorKit/Services/ValidationExtensions.swift /Users/rogerlin/XCode-Projects/FinancialCalculatorKit-5.0-updated-accent-colors/FinancialCalculatorKit/Services/ValidationService.swift /Users/rogerlin/XCode-Projects/FinancialCalculatorKit-5.0-updated-accent-colors/FinancialCalculatorKit/Services/ValidationTestSuite.swift /Users/rogerlin/XCode-Projects/FinancialCalculatorKit-5.0-updated-accent-colors/FinancialCalculatorKit/Utilities/Extensions/Date+Financial.swift /Users/rogerlin/XCode-Projects/FinancialCalculatorKit-5.0-updated-accent-colors/FinancialCalculatorKit/Utilities/Extensions/Double+Financial.swift /Users/rogerlin/XCode-Projects/FinancialCalculatorKit-5.0-updated-accent-colors/FinancialCalculatorKit/Utilities/CashFlowsTransformer.swift /Users/rogerlin/XCode-Projects/FinancialCalculatorKit-5.0-updated-accent-colors/FinancialCalculatorKit/Utilities/Formatters.swift /Users/rogerlin/XCode-Projects/FinancialCalculatorKit-5.0-updated-accent-colors/FinancialCalculatorKit/ViewHelpers/FormulaViewHelper.swift /Users/rogerlin/XCode-Projects/FinancialCalculatorKit-5.0-updated-accent-colors/FinancialCalculatorKit/ViewModels/MainViewModel.swift /Users/rogerlin/XCode-Projects/FinancialCalculatorKit-5.0-updated-accent-colors/FinancialCalculatorKit/Views/Calculator/AdvancedBondCalculatorView.swift /Users/rogerlin/XCode-Projects/FinancialCalculatorKit-5.0-updated-accent-colors/FinancialCalculatorKit/Views/Calculator/AmortizationView.swift /Users/rogerlin/XCode-Projects/FinancialCalculatorKit-5.0-updated-accent-colors/FinancialCalculatorKit/Views/Calculator/BondCalculatorView.swift /Users/rogerlin/XCode-Projects/FinancialCalculatorKit-5.0-updated-accent-colors/FinancialCalculatorKit/Views/Calculator/CompactCalculatorView.swift /Users/rogerlin/XCode-Projects/FinancialCalculatorKit-5.0-updated-accent-colors/FinancialCalculatorKit/Views/Calculator/CurrencyConverterView.swift /Users/rogerlin/XCode-Projects/FinancialCalculatorKit-5.0-updated-accent-colors/FinancialCalculatorKit/Views/Calculator/CustomScientificKeyboard.swift /Users/rogerlin/XCode-Projects/FinancialCalculatorKit-5.0-updated-accent-colors/FinancialCalculatorKit/Views/Calculator/DepreciationCalculatorView.swift /Users/rogerlin/XCode-Projects/FinancialCalculatorKit-5.0-updated-accent-colors/FinancialCalculatorKit/Views/Calculator/DocumentListView.swift /Users/rogerlin/XCode-Projects/FinancialCalculatorKit-5.0-updated-accent-colors/FinancialCalculatorKit/Views/Calculator/EquityValuationView.swift /Users/rogerlin/XCode-Projects/FinancialCalculatorKit-5.0-updated-accent-colors/FinancialCalculatorKit/Views/Calculator/FixedIncomeAnalyticsView.swift /Users/rogerlin/XCode-Projects/FinancialCalculatorKit-5.0-updated-accent-colors/FinancialCalculatorKit/Views/Calculator/FormulaLibraryView.swift /Users/rogerlin/XCode-Projects/FinancialCalculatorKit-5.0-updated-accent-colors/FinancialCalculatorKit/Views/Calculator/ForwardsCalculatorView.swift /Users/rogerlin/XCode-Projects/FinancialCalculatorKit-5.0-updated-accent-colors/FinancialCalculatorKit/Views/Calculator/FuturesCalculatorView.swift /Users/rogerlin/XCode-Projects/FinancialCalculatorKit-5.0-updated-accent-colors/FinancialCalculatorKit/Views/Calculator/FutureValueView.swift /Users/rogerlin/XCode-Projects/FinancialCalculatorKit-5.0-updated-accent-colors/FinancialCalculatorKit/Views/Calculator/HighPrecisionCalculatorView.swift /Users/rogerlin/XCode-Projects/FinancialCalculatorKit-5.0-updated-accent-colors/FinancialCalculatorKit/Views/Calculator/InvestmentCalculatorView.swift /Users/rogerlin/XCode-Projects/FinancialCalculatorKit-5.0-updated-accent-colors/FinancialCalculatorKit/Views/Calculator/LoanCalculatorView.swift /Users/rogerlin/XCode-Projects/FinancialCalculatorKit-5.0-updated-accent-colors/FinancialCalculatorKit/Views/Calculator/LoanResultView.swift /Users/rogerlin/XCode-Projects/FinancialCalculatorKit-5.0-updated-accent-colors/FinancialCalculatorKit/Views/Calculator/MathExpressionCalculatorView.swift /Users/rogerlin/XCode-Projects/FinancialCalculatorKit-5.0-updated-accent-colors/FinancialCalculatorKit/Views/Calculator/OptionsCalculatorView.swift /Users/rogerlin/XCode-Projects/FinancialCalculatorKit-5.0-updated-accent-colors/FinancialCalculatorKit/Views/Calculator/OptionsStrategiesView.swift /Users/rogerlin/XCode-Projects/FinancialCalculatorKit-5.0-updated-accent-colors/FinancialCalculatorKit/Views/Calculator/PlaceholderViews.swift /Users/rogerlin/XCode-Projects/FinancialCalculatorKit-5.0-updated-accent-colors/FinancialCalculatorKit/Views/Calculator/PortfolioOptimizationView.swift /Users/rogerlin/XCode-Projects/FinancialCalculatorKit-5.0-updated-accent-colors/FinancialCalculatorKit/Views/Calculator/PrecisionDemoView.swift /Users/rogerlin/XCode-Projects/FinancialCalculatorKit-5.0-updated-accent-colors/FinancialCalculatorKit/Views/Calculator/RiskManagementView.swift /Users/rogerlin/XCode-Projects/FinancialCalculatorKit-5.0-updated-accent-colors/FinancialCalculatorKit/Views/Calculator/ScientificCalculatorView.swift /Users/rogerlin/XCode-Projects/FinancialCalculatorKit-5.0-updated-accent-colors/FinancialCalculatorKit/Views/Calculator/SwapsCalculatorView.swift /Users/rogerlin/XCode-Projects/FinancialCalculatorKit-5.0-updated-accent-colors/FinancialCalculatorKit/Views/Calculator/TemplateViews.swift /Users/rogerlin/XCode-Projects/FinancialCalculatorKit-5.0-updated-accent-colors/FinancialCalculatorKit/Views/Calculator/TickerHistoryView.swift /Users/rogerlin/XCode-Projects/FinancialCalculatorKit-5.0-updated-accent-colors/FinancialCalculatorKit/Views/Calculator/TimeValueCalculatorView.swift /Users/rogerlin/XCode-Projects/FinancialCalculatorKit-5.0-updated-accent-colors/FinancialCalculatorKit/Views/Calculator/TimeValueResultView.swift /Users/rogerlin/XCode-Projects/FinancialCalculatorKit-5.0-updated-accent-colors/FinancialCalculatorKit/Views/Calculator/UnitConverterView.swift /Users/rogerlin/XCode-Projects/FinancialCalculatorKit-5.0-updated-accent-colors/FinancialCalculatorKit/Views/Calculator/VariableManagementView.swift /Users/rogerlin/XCode-Projects/FinancialCalculatorKit-5.0-updated-accent-colors/FinancialCalculatorKit/Views/Charts/FinancialChartView.swift /Users/rogerlin/XCode-Projects/FinancialCalculatorKit-5.0-updated-accent-colors/FinancialCalculatorKit/Views/Charts/InteractiveFinancialCharts.swift /Users/rogerlin/XCode-Projects/FinancialCalculatorKit-5.0-updated-accent-colors/FinancialCalculatorKit/Views/Components/DetailRow.swift /Users/rogerlin/XCode-Projects/FinancialCalculatorKit-5.0-updated-accent-colors/FinancialCalculatorKit/Views/Components/DynamicInputSection.swift /Users/rogerlin/XCode-Projects/FinancialCalculatorKit-5.0-updated-accent-colors/FinancialCalculatorKit/Views/Components/EnhancedInputFields.swift -primary-file /Users/rogerlin/XCode-Projects/FinancialCalculatorKit-5.0-updated-accent-colors/FinancialCalculatorKit/Views/Components/FinancialStyles.swift -primary-file /Users/rogerlin/XCode-Projects/FinancialCalculatorKit-5.0-updated-accent-colors/FinancialCalculatorKit/Views/Components/InputFieldView.swift /Users/rogerlin/XCode-Projects/FinancialCalculatorKit-5.0-updated-accent-colors/FinancialCalculatorKit/Views/Components/InteractiveDataTables.swift /Users/rogerlin/XCode-Projects/FinancialCalculatorKit-5.0-updated-accent-colors/FinancialCalculatorKit/Views/Components/LoadingResultView.swift /Users/rogerlin/XCode-Projects/FinancialCalculatorKit-5.0-updated-accent-colors/FinancialCalculatorKit/Views/Components/NumbersOnlyViewModifier.swift /Users/rogerlin/XCode-Projects/FinancialCalculatorKit-5.0-updated-accent-colors/FinancialCalculatorKit/Views/Components/ResultDisplayView.swift /Users/rogerlin/XCode-Projects/FinancialCalculatorKit-5.0-updated-accent-colors/FinancialCalculatorKit/Views/Components/StatusIndicator.swift /Users/rogerlin/XCode-Projects/FinancialCalculatorKit-5.0-updated-accent-colors/FinancialCalculatorKit/Views/Components/ValidationSummaryView.swift /Users/rogerlin/XCode-Projects/FinancialCalculatorKit-5.0-updated-accent-colors/FinancialCalculatorKit/Views/FRED/FREDDataView.swift /Users/rogerlin/XCode-Projects/FinancialCalculatorKit-5.0-updated-accent-colors/FinancialCalculatorKit/Views/Reference/FormulaReferenceView.swift /Users/rogerlin/XCode-Projects/FinancialCalculatorKit-5.0-updated-accent-colors/FinancialCalculatorKit/Views/Reference/FormulaVariableView.swift /Users/rogerlin/XCode-Projects/FinancialCalculatorKit-5.0-updated-accent-colors/FinancialCalculatorKit/Views/Reference/FormulaVariantView.swift /Users/rogerlin/XCode-Projects/FinancialCalculatorKit-5.0-updated-accent-colors/FinancialCalculatorKit/ContentView.swift /Users/rogerlin/XCode-Projects/FinancialCalculatorKit-5.0-updated-accent-colors/FinancialCalculatorKit/FinancialCalculatorKitApp.swift /Users/rogerlin/XCode-Projects/FinancialCalculatorKit-5.0-updated-accent-colors/FinancialCalculatorKit/Item.swift /Users/rogerlin/Library/Developer/Xcode/DerivedData/FinancialCalculatorKit-ackorybalcxbfocbkqsfdzcfkgmn/Build/Intermediates.noindex/FinancialCalculatorKit.build/Debug/FinancialCalculatorKit.build/DerivedSources/GeneratedAssetSymbols.swift -emit-dependencies-path /Users/rogerlin/Library/Developer/Xcode/DerivedData/FinancialCalculatorKit-ackorybalcxbfocbkqsfdzcfkgmn/Build/Intermediates.noindex/FinancialCalculatorKit.build/Debug/FinancialCalculatorKit.build/Objects-normal/arm64/FinancialStyles.d -emit-const-values-path /Users/rogerlin/Library/Developer/Xcode/DerivedData/FinancialCalculatorKit-ackorybalcxbfocbkqsfdzcfkgmn/Build/Intermediates.noindex/FinancialCalculatorKit.build/Debug/FinancialCalculatorKit.build/Objects-normal/arm64/FinancialStyles.swiftconstvalues -emit-reference-dependencies-path /Users/rogerlin/Library/Developer/Xcode/DerivedData/FinancialCalculatorKit-ackorybalcxbfocbkqsfdzcfkgmn/Build/Intermediates.noindex/FinancialCalculatorKit.build/Debug/FinancialCalculatorKit.build/Objects-normal/arm64/FinancialStyles.swiftdeps -serialize-diagnostics-path /Users/rogerlin/Library/Developer/Xcode/DerivedData/FinancialCalculatorKit-ackorybalcxbfocbkqsfdzcfkgmn/Build/Intermediates.noindex/FinancialCalculatorKit.build/Debug/FinancialCalculatorKit.build/Objects-normal/arm64/FinancialStyles.dia -emit-dependencies-path /Users/rogerlin/Library/Developer/Xcode/DerivedData/FinancialCalculatorKit-ackorybalcxbfocbkqsfdzcfkgmn/Build/Intermediates.noindex/FinancialCalculatorKit.build/Debug/FinancialCalculatorKit.build/Objects-normal/arm64/InputFieldView.d -emit-const-values-path /Users/rogerlin/Library/Developer/Xcode/DerivedData/FinancialCalculatorKit-ackorybalcxbfocbkqsfdzcfkgmn/Build/Intermediates.noindex/FinancialCalculatorKit.build/Debug/FinancialCalculatorKit.build/Objects-normal/arm64/InputFieldView.swiftconstvalues -emit-reference-dependencies-path /Users/rogerlin/Library/Developer/Xcode/DerivedData/FinancialCalculatorKit-ackorybalcxbfocbkqsfdzcfkgmn/Build/Intermediates.noindex/FinancialCalculatorKit.build/Debug/FinancialCalculatorKit.build/Objects-normal/arm64/InputFieldView.swiftdeps -serialize-diagnostics-path /Users/rogerlin/Library/Developer/Xcode/DerivedData/FinancialCalculatorKit-ackorybalcxbfocbkqsfdzcfkgmn/Build/Intermediates.noindex/FinancialCalculatorKit.build/Debug/FinancialCalculatorKit.build/Objects-normal/arm64/InputFieldView.dia -emit-localized-strings -emit-localized-strings-path /Users/rogerlin/Library/Developer/Xcode/DerivedData/FinancialCalculatorKit-ackorybalcxbfocbkqsfdzcfkgmn/Build/Intermediates.noindex/FinancialCalculatorKit.build/Debug/FinancialCalculatorKit.build/Objects-normal/arm64 -target arm64-apple-macos14.0 -module-can-import-version AppKit 2685.20.119 2685.20.119 -module-can-import-version DeveloperToolsSupport 23.0.4 23.0.4 -module-can-import-version SwiftUI 7.1.13.1 7.1.13 -disable-cross-import-overlay-search -swift-module-cross-import SwiftData /Applications/Xcode.app/Contents/Developer/Platforms/MacOSX.platform/Developer/SDKs/MacOSX26.1.sdk/System/Library/Frameworks/SwiftData.framework/Modules/SwiftData.swiftcrossimport/CoreData.swiftoverlay -swift-module-cross-import SwiftData /Applications/Xcode.app/Contents/Developer/Platforms/MacOSX.platform/Developer/SDKs/MacOSX26.1.sdk/System/Library/Frameworks/SwiftData.framework/Modules/SwiftData.swiftcrossimport/SwiftUI.swiftoverlay -load-resolved-plugin \#/Users/rogerlin/Library/Developer/Xcode/DerivedData/FinancialCalculatorKit-ackorybalcxbfocbkqsfdzcfkgmn/Build/Products/Debug/CasePathsMacros\#CasePathsMacros -load-resolved-plugin /Applications/Xcode.app/Contents/Developer/Platforms/MacOSX.platform/Developer/usr/lib/swift/host/plugins/libFoundationMacros.dylib\#/Applications/Xcode.app/Contents/Developer/Platforms/MacOSX.platform/Developer/usr/bin/swift-plugin-server\#FoundationMacros -load-resolved-plugin /Applications/Xcode.app/Contents/Developer/Platforms/MacOSX.platform/Developer/usr/lib/swift/host/plugins/libObservationMacros.dylib\#/Applications/Xcode.app/Contents/Developer/Platforms/MacOSX.platform/Developer/usr/bin/swift-plugin-server\#ObservationMacros -load-resolved-plugin /Applications/Xcode.app/Contents/Developer/Platforms/MacOSX.platform/Developer/usr/lib/swift/host/plugins/libPreviewsMacros.dylib\#/Applications/Xcode.app/Contents/Developer/Platforms/MacOSX.platform/Developer/usr/bin/swift-plugin-server\#PreviewsMacros -load-resolved-plugin /Applications/Xcode.app/Contents/Developer/Platforms/MacOSX.platform/Developer/usr/lib/swift/host/plugins/libSwiftDataMacros.dylib\#/Applications/Xcode.app/Contents/Developer/Platforms/MacOSX.platform/Developer/usr/bin/swift-plugin-server\#SwiftDataMacros -load-resolved-plugin /Applications/Xcode.app/Contents/Developer/Platforms/MacOSX.platform/Developer/usr/lib/swift/host/plugins/libSwiftMacros.dylib\#/Applications/Xcode.app/Contents/Developer/Platforms/MacOSX.platform/Developer/usr/bin/swift-plugin-server\#SwiftMacros -load-resolved-plugin /Applications/Xcode.app/Contents/Developer/Platforms/MacOSX.platform/Developer/usr/lib/swift/host/plugins/libSwiftUIMacros.dylib\#/Applications/Xcode.app/Contents/Developer/Platforms/MacOSX.platform/Developer/usr/bin/swift-plugin-server\#SwiftUIMacros -disable-implicit-swift-modules -Xcc -fno-implicit-modules -Xcc -fno-implicit-module-maps -explicit-swift-module-map-file /Users/rogerlin/Library/Developer/Xcode/DerivedData/FinancialCalculatorKit-ackorybalcxbfocbkqsfdzcfkgmn/Build/Intermediates.noindex/FinancialCalculatorKit.build/Debug/FinancialCalculatorKit.build/Objects-normal/arm64/FinancialCalculatorKit-dependencies-1.json -Xllvm -aarch64-use-tbi -enable-objc-interop -stack-check -sdk /Applications/Xcode.app/Contents/Developer/Platforms/MacOSX.platform/Developer/SDKs/MacOSX26.1.sdk -I /Users/rogerlin/Library/Developer/Xcode/DerivedData/FinancialCalculatorKit-ackorybalcxbfocbkqsfdzcfkgmn/Build/Products/Debug -F /Users/rogerlin/Library/Developer/Xcode/DerivedData/FinancialCalculatorKit-ackorybalcxbfocbkqsfdzcfkgmn/Build/Products/Debug/PackageFrameworks -F /Users/rogerlin/Library/Developer/Xcode/DerivedData/FinancialCalculatorKit-ackorybalcxbfocbkqsfdzcfkgmn/Build/Products/Debug/PackageFrameworks -F /Users/rogerlin/Library/Developer/Xcode/DerivedData/FinancialCalculatorKit-ackorybalcxbfocbkqsfdzcfkgmn/Build/Products/Debug/PackageFrameworks -F /Users/rogerlin/Library/Developer/Xcode/DerivedData/FinancialCalculatorKit-ackorybalcxbfocbkqsfdzcfkgmn/Build/Products/Debug/PackageFrameworks -F /Users/rogerlin/Library/Developer/Xcode/DerivedData/FinancialCalculatorKit-ackorybalcxbfocbkqsfdzcfkgmn/Build/Products/Debug/PackageFrameworks -F /Users/rogerlin/Library/Developer/Xcode/DerivedData/FinancialCalculatorKit-ackorybalcxbfocbkqsfdzcfkgmn/Build/Products/Debug/PackageFrameworks -F /Users/rogerlin/Library/Developer/Xcode/DerivedData/FinancialCalculatorKit-ackorybalcxbfocbkqsfdzcfkgmn/Build/Products/Debug/PackageFrameworks -F /Users/rogerlin/Library/Developer/Xcode/DerivedData/FinancialCalculatorKit-ackorybalcxbfocbkqsfdzcfkgmn/Build/Products/Debug/PackageFrameworks -F /Users/rogerlin/Library/Developer/Xcode/DerivedData/FinancialCalculatorKit-ackorybalcxbfocbkqsfdzcfkgmn/Build/Products/Debug/PackageFrameworks -F /Users/rogerlin/Library/Developer/Xcode/DerivedData/FinancialCalculatorKit-ackorybalcxbfocbkqsfdzcfkgmn/Build/Products/Debug/PackageFrameworks -F /Users/rogerlin/Library/Developer/Xcode/DerivedData/FinancialCalculatorKit-ackorybalcxbfocbkqsfdzcfkgmn/Build/Products/Debug/PackageFrameworks -F /Users/rogerlin/Library/Developer/Xcode/DerivedData/FinancialCalculatorKit-ackorybalcxbfocbkqsfdzcfkgmn/Build/Products/Debug/PackageFrameworks -F /Users/rogerlin/Library/Developer/Xcode/DerivedData/FinancialCalculatorKit-ackorybalcxbfocbkqsfdzcfkgmn/Build/Products/Debug/PackageFrameworks -F /Users/rogerlin/Library/Developer/Xcode/DerivedData/FinancialCalculatorKit-ackorybalcxbfocbkqsfdzcfkgmn/Build/Products/Debug/PackageFrameworks -F /Users/rogerlin/Library/Developer/Xcode/DerivedData/FinancialCalculatorKit-ackorybalcxbfocbkqsfdzcfkgmn/Build/Products/Debug/PackageFrameworks -F /Users/rogerlin/Library/Developer/Xcode/DerivedData/FinancialCalculatorKit-ackorybalcxbfocbkqsfdzcfkgmn/Build/Products/Debug/PackageFrameworks -F /Users/rogerlin/Library/Developer/Xcode/DerivedData/FinancialCalculatorKit-ackorybalcxbfocbkqsfdzcfkgmn/Build/Products/Debug/PackageFrameworks -F /Users/rogerlin/Library/Developer/Xcode/DerivedData/FinancialCalculatorKit-ackorybalcxbfocbkqsfdzcfkgmn/Build/Products/Debug/PackageFrameworks -F /Users/rogerlin/Library/Developer/Xcode/DerivedData/FinancialCalculatorKit-ackorybalcxbfocbkqsfdzcfkgmn/Build/Products/Debug/PackageFrameworks -F /Users/rogerlin/Library/Developer/Xcode/DerivedData/FinancialCalculatorKit-ackorybalcxbfocbkqsfdzcfkgmn/Build/Products/Debug -no-color-diagnostics -Xcc -fno-color-diagnostics -enable-testing -g -debug-info-format\=dwarf -dwarf-version\=4 -module-cache-path /Users/rogerlin/Library/Developer/Xcode/DerivedData/FinancialCalculatorKit-ackorybalcxbfocbkqsfdzcfkgmn/Build/Intermediates.noindex/SwiftExplicitPrecompiledModules -profile-generate -profile-coverage-mapping -swift-version 5 -enforce-exclusivity\=checked -Onone -D DEBUG -serialize-debugging-options -load-plugin-executable /Users/rogerlin/Library/Developer/Xcode/DerivedData/FinancialCalculatorKit-ackorybalcxbfocbkqsfdzcfkgmn/Build/Products/Debug/CasePathsMacros\#CasePathsMacros -const-gather-protocols-file /Users/rogerlin/Library/Developer/Xcode/DerivedData/FinancialCalculatorKit-ackorybalcxbfocbkqsfdzcfkgmn/Build/Intermediates.noindex/FinancialCalculatorKit.build/Debug/FinancialCalculatorKit.build/Objects-normal/arm64/FinancialCalculatorKit_const_extract_protocols.json -enable-experimental-feature DebugDescriptionMacro -enable-bare-slash-regex -empty-abi-descriptor -validate-clang-modules-once -clang-build-session-file /Users/rogerlin/Library/Developer/Xcode/DerivedData/ModuleCache.noindex/Session.modulevalidation -Xcc -working-directory -Xcc /Users/rogerlin/XCode-Projects/FinancialCalculatorKit-5.0-updated-accent-colors -enable-anonymous-context-mangled-names -file-compilation-dir /Users/rogerlin/XCode-Projects/FinancialCalculatorKit-5.0-updated-accent-colors -Xcc -D_LIBCPP_HARDENING_MODE\=_LIBCPP_HARDENING_MODE_DEBUG -Xcc -ivfsstatcache -Xcc /Users/rogerlin/Library/Developer/Xcode/DerivedData/SDKStatCaches.noindex/macosx26.1-25B74-3ae1261907bdadc328169391a47051a6.sdkstatcache -Xcc -I/Users/rogerlin/Library/Developer/Xcode/DerivedData/FinancialCalculatorKit-ackorybalcxbfocbkqsfdzcfkgmn/Build/Intermediates.noindex/FinancialCalculatorKit.build/Debug/FinancialCalculatorKit.build/swift-overrides.hmap -Xcc -iquote -Xcc /Users/rogerlin/Library/Developer/Xcode/DerivedData/FinancialCalculatorKit-ackorybalcxbfocbkqsfdzcfkgmn/Build/Intermediates.noindex/FinancialCalculatorKit.build/Debug/FinancialCalculatorKit.build/FinancialCalculatorKit-generated-files.hmap -Xcc -I/Users/rogerlin/Library/Developer/Xcode/DerivedData/FinancialCalculatorKit-ackorybalcxbfocbkqsfdzcfkgmn/Build/Intermediates.noindex/FinancialCalculatorKit.build/Debug/FinancialCalculatorKit.build/FinancialCalculatorKit-own-target-headers.hmap -Xcc -I/Users/rogerlin/Library/Developer/Xcode/DerivedData/FinancialCalculatorKit-ackorybalcxbfocbkqsfdzcfkgmn/Build/Intermediates.noindex/FinancialCalculatorKit.build/Debug/FinancialCalculatorKit.build/FinancialCalculatorKit-all-non-framework-target-headers.hmap -Xcc -ivfsoverlay -Xcc /Users/rogerlin/Library/Developer/Xcode/DerivedData/FinancialCalculatorKit-ackorybalcxbfocbkqsfdzcfkgmn/Build/Intermediates.noindex/FinancialCalculatorKit.build/Debug/FinancialCalculatorKit-b796aaad08c4b307251b75ea7c01aae2-VFS/all-product-headers.yaml -Xcc -iquote -Xcc /Users/rogerlin/Library/Developer/Xcode/DerivedData/FinancialCalculatorKit-ackorybalcxbfocbkqsfdzcfkgmn/Build/Intermediates.noindex/FinancialCalculatorKit.build/Debug/FinancialCalculatorKit.build/FinancialCalculatorKit-project-headers.hmap -Xcc -I/Users/rogerlin/Library/Developer/Xcode/DerivedData/FinancialCalculatorKit-ackorybalcxbfocbkqsfdzcfkgmn/SourcePackages/checkouts/swift-numerics/Sources/_NumericsShims/include -Xcc -I/Users/rogerlin/Library/Developer/Xcode/DerivedData/FinancialCalculatorKit-ackorybalcxbfocbkqsfdzcfkgmn/Build/Products/Debug/include -Xcc -I/Users/rogerlin/Library/Developer/Xcode/DerivedData/FinancialCalculatorKit-ackorybalcxbfocbkqsfdzcfkgmn/Build/Intermediates.noindex/FinancialCalculatorKit.build/Debug/FinancialCalculatorKit.build/DerivedSources-normal/arm64 -Xcc -I/Users/rogerlin/Library/Developer/Xcode/DerivedData/FinancialCalculatorKit-ackorybalcxbfocbkqsfdzcfkgmn/Build/Intermediates.noindex/FinancialCalculatorKit.build/Debug/FinancialCalculatorKit.build/DerivedSources/arm64 -Xcc -I/Users/rogerlin/Library/Developer/Xcode/DerivedData/FinancialCalculatorKit-ackorybalcxbfocbkqsfdzcfkgmn/Build/Intermediates.noindex/FinancialCalculatorKit.build/Debug/FinancialCalculatorKit.build/DerivedSources -Xcc -DDEBUG\=1 -no-auto-bridging-header-chaining -module-name FinancialCalculatorKit -frontend-parseable-output -disable-clang-spi -target-sdk-version 26.1 -target-sdk-name macosx26.1 -clang-target arm64-apple-macos26.1 -in-process-plugin-server-path /Applications/Xcode.app/Contents/Developer/Toolchains/XcodeDefault.xctoolchain/usr/lib/swift/host/libSwiftInProcPluginServer.dylib -o /Users/rogerlin/Library/Developer/Xcode/DerivedData/FinancialCalculatorKit-ackorybalcxbfocbkqsfdzcfkgmn/Build/Intermediates.noindex/FinancialCalculatorKit.build/Debug/FinancialCalculatorKit.build/Objects-normal/arm64/FinancialStyles.o -o /Users/rogerlin/Library/Developer/Xcode/DerivedData/FinancialCalculatorKit-ackorybalcxbfocbkqsfdzcfkgmn/Build/Intermediates.noindex/FinancialCalculatorKit.build/Debug/FinancialCalculatorKit.build/Objects-normal/arm64/InputFieldView.o -index-unit-output-path /FinancialCalculatorKit.build/Debug/FinancialCalculatorKit.build/Objects-normal/arm64/FinancialStyles.o -index-unit-output-path /FinancialCalculatorKit.build/Debug/FinancialCalculatorKit.build/Objects-normal/arm64/InputFieldView.o -index-store-path /Users/rogerlin/Library/Developer/Xcode/DerivedData/FinancialCalculatorKit-ackorybalcxbfocbkqsfdzcfkgmn/Index.noindex/DataStore -index-system-modules

SwiftCompile normal arm64 /Users/rogerlin/XCode-Projects/FinancialCalculatorKit-5.0-updated-accent-colors/FinancialCalculatorKit/Views/Components/FinancialStyles.swift (in target 'FinancialCalculatorKit' from project 'FinancialCalculatorKit')
    cd /Users/rogerlin/XCode-Projects/FinancialCalculatorKit-5.0-updated-accent-colors
    

SwiftCompile normal arm64 /Users/rogerlin/XCode-Projects/FinancialCalculatorKit-5.0-updated-accent-colors/FinancialCalculatorKit/Views/Components/InputFieldView.swift (in target 'FinancialCalculatorKit' from project 'FinancialCalculatorKit')
    cd /Users/rogerlin/XCode-Projects/FinancialCalculatorKit-5.0-updated-accent-colors
    

SwiftCompile normal arm64 Compiling\ InteractiveDataTables.swift,\ LoadingResultView.swift /Users/rogerlin/XCode-Projects/FinancialCalculatorKit-5.0-updated-accent-colors/FinancialCalculatorKit/Views/Components/InteractiveDataTables.swift /Users/rogerlin/XCode-Projects/FinancialCalculatorKit-5.0-updated-accent-colors/FinancialCalculatorKit/Views/Components/LoadingResultView.swift (in target 'FinancialCalculatorKit' from project 'FinancialCalculatorKit')
/Applications/Xcode.app/Contents/Developer/Toolchains/XcodeDefault.xctoolchain/usr/bin/swift-frontend -frontend -c /Users/rogerlin/XCode-Projects/FinancialCalculatorKit-5.0-updated-accent-colors/FinancialCalculatorKit/Models/Bond/AdvancedBondModels.swift /Users/rogerlin/XCode-Projects/FinancialCalculatorKit-5.0-updated-accent-colors/FinancialCalculatorKit/Models/Bond/YieldCurveTypes.swift /Users/rogerlin/XCode-Projects/FinancialCalculatorKit-5.0-updated-accent-colors/FinancialCalculatorKit/Models/Calculation/BondCalculation.swift /Users/rogerlin/XCode-Projects/FinancialCalculatorKit-5.0-updated-accent-colors/FinancialCalculatorKit/Models/Calculation/CalculationMetadata.swift /Users/rogerlin/XCode-Projects/FinancialCalculatorKit-5.0-updated-accent-colors/FinancialCalculatorKit/Models/Calculation/DepreciationCalculation.swift /Users/rogerlin/XCode-Projects/FinancialCalculatorKit-5.0-updated-accent-colors/FinancialCalculatorKit/Models/Calculation/FinancialCalculation.swift /Users/rogerlin/XCode-Projects/FinancialCalculatorKit-5.0-updated-accent-colors/FinancialCalculatorKit/Models/Calculation/InvestmentCalculation.swift /Users/rogerlin/XCode-Projects/FinancialCalculatorKit-5.0-updated-accent-colors/FinancialCalculatorKit/Models/Calculation/LoanCalculation.swift /Users/rogerlin/XCode-Projects/FinancialCalculatorKit-5.0-updated-accent-colors/FinancialCalculatorKit/Models/Calculation/TimeValueCalculation.swift /Users/rogerlin/XCode-Projects/FinancialCalculatorKit-5.0-updated-accent-colors/FinancialCalculatorKit/Models/Enums/CalculationType.swift /Users/rogerlin/XCode-Projects/FinancialCalculatorKit-5.0-updated-accent-colors/FinancialCalculatorKit/Models/Enums/Currency.swift /Users/rogerlin/XCode-Projects/FinancialCalculatorKit-5.0-updated-accent-colors/FinancialCalculatorKit/Models/Enums/LoanType.swift /Users/rogerlin/XCode-Projects/FinancialCalculatorKit-5.0-updated-accent-colors/FinancialCalculatorKit/Models/Enums/PaymentFrequency.swift /Users/rogerlin/XCode-Projects/FinancialCalculatorKit-5.0-updated-accent-colors/FinancialCalculatorKit/Models/Enums/TimeValueVariable.swift /Users/rogerlin/XCode-Projects/FinancialCalculatorKit-5.0-updated-accent-colors/FinancialCalculatorKit/Models/Formula/FormulaReference.swift /Users/rogerlin/XCode-Projects/FinancialCalculatorKit-5.0-updated-accent-colors/FinancialCalculatorKit/Models/FRED/FREDModels.swift /Users/rogerlin/XCode-Projects/FinancialCalculatorKit-5.0-updated-accent-colors/FinancialCalculatorKit/Models/Options/AdvancedOptionsModels.swift /Users/rogerlin/XCode-Projects/FinancialCalculatorKit-5.0-updated-accent-colors/FinancialCalculatorKit/Models/ScientificCalculator/EquationDocument.swift /Users/rogerlin/XCode-Projects/FinancialCalculatorKit-5.0-updated-accent-colors/FinancialCalculatorKit/Models/ScientificCalculator/VariableStore.swift /Users/rogerlin/XCode-Projects/FinancialCalculatorKit-5.0-updated-accent-colors/FinancialCalculatorKit/Protocols/FinancialComputable.swift /Users/rogerlin/XCode-Projects/FinancialCalculatorKit-5.0-updated-accent-colors/FinancialCalculatorKit/Services/Bond/AdvancedBondPricingEngine.swift /Users/rogerlin/XCode-Projects/FinancialCalculatorKit-5.0-updated-accent-colors/FinancialCalculatorKit/Services/Options/AdvancedOptionsPricingEngine.swift /Users/rogerlin/XCode-Projects/FinancialCalculatorKit-5.0-updated-accent-colors/FinancialCalculatorKit/Services/AdvancedExpressionParser.swift /Users/rogerlin/XCode-Projects/FinancialCalculatorKit-5.0-updated-accent-colors/FinancialCalculatorKit/Services/AdvancedIRRCalculator.swift /Users/rogerlin/XCode-Projects/FinancialCalculatorKit-5.0-updated-accent-colors/FinancialCalculatorKit/Services/AdvancedMathFunctions.swift /Users/rogerlin/XCode-Projects/FinancialCalculatorKit-5.0-updated-accent-colors/FinancialCalculatorKit/Services/CalculationEngine.swift /Users/rogerlin/XCode-Projects/FinancialCalculatorKit-5.0-updated-accent-colors/FinancialCalculatorKit/Services/CSVHelper.swift /Users/rogerlin/XCode-Projects/FinancialCalculatorKit-5.0-updated-accent-colors/FinancialCalculatorKit/Services/CurrencyConversionService.swift /Users/rogerlin/XCode-Projects/FinancialCalculatorKit-5.0-updated-accent-colors/FinancialCalculatorKit/Services/ExchangeRateService.swift /Users/rogerlin/XCode-Projects/FinancialCalculatorKit-5.0-updated-accent-colors/FinancialCalculatorKit/Services/FinancialCalculator.swift /Users/rogerlin/XCode-Projects/FinancialCalculatorKit-5.0-updated-accent-colors/FinancialCalculatorKit/Services/FinancialValidation.swift /Users/rogerlin/XCode-Projects/FinancialCalculatorKit-5.0-updated-accent-colors/FinancialCalculatorKit/Services/FormulaAutoComplete.swift /Users/rogerlin/XCode-Projects/FinancialCalculatorKit-5.0-updated-accent-colors/FinancialCalculatorKit/Services/FREDService.swift /Users/rogerlin/XCode-Projects/FinancialCalculatorKit-5.0-updated-accent-colors/FinancialCalculatorKit/Services/HighPrecisionMath.swift /Users/rogerlin/XCode-Projects/FinancialCalculatorKit-5.0-updated-accent-colors/FinancialCalculatorKit/Services/HighPrecisionTestSuite.swift /Users/rogerlin/XCode-Projects/FinancialCalculatorKit-5.0-updated-accent-colors/FinancialCalculatorKit/Services/HighPrecisionValidation.swift /Users/rogerlin/XCode-Projects/FinancialCalculatorKit-5.0-updated-accent-colors/FinancialCalculatorKit/Services/TickerHistoryService.swift /Users/rogerlin/XCode-Projects/FinancialCalculatorKit-5.0-updated-accent-colors/FinancialCalculatorKit/Services/ValidationExtensions.swift /Users/rogerlin/XCode-Projects/FinancialCalculatorKit-5.0-updated-accent-colors/FinancialCalculatorKit/Services/ValidationService.swift /Users/rogerlin/XCode-Projects/FinancialCalculatorKit-5.0-updated-accent-colors/FinancialCalculatorKit/Services/ValidationTestSuite.swift /Users/rogerlin/XCode-Projects/FinancialCalculatorKit-5.0-updated-accent-colors/FinancialCalculatorKit/Utilities/Extensions/Date+Financial.swift /Users/rogerlin/XCode-Projects/FinancialCalculatorKit-5.0-updated-accent-colors/FinancialCalculatorKit/Utilities/Extensions/Double+Financial.swift /Users/rogerlin/XCode-Projects/FinancialCalculatorKit-5.0-updated-accent-colors/FinancialCalculatorKit/Utilities/CashFlowsTransformer.swift /Users/rogerlin/XCode-Projects/FinancialCalculatorKit-5.0-updated-accent-colors/FinancialCalculatorKit/Utilities/Formatters.swift /Users/rogerlin/XCode-Projects/FinancialCalculatorKit-5.0-updated-accent-colors/FinancialCalculatorKit/ViewHelpers/FormulaViewHelper.swift /Users/rogerlin/XCode-Projects/FinancialCalculatorKit-5.0-updated-accent-colors/FinancialCalculatorKit/ViewModels/MainViewModel.swift /Users/rogerlin/XCode-Projects/FinancialCalculatorKit-5.0-updated-accent-colors/FinancialCalculatorKit/Views/Calculator/AdvancedBondCalculatorView.swift /Users/rogerlin/XCode-Projects/FinancialCalculatorKit-5.0-updated-accent-colors/FinancialCalculatorKit/Views/Calculator/AmortizationView.swift /Users/rogerlin/XCode-Projects/FinancialCalculatorKit-5.0-updated-accent-colors/FinancialCalculatorKit/Views/Calculator/BondCalculatorView.swift /Users/rogerlin/XCode-Projects/FinancialCalculatorKit-5.0-updated-accent-colors/FinancialCalculatorKit/Views/Calculator/CompactCalculatorView.swift /Users/rogerlin/XCode-Projects/FinancialCalculatorKit-5.0-updated-accent-colors/FinancialCalculatorKit/Views/Calculator/CurrencyConverterView.swift /Users/rogerlin/XCode-Projects/FinancialCalculatorKit-5.0-updated-accent-colors/FinancialCalculatorKit/Views/Calculator/CustomScientificKeyboard.swift /Users/rogerlin/XCode-Projects/FinancialCalculatorKit-5.0-updated-accent-colors/FinancialCalculatorKit/Views/Calculator/DepreciationCalculatorView.swift /Users/rogerlin/XCode-Projects/FinancialCalculatorKit-5.0-updated-accent-colors/FinancialCalculatorKit/Views/Calculator/DocumentListView.swift /Users/rogerlin/XCode-Projects/FinancialCalculatorKit-5.0-updated-accent-colors/FinancialCalculatorKit/Views/Calculator/EquityValuationView.swift /Users/rogerlin/XCode-Projects/FinancialCalculatorKit-5.0-updated-accent-colors/FinancialCalculatorKit/Views/Calculator/FixedIncomeAnalyticsView.swift /Users/rogerlin/XCode-Projects/FinancialCalculatorKit-5.0-updated-accent-colors/FinancialCalculatorKit/Views/Calculator/FormulaLibraryView.swift /Users/rogerlin/XCode-Projects/FinancialCalculatorKit-5.0-updated-accent-colors/FinancialCalculatorKit/Views/Calculator/ForwardsCalculatorView.swift /Users/rogerlin/XCode-Projects/FinancialCalculatorKit-5.0-updated-accent-colors/FinancialCalculatorKit/Views/Calculator/FuturesCalculatorView.swift /Users/rogerlin/XCode-Projects/FinancialCalculatorKit-5.0-updated-accent-colors/FinancialCalculatorKit/Views/Calculator/FutureValueView.swift /Users/rogerlin/XCode-Projects/FinancialCalculatorKit-5.0-updated-accent-colors/FinancialCalculatorKit/Views/Calculator/HighPrecisionCalculatorView.swift /Users/rogerlin/XCode-Projects/FinancialCalculatorKit-5.0-updated-accent-colors/FinancialCalculatorKit/Views/Calculator/InvestmentCalculatorView.swift /Users/rogerlin/XCode-Projects/FinancialCalculatorKit-5.0-updated-accent-colors/FinancialCalculatorKit/Views/Calculator/LoanCalculatorView.swift /Users/rogerlin/XCode-Projects/FinancialCalculatorKit-5.0-updated-accent-colors/FinancialCalculatorKit/Views/Calculator/LoanResultView.swift /Users/rogerlin/XCode-Projects/FinancialCalculatorKit-5.0-updated-accent-colors/FinancialCalculatorKit/Views/Calculator/MathExpressionCalculatorView.swift /Users/rogerlin/XCode-Projects/FinancialCalculatorKit-5.0-updated-accent-colors/FinancialCalculatorKit/Views/Calculator/OptionsCalculatorView.swift /Users/rogerlin/XCode-Projects/FinancialCalculatorKit-5.0-updated-accent-colors/FinancialCalculatorKit/Views/Calculator/OptionsStrategiesView.swift /Users/rogerlin/XCode-Projects/FinancialCalculatorKit-5.0-updated-accent-colors/FinancialCalculatorKit/Views/Calculator/PlaceholderViews.swift /Users/rogerlin/XCode-Projects/FinancialCalculatorKit-5.0-updated-accent-colors/FinancialCalculatorKit/Views/Calculator/PortfolioOptimizationView.swift /Users/rogerlin/XCode-Projects/FinancialCalculatorKit-5.0-updated-accent-colors/FinancialCalculatorKit/Views/Calculator/PrecisionDemoView.swift /Users/rogerlin/XCode-Projects/FinancialCalculatorKit-5.0-updated-accent-colors/FinancialCalculatorKit/Views/Calculator/RiskManagementView.swift /Users/rogerlin/XCode-Projects/FinancialCalculatorKit-5.0-updated-accent-colors/FinancialCalculatorKit/Views/Calculator/ScientificCalculatorView.swift /Users/rogerlin/XCode-Projects/FinancialCalculatorKit-5.0-updated-accent-colors/FinancialCalculatorKit/Views/Calculator/SwapsCalculatorView.swift /Users/rogerlin/XCode-Projects/FinancialCalculatorKit-5.0-updated-accent-colors/FinancialCalculatorKit/Views/Calculator/TemplateViews.swift /Users/rogerlin/XCode-Projects/FinancialCalculatorKit-5.0-updated-accent-colors/FinancialCalculatorKit/Views/Calculator/TickerHistoryView.swift /Users/rogerlin/XCode-Projects/FinancialCalculatorKit-5.0-updated-accent-colors/FinancialCalculatorKit/Views/Calculator/TimeValueCalculatorView.swift /Users/rogerlin/XCode-Projects/FinancialCalculatorKit-5.0-updated-accent-colors/FinancialCalculatorKit/Views/Calculator/TimeValueResultView.swift /Users/rogerlin/XCode-Projects/FinancialCalculatorKit-5.0-updated-accent-colors/FinancialCalculatorKit/Views/Calculator/UnitConverterView.swift /Users/rogerlin/XCode-Projects/FinancialCalculatorKit-5.0-updated-accent-colors/FinancialCalculatorKit/Views/Calculator/VariableManagementView.swift /Users/rogerlin/XCode-Projects/FinancialCalculatorKit-5.0-updated-accent-colors/FinancialCalculatorKit/Views/Charts/FinancialChartView.swift /Users/rogerlin/XCode-Projects/FinancialCalculatorKit-5.0-updated-accent-colors/FinancialCalculatorKit/Views/Charts/InteractiveFinancialCharts.swift /Users/rogerlin/XCode-Projects/FinancialCalculatorKit-5.0-updated-accent-colors/FinancialCalculatorKit/Views/Components/DetailRow.swift /Users/rogerlin/XCode-Projects/FinancialCalculatorKit-5.0-updated-accent-colors/FinancialCalculatorKit/Views/Components/DynamicInputSection.swift /Users/rogerlin/XCode-Projects/FinancialCalculatorKit-5.0-updated-accent-colors/FinancialCalculatorKit/Views/Components/EnhancedInputFields.swift /Users/rogerlin/XCode-Projects/FinancialCalculatorKit-5.0-updated-accent-colors/FinancialCalculatorKit/Views/Components/FinancialStyles.swift /Users/rogerlin/XCode-Projects/FinancialCalculatorKit-5.0-updated-accent-colors/FinancialCalculatorKit/Views/Components/InputFieldView.swift -primary-file /Users/rogerlin/XCode-Projects/FinancialCalculatorKit-5.0-updated-accent-colors/FinancialCalculatorKit/Views/Components/InteractiveDataTables.swift -primary-file /Users/rogerlin/XCode-Projects/FinancialCalculatorKit-5.0-updated-accent-colors/FinancialCalculatorKit/Views/Components/LoadingResultView.swift /Users/rogerlin/XCode-Projects/FinancialCalculatorKit-5.0-updated-accent-colors/FinancialCalculatorKit/Views/Components/NumbersOnlyViewModifier.swift /Users/rogerlin/XCode-Projects/FinancialCalculatorKit-5.0-updated-accent-colors/FinancialCalculatorKit/Views/Components/ResultDisplayView.swift /Users/rogerlin/XCode-Projects/FinancialCalculatorKit-5.0-updated-accent-colors/FinancialCalculatorKit/Views/Components/StatusIndicator.swift /Users/rogerlin/XCode-Projects/FinancialCalculatorKit-5.0-updated-accent-colors/FinancialCalculatorKit/Views/Components/ValidationSummaryView.swift /Users/rogerlin/XCode-Projects/FinancialCalculatorKit-5.0-updated-accent-colors/FinancialCalculatorKit/Views/FRED/FREDDataView.swift /Users/rogerlin/XCode-Projects/FinancialCalculatorKit-5.0-updated-accent-colors/FinancialCalculatorKit/Views/Reference/FormulaReferenceView.swift /Users/rogerlin/XCode-Projects/FinancialCalculatorKit-5.0-updated-accent-colors/FinancialCalculatorKit/Views/Reference/FormulaVariableView.swift /Users/rogerlin/XCode-Projects/FinancialCalculatorKit-5.0-updated-accent-colors/FinancialCalculatorKit/Views/Reference/FormulaVariantView.swift /Users/rogerlin/XCode-Projects/FinancialCalculatorKit-5.0-updated-accent-colors/FinancialCalculatorKit/ContentView.swift /Users/rogerlin/XCode-Projects/FinancialCalculatorKit-5.0-updated-accent-colors/FinancialCalculatorKit/FinancialCalculatorKitApp.swift /Users/rogerlin/XCode-Projects/FinancialCalculatorKit-5.0-updated-accent-colors/FinancialCalculatorKit/Item.swift /Users/rogerlin/Library/Developer/Xcode/DerivedData/FinancialCalculatorKit-ackorybalcxbfocbkqsfdzcfkgmn/Build/Intermediates.noindex/FinancialCalculatorKit.build/Debug/FinancialCalculatorKit.build/DerivedSources/GeneratedAssetSymbols.swift -emit-dependencies-path /Users/rogerlin/Library/Developer/Xcode/DerivedData/FinancialCalculatorKit-ackorybalcxbfocbkqsfdzcfkgmn/Build/Intermediates.noindex/FinancialCalculatorKit.build/Debug/FinancialCalculatorKit.build/Objects-normal/arm64/InteractiveDataTables.d -emit-const-values-path /Users/rogerlin/Library/Developer/Xcode/DerivedData/FinancialCalculatorKit-ackorybalcxbfocbkqsfdzcfkgmn/Build/Intermediates.noindex/FinancialCalculatorKit.build/Debug/FinancialCalculatorKit.build/Objects-normal/arm64/InteractiveDataTables.swiftconstvalues -emit-reference-dependencies-path /Users/rogerlin/Library/Developer/Xcode/DerivedData/FinancialCalculatorKit-ackorybalcxbfocbkqsfdzcfkgmn/Build/Intermediates.noindex/FinancialCalculatorKit.build/Debug/FinancialCalculatorKit.build/Objects-normal/arm64/InteractiveDataTables.swiftdeps -serialize-diagnostics-path /Users/rogerlin/Library/Developer/Xcode/DerivedData/FinancialCalculatorKit-ackorybalcxbfocbkqsfdzcfkgmn/Build/Intermediates.noindex/FinancialCalculatorKit.build/Debug/FinancialCalculatorKit.build/Objects-normal/arm64/InteractiveDataTables.dia -emit-dependencies-path /Users/rogerlin/Library/Developer/Xcode/DerivedData/FinancialCalculatorKit-ackorybalcxbfocbkqsfdzcfkgmn/Build/Intermediates.noindex/FinancialCalculatorKit.build/Debug/FinancialCalculatorKit.build/Objects-normal/arm64/LoadingResultView.d -emit-const-values-path /Users/rogerlin/Library/Developer/Xcode/DerivedData/FinancialCalculatorKit-ackorybalcxbfocbkqsfdzcfkgmn/Build/Intermediates.noindex/FinancialCalculatorKit.build/Debug/FinancialCalculatorKit.build/Objects-normal/arm64/LoadingResultView.swiftconstvalues -emit-reference-dependencies-path /Users/rogerlin/Library/Developer/Xcode/DerivedData/FinancialCalculatorKit-ackorybalcxbfocbkqsfdzcfkgmn/Build/Intermediates.noindex/FinancialCalculatorKit.build/Debug/FinancialCalculatorKit.build/Objects-normal/arm64/LoadingResultView.swiftdeps -serialize-diagnostics-path /Users/rogerlin/Library/Developer/Xcode/DerivedData/FinancialCalculatorKit-ackorybalcxbfocbkqsfdzcfkgmn/Build/Intermediates.noindex/FinancialCalculatorKit.build/Debug/FinancialCalculatorKit.build/Objects-normal/arm64/LoadingResultView.dia -emit-localized-strings -emit-localized-strings-path /Users/rogerlin/Library/Developer/Xcode/DerivedData/FinancialCalculatorKit-ackorybalcxbfocbkqsfdzcfkgmn/Build/Intermediates.noindex/FinancialCalculatorKit.build/Debug/FinancialCalculatorKit.build/Objects-normal/arm64 -target arm64-apple-macos14.0 -module-can-import-version AppKit 2685.20.119 2685.20.119 -module-can-import-version DeveloperToolsSupport 23.0.4 23.0.4 -module-can-import-version SwiftUI 7.1.13.1 7.1.13 -disable-cross-import-overlay-search -swift-module-cross-import SwiftData /Applications/Xcode.app/Contents/Developer/Platforms/MacOSX.platform/Developer/SDKs/MacOSX26.1.sdk/System/Library/Frameworks/SwiftData.framework/Modules/SwiftData.swiftcrossimport/CoreData.swiftoverlay -swift-module-cross-import SwiftData /Applications/Xcode.app/Contents/Developer/Platforms/MacOSX.platform/Developer/SDKs/MacOSX26.1.sdk/System/Library/Frameworks/SwiftData.framework/Modules/SwiftData.swiftcrossimport/SwiftUI.swiftoverlay -load-resolved-plugin \#/Users/rogerlin/Library/Developer/Xcode/DerivedData/FinancialCalculatorKit-ackorybalcxbfocbkqsfdzcfkgmn/Build/Products/Debug/CasePathsMacros\#CasePathsMacros -load-resolved-plugin /Applications/Xcode.app/Contents/Developer/Platforms/MacOSX.platform/Developer/usr/lib/swift/host/plugins/libFoundationMacros.dylib\#/Applications/Xcode.app/Contents/Developer/Platforms/MacOSX.platform/Developer/usr/bin/swift-plugin-server\#FoundationMacros -load-resolved-plugin /Applications/Xcode.app/Contents/Developer/Platforms/MacOSX.platform/Developer/usr/lib/swift/host/plugins/libObservationMacros.dylib\#/Applications/Xcode.app/Contents/Developer/Platforms/MacOSX.platform/Developer/usr/bin/swift-plugin-server\#ObservationMacros -load-resolved-plugin /Applications/Xcode.app/Contents/Developer/Platforms/MacOSX.platform/Developer/usr/lib/swift/host/plugins/libPreviewsMacros.dylib\#/Applications/Xcode.app/Contents/Developer/Platforms/MacOSX.platform/Developer/usr/bin/swift-plugin-server\#PreviewsMacros -load-resolved-plugin /Applications/Xcode.app/Contents/Developer/Platforms/MacOSX.platform/Developer/usr/lib/swift/host/plugins/libSwiftDataMacros.dylib\#/Applications/Xcode.app/Contents/Developer/Platforms/MacOSX.platform/Developer/usr/bin/swift-plugin-server\#SwiftDataMacros -load-resolved-plugin /Applications/Xcode.app/Contents/Developer/Platforms/MacOSX.platform/Developer/usr/lib/swift/host/plugins/libSwiftMacros.dylib\#/Applications/Xcode.app/Contents/Developer/Platforms/MacOSX.platform/Developer/usr/bin/swift-plugin-server\#SwiftMacros -load-resolved-plugin /Applications/Xcode.app/Contents/Developer/Platforms/MacOSX.platform/Developer/usr/lib/swift/host/plugins/libSwiftUIMacros.dylib\#/Applications/Xcode.app/Contents/Developer/Platforms/MacOSX.platform/Developer/usr/bin/swift-plugin-server\#SwiftUIMacros -disable-implicit-swift-modules -Xcc -fno-implicit-modules -Xcc -fno-implicit-module-maps -explicit-swift-module-map-file /Users/rogerlin/Library/Developer/Xcode/DerivedData/FinancialCalculatorKit-ackorybalcxbfocbkqsfdzcfkgmn/Build/Intermediates.noindex/FinancialCalculatorKit.build/Debug/FinancialCalculatorKit.build/Objects-normal/arm64/FinancialCalculatorKit-dependencies-1.json -Xllvm -aarch64-use-tbi -enable-objc-interop -stack-check -sdk /Applications/Xcode.app/Contents/Developer/Platforms/MacOSX.platform/Developer/SDKs/MacOSX26.1.sdk -I /Users/rogerlin/Library/Developer/Xcode/DerivedData/FinancialCalculatorKit-ackorybalcxbfocbkqsfdzcfkgmn/Build/Products/Debug -F /Users/rogerlin/Library/Developer/Xcode/DerivedData/FinancialCalculatorKit-ackorybalcxbfocbkqsfdzcfkgmn/Build/Products/Debug/PackageFrameworks -F /Users/rogerlin/Library/Developer/Xcode/DerivedData/FinancialCalculatorKit-ackorybalcxbfocbkqsfdzcfkgmn/Build/Products/Debug/PackageFrameworks -F /Users/rogerlin/Library/Developer/Xcode/DerivedData/FinancialCalculatorKit-ackorybalcxbfocbkqsfdzcfkgmn/Build/Products/Debug/PackageFrameworks -F /Users/rogerlin/Library/Developer/Xcode/DerivedData/FinancialCalculatorKit-ackorybalcxbfocbkqsfdzcfkgmn/Build/Products/Debug/PackageFrameworks -F /Users/rogerlin/Library/Developer/Xcode/DerivedData/FinancialCalculatorKit-ackorybalcxbfocbkqsfdzcfkgmn/Build/Products/Debug/PackageFrameworks -F /Users/rogerlin/Library/Developer/Xcode/DerivedData/FinancialCalculatorKit-ackorybalcxbfocbkqsfdzcfkgmn/Build/Products/Debug/PackageFrameworks -F /Users/rogerlin/Library/Developer/Xcode/DerivedData/FinancialCalculatorKit-ackorybalcxbfocbkqsfdzcfkgmn/Build/Products/Debug/PackageFrameworks -F /Users/rogerlin/Library/Developer/Xcode/DerivedData/FinancialCalculatorKit-ackorybalcxbfocbkqsfdzcfkgmn/Build/Products/Debug/PackageFrameworks -F /Users/rogerlin/Library/Developer/Xcode/DerivedData/FinancialCalculatorKit-ackorybalcxbfocbkqsfdzcfkgmn/Build/Products/Debug/PackageFrameworks -F /Users/rogerlin/Library/Developer/Xcode/DerivedData/FinancialCalculatorKit-ackorybalcxbfocbkqsfdzcfkgmn/Build/Products/Debug/PackageFrameworks -F /Users/rogerlin/Library/Developer/Xcode/DerivedData/FinancialCalculatorKit-ackorybalcxbfocbkqsfdzcfkgmn/Build/Products/Debug/PackageFrameworks -F /Users/rogerlin/Library/Developer/Xcode/DerivedData/FinancialCalculatorKit-ackorybalcxbfocbkqsfdzcfkgmn/Build/Products/Debug/PackageFrameworks -F /Users/rogerlin/Library/Developer/Xcode/DerivedData/FinancialCalculatorKit-ackorybalcxbfocbkqsfdzcfkgmn/Build/Products/Debug/PackageFrameworks -F /Users/rogerlin/Library/Developer/Xcode/DerivedData/FinancialCalculatorKit-ackorybalcxbfocbkqsfdzcfkgmn/Build/Products/Debug/PackageFrameworks -F /Users/rogerlin/Library/Developer/Xcode/DerivedData/FinancialCalculatorKit-ackorybalcxbfocbkqsfdzcfkgmn/Build/Products/Debug/PackageFrameworks -F /Users/rogerlin/Library/Developer/Xcode/DerivedData/FinancialCalculatorKit-ackorybalcxbfocbkqsfdzcfkgmn/Build/Products/Debug/PackageFrameworks -F /Users/rogerlin/Library/Developer/Xcode/DerivedData/FinancialCalculatorKit-ackorybalcxbfocbkqsfdzcfkgmn/Build/Products/Debug/PackageFrameworks -F /Users/rogerlin/Library/Developer/Xcode/DerivedData/FinancialCalculatorKit-ackorybalcxbfocbkqsfdzcfkgmn/Build/Products/Debug/PackageFrameworks -F /Users/rogerlin/Library/Developer/Xcode/DerivedData/FinancialCalculatorKit-ackorybalcxbfocbkqsfdzcfkgmn/Build/Products/Debug/PackageFrameworks -F /Users/rogerlin/Library/Developer/Xcode/DerivedData/FinancialCalculatorKit-ackorybalcxbfocbkqsfdzcfkgmn/Build/Products/Debug -no-color-diagnostics -Xcc -fno-color-diagnostics -enable-testing -g -debug-info-format\=dwarf -dwarf-version\=4 -module-cache-path /Users/rogerlin/Library/Developer/Xcode/DerivedData/FinancialCalculatorKit-ackorybalcxbfocbkqsfdzcfkgmn/Build/Intermediates.noindex/SwiftExplicitPrecompiledModules -profile-generate -profile-coverage-mapping -swift-version 5 -enforce-exclusivity\=checked -Onone -D DEBUG -serialize-debugging-options -load-plugin-executable /Users/rogerlin/Library/Developer/Xcode/DerivedData/FinancialCalculatorKit-ackorybalcxbfocbkqsfdzcfkgmn/Build/Products/Debug/CasePathsMacros\#CasePathsMacros -const-gather-protocols-file /Users/rogerlin/Library/Developer/Xcode/DerivedData/FinancialCalculatorKit-ackorybalcxbfocbkqsfdzcfkgmn/Build/Intermediates.noindex/FinancialCalculatorKit.build/Debug/FinancialCalculatorKit.build/Objects-normal/arm64/FinancialCalculatorKit_const_extract_protocols.json -enable-experimental-feature DebugDescriptionMacro -enable-bare-slash-regex -empty-abi-descriptor -validate-clang-modules-once -clang-build-session-file /Users/rogerlin/Library/Developer/Xcode/DerivedData/ModuleCache.noindex/Session.modulevalidation -Xcc -working-directory -Xcc /Users/rogerlin/XCode-Projects/FinancialCalculatorKit-5.0-updated-accent-colors -enable-anonymous-context-mangled-names -file-compilation-dir /Users/rogerlin/XCode-Projects/FinancialCalculatorKit-5.0-updated-accent-colors -Xcc -D_LIBCPP_HARDENING_MODE\=_LIBCPP_HARDENING_MODE_DEBUG -Xcc -ivfsstatcache -Xcc /Users/rogerlin/Library/Developer/Xcode/DerivedData/SDKStatCaches.noindex/macosx26.1-25B74-3ae1261907bdadc328169391a47051a6.sdkstatcache -Xcc -I/Users/rogerlin/Library/Developer/Xcode/DerivedData/FinancialCalculatorKit-ackorybalcxbfocbkqsfdzcfkgmn/Build/Intermediates.noindex/FinancialCalculatorKit.build/Debug/FinancialCalculatorKit.build/swift-overrides.hmap -Xcc -iquote -Xcc /Users/rogerlin/Library/Developer/Xcode/DerivedData/FinancialCalculatorKit-ackorybalcxbfocbkqsfdzcfkgmn/Build/Intermediates.noindex/FinancialCalculatorKit.build/Debug/FinancialCalculatorKit.build/FinancialCalculatorKit-generated-files.hmap -Xcc -I/Users/rogerlin/Library/Developer/Xcode/DerivedData/FinancialCalculatorKit-ackorybalcxbfocbkqsfdzcfkgmn/Build/Intermediates.noindex/FinancialCalculatorKit.build/Debug/FinancialCalculatorKit.build/FinancialCalculatorKit-own-target-headers.hmap -Xcc -I/Users/rogerlin/Library/Developer/Xcode/DerivedData/FinancialCalculatorKit-ackorybalcxbfocbkqsfdzcfkgmn/Build/Intermediates.noindex/FinancialCalculatorKit.build/Debug/FinancialCalculatorKit.build/FinancialCalculatorKit-all-non-framework-target-headers.hmap -Xcc -ivfsoverlay -Xcc /Users/rogerlin/Library/Developer/Xcode/DerivedData/FinancialCalculatorKit-ackorybalcxbfocbkqsfdzcfkgmn/Build/Intermediates.noindex/FinancialCalculatorKit.build/Debug/FinancialCalculatorKit-b796aaad08c4b307251b75ea7c01aae2-VFS/all-product-headers.yaml -Xcc -iquote -Xcc /Users/rogerlin/Library/Developer/Xcode/DerivedData/FinancialCalculatorKit-ackorybalcxbfocbkqsfdzcfkgmn/Build/Intermediates.noindex/FinancialCalculatorKit.build/Debug/FinancialCalculatorKit.build/FinancialCalculatorKit-project-headers.hmap -Xcc -I/Users/rogerlin/Library/Developer/Xcode/DerivedData/FinancialCalculatorKit-ackorybalcxbfocbkqsfdzcfkgmn/SourcePackages/checkouts/swift-numerics/Sources/_NumericsShims/include -Xcc -I/Users/rogerlin/Library/Developer/Xcode/DerivedData/FinancialCalculatorKit-ackorybalcxbfocbkqsfdzcfkgmn/Build/Products/Debug/include -Xcc -I/Users/rogerlin/Library/Developer/Xcode/DerivedData/FinancialCalculatorKit-ackorybalcxbfocbkqsfdzcfkgmn/Build/Intermediates.noindex/FinancialCalculatorKit.build/Debug/FinancialCalculatorKit.build/DerivedSources-normal/arm64 -Xcc -I/Users/rogerlin/Library/Developer/Xcode/DerivedData/FinancialCalculatorKit-ackorybalcxbfocbkqsfdzcfkgmn/Build/Intermediates.noindex/FinancialCalculatorKit.build/Debug/FinancialCalculatorKit.build/DerivedSources/arm64 -Xcc -I/Users/rogerlin/Library/Developer/Xcode/DerivedData/FinancialCalculatorKit-ackorybalcxbfocbkqsfdzcfkgmn/Build/Intermediates.noindex/FinancialCalculatorKit.build/Debug/FinancialCalculatorKit.build/DerivedSources -Xcc -DDEBUG\=1 -no-auto-bridging-header-chaining -module-name FinancialCalculatorKit -frontend-parseable-output -disable-clang-spi -target-sdk-version 26.1 -target-sdk-name macosx26.1 -clang-target arm64-apple-macos26.1 -in-process-plugin-server-path /Applications/Xcode.app/Contents/Developer/Toolchains/XcodeDefault.xctoolchain/usr/lib/swift/host/libSwiftInProcPluginServer.dylib -o /Users/rogerlin/Library/Developer/Xcode/DerivedData/FinancialCalculatorKit-ackorybalcxbfocbkqsfdzcfkgmn/Build/Intermediates.noindex/FinancialCalculatorKit.build/Debug/FinancialCalculatorKit.build/Objects-normal/arm64/InteractiveDataTables.o -o /Users/rogerlin/Library/Developer/Xcode/DerivedData/FinancialCalculatorKit-ackorybalcxbfocbkqsfdzcfkgmn/Build/Intermediates.noindex/FinancialCalculatorKit.build/Debug/FinancialCalculatorKit.build/Objects-normal/arm64/LoadingResultView.o -index-unit-output-path /FinancialCalculatorKit.build/Debug/FinancialCalculatorKit.build/Objects-normal/arm64/InteractiveDataTables.o -index-unit-output-path /FinancialCalculatorKit.build/Debug/FinancialCalculatorKit.build/Objects-normal/arm64/LoadingResultView.o -index-store-path /Users/rogerlin/Library/Developer/Xcode/DerivedData/FinancialCalculatorKit-ackorybalcxbfocbkqsfdzcfkgmn/Index.noindex/DataStore -index-system-modules

SwiftCompile normal arm64 /Users/rogerlin/XCode-Projects/FinancialCalculatorKit-5.0-updated-accent-colors/FinancialCalculatorKit/Views/Components/InteractiveDataTables.swift (in target 'FinancialCalculatorKit' from project 'FinancialCalculatorKit')
    cd /Users/rogerlin/XCode-Projects/FinancialCalculatorKit-5.0-updated-accent-colors
    

SwiftCompile normal arm64 /Users/rogerlin/XCode-Projects/FinancialCalculatorKit-5.0-updated-accent-colors/FinancialCalculatorKit/Views/Components/LoadingResultView.swift (in target 'FinancialCalculatorKit' from project 'FinancialCalculatorKit')
    cd /Users/rogerlin/XCode-Projects/FinancialCalculatorKit-5.0-updated-accent-colors
    

SwiftCompile normal arm64 Compiling\ InteractiveFinancialCharts.swift,\ DetailRow.swift /Users/rogerlin/XCode-Projects/FinancialCalculatorKit-5.0-updated-accent-colors/FinancialCalculatorKit/Views/Charts/InteractiveFinancialCharts.swift /Users/rogerlin/XCode-Projects/FinancialCalculatorKit-5.0-updated-accent-colors/FinancialCalculatorKit/Views/Components/DetailRow.swift (in target 'FinancialCalculatorKit' from project 'FinancialCalculatorKit')
/Applications/Xcode.app/Contents/Developer/Toolchains/XcodeDefault.xctoolchain/usr/bin/swift-frontend -frontend -c /Users/rogerlin/XCode-Projects/FinancialCalculatorKit-5.0-updated-accent-colors/FinancialCalculatorKit/Models/Bond/AdvancedBondModels.swift /Users/rogerlin/XCode-Projects/FinancialCalculatorKit-5.0-updated-accent-colors/FinancialCalculatorKit/Models/Bond/YieldCurveTypes.swift /Users/rogerlin/XCode-Projects/FinancialCalculatorKit-5.0-updated-accent-colors/FinancialCalculatorKit/Models/Calculation/BondCalculation.swift /Users/rogerlin/XCode-Projects/FinancialCalculatorKit-5.0-updated-accent-colors/FinancialCalculatorKit/Models/Calculation/CalculationMetadata.swift /Users/rogerlin/XCode-Projects/FinancialCalculatorKit-5.0-updated-accent-colors/FinancialCalculatorKit/Models/Calculation/DepreciationCalculation.swift /Users/rogerlin/XCode-Projects/FinancialCalculatorKit-5.0-updated-accent-colors/FinancialCalculatorKit/Models/Calculation/FinancialCalculation.swift /Users/rogerlin/XCode-Projects/FinancialCalculatorKit-5.0-updated-accent-colors/FinancialCalculatorKit/Models/Calculation/InvestmentCalculation.swift /Users/rogerlin/XCode-Projects/FinancialCalculatorKit-5.0-updated-accent-colors/FinancialCalculatorKit/Models/Calculation/LoanCalculation.swift /Users/rogerlin/XCode-Projects/FinancialCalculatorKit-5.0-updated-accent-colors/FinancialCalculatorKit/Models/Calculation/TimeValueCalculation.swift /Users/rogerlin/XCode-Projects/FinancialCalculatorKit-5.0-updated-accent-colors/FinancialCalculatorKit/Models/Enums/CalculationType.swift /Users/rogerlin/XCode-Projects/FinancialCalculatorKit-5.0-updated-accent-colors/FinancialCalculatorKit/Models/Enums/Currency.swift /Users/rogerlin/XCode-Projects/FinancialCalculatorKit-5.0-updated-accent-colors/FinancialCalculatorKit/Models/Enums/LoanType.swift /Users/rogerlin/XCode-Projects/FinancialCalculatorKit-5.0-updated-accent-colors/FinancialCalculatorKit/Models/Enums/PaymentFrequency.swift /Users/rogerlin/XCode-Projects/FinancialCalculatorKit-5.0-updated-accent-colors/FinancialCalculatorKit/Models/Enums/TimeValueVariable.swift /Users/rogerlin/XCode-Projects/FinancialCalculatorKit-5.0-updated-accent-colors/FinancialCalculatorKit/Models/Formula/FormulaReference.swift /Users/rogerlin/XCode-Projects/FinancialCalculatorKit-5.0-updated-accent-colors/FinancialCalculatorKit/Models/FRED/FREDModels.swift /Users/rogerlin/XCode-Projects/FinancialCalculatorKit-5.0-updated-accent-colors/FinancialCalculatorKit/Models/Options/AdvancedOptionsModels.swift /Users/rogerlin/XCode-Projects/FinancialCalculatorKit-5.0-updated-accent-colors/FinancialCalculatorKit/Models/ScientificCalculator/EquationDocument.swift /Users/rogerlin/XCode-Projects/FinancialCalculatorKit-5.0-updated-accent-colors/FinancialCalculatorKit/Models/ScientificCalculator/VariableStore.swift /Users/rogerlin/XCode-Projects/FinancialCalculatorKit-5.0-updated-accent-colors/FinancialCalculatorKit/Protocols/FinancialComputable.swift /Users/rogerlin/XCode-Projects/FinancialCalculatorKit-5.0-updated-accent-colors/FinancialCalculatorKit/Services/Bond/AdvancedBondPricingEngine.swift /Users/rogerlin/XCode-Projects/FinancialCalculatorKit-5.0-updated-accent-colors/FinancialCalculatorKit/Services/Options/AdvancedOptionsPricingEngine.swift /Users/rogerlin/XCode-Projects/FinancialCalculatorKit-5.0-updated-accent-colors/FinancialCalculatorKit/Services/AdvancedExpressionParser.swift /Users/rogerlin/XCode-Projects/FinancialCalculatorKit-5.0-updated-accent-colors/FinancialCalculatorKit/Services/AdvancedIRRCalculator.swift /Users/rogerlin/XCode-Projects/FinancialCalculatorKit-5.0-updated-accent-colors/FinancialCalculatorKit/Services/AdvancedMathFunctions.swift /Users/rogerlin/XCode-Projects/FinancialCalculatorKit-5.0-updated-accent-colors/FinancialCalculatorKit/Services/CalculationEngine.swift /Users/rogerlin/XCode-Projects/FinancialCalculatorKit-5.0-updated-accent-colors/FinancialCalculatorKit/Services/CSVHelper.swift /Users/rogerlin/XCode-Projects/FinancialCalculatorKit-5.0-updated-accent-colors/FinancialCalculatorKit/Services/CurrencyConversionService.swift /Users/rogerlin/XCode-Projects/FinancialCalculatorKit-5.0-updated-accent-colors/FinancialCalculatorKit/Services/ExchangeRateService.swift /Users/rogerlin/XCode-Projects/FinancialCalculatorKit-5.0-updated-accent-colors/FinancialCalculatorKit/Services/FinancialCalculator.swift /Users/rogerlin/XCode-Projects/FinancialCalculatorKit-5.0-updated-accent-colors/FinancialCalculatorKit/Services/FinancialValidation.swift /Users/rogerlin/XCode-Projects/FinancialCalculatorKit-5.0-updated-accent-colors/FinancialCalculatorKit/Services/FormulaAutoComplete.swift /Users/rogerlin/XCode-Projects/FinancialCalculatorKit-5.0-updated-accent-colors/FinancialCalculatorKit/Services/FREDService.swift /Users/rogerlin/XCode-Projects/FinancialCalculatorKit-5.0-updated-accent-colors/FinancialCalculatorKit/Services/HighPrecisionMath.swift /Users/rogerlin/XCode-Projects/FinancialCalculatorKit-5.0-updated-accent-colors/FinancialCalculatorKit/Services/HighPrecisionTestSuite.swift /Users/rogerlin/XCode-Projects/FinancialCalculatorKit-5.0-updated-accent-colors/FinancialCalculatorKit/Services/HighPrecisionValidation.swift /Users/rogerlin/XCode-Projects/FinancialCalculatorKit-5.0-updated-accent-colors/FinancialCalculatorKit/Services/TickerHistoryService.swift /Users/rogerlin/XCode-Projects/FinancialCalculatorKit-5.0-updated-accent-colors/FinancialCalculatorKit/Services/ValidationExtensions.swift /Users/rogerlin/XCode-Projects/FinancialCalculatorKit-5.0-updated-accent-colors/FinancialCalculatorKit/Services/ValidationService.swift /Users/rogerlin/XCode-Projects/FinancialCalculatorKit-5.0-updated-accent-colors/FinancialCalculatorKit/Services/ValidationTestSuite.swift /Users/rogerlin/XCode-Projects/FinancialCalculatorKit-5.0-updated-accent-colors/FinancialCalculatorKit/Utilities/Extensions/Date+Financial.swift /Users/rogerlin/XCode-Projects/FinancialCalculatorKit-5.0-updated-accent-colors/FinancialCalculatorKit/Utilities/Extensions/Double+Financial.swift /Users/rogerlin/XCode-Projects/FinancialCalculatorKit-5.0-updated-accent-colors/FinancialCalculatorKit/Utilities/CashFlowsTransformer.swift /Users/rogerlin/XCode-Projects/FinancialCalculatorKit-5.0-updated-accent-colors/FinancialCalculatorKit/Utilities/Formatters.swift /Users/rogerlin/XCode-Projects/FinancialCalculatorKit-5.0-updated-accent-colors/FinancialCalculatorKit/ViewHelpers/FormulaViewHelper.swift /Users/rogerlin/XCode-Projects/FinancialCalculatorKit-5.0-updated-accent-colors/FinancialCalculatorKit/ViewModels/MainViewModel.swift /Users/rogerlin/XCode-Projects/FinancialCalculatorKit-5.0-updated-accent-colors/FinancialCalculatorKit/Views/Calculator/AdvancedBondCalculatorView.swift /Users/rogerlin/XCode-Projects/FinancialCalculatorKit-5.0-updated-accent-colors/FinancialCalculatorKit/Views/Calculator/AmortizationView.swift /Users/rogerlin/XCode-Projects/FinancialCalculatorKit-5.0-updated-accent-colors/FinancialCalculatorKit/Views/Calculator/BondCalculatorView.swift /Users/rogerlin/XCode-Projects/FinancialCalculatorKit-5.0-updated-accent-colors/FinancialCalculatorKit/Views/Calculator/CompactCalculatorView.swift /Users/rogerlin/XCode-Projects/FinancialCalculatorKit-5.0-updated-accent-colors/FinancialCalculatorKit/Views/Calculator/CurrencyConverterView.swift /Users/rogerlin/XCode-Projects/FinancialCalculatorKit-5.0-updated-accent-colors/FinancialCalculatorKit/Views/Calculator/CustomScientificKeyboard.swift /Users/rogerlin/XCode-Projects/FinancialCalculatorKit-5.0-updated-accent-colors/FinancialCalculatorKit/Views/Calculator/DepreciationCalculatorView.swift /Users/rogerlin/XCode-Projects/FinancialCalculatorKit-5.0-updated-accent-colors/FinancialCalculatorKit/Views/Calculator/DocumentListView.swift /Users/rogerlin/XCode-Projects/FinancialCalculatorKit-5.0-updated-accent-colors/FinancialCalculatorKit/Views/Calculator/EquityValuationView.swift /Users/rogerlin/XCode-Projects/FinancialCalculatorKit-5.0-updated-accent-colors/FinancialCalculatorKit/Views/Calculator/FixedIncomeAnalyticsView.swift /Users/rogerlin/XCode-Projects/FinancialCalculatorKit-5.0-updated-accent-colors/FinancialCalculatorKit/Views/Calculator/FormulaLibraryView.swift /Users/rogerlin/XCode-Projects/FinancialCalculatorKit-5.0-updated-accent-colors/FinancialCalculatorKit/Views/Calculator/ForwardsCalculatorView.swift /Users/rogerlin/XCode-Projects/FinancialCalculatorKit-5.0-updated-accent-colors/FinancialCalculatorKit/Views/Calculator/FuturesCalculatorView.swift /Users/rogerlin/XCode-Projects/FinancialCalculatorKit-5.0-updated-accent-colors/FinancialCalculatorKit/Views/Calculator/FutureValueView.swift /Users/rogerlin/XCode-Projects/FinancialCalculatorKit-5.0-updated-accent-colors/FinancialCalculatorKit/Views/Calculator/HighPrecisionCalculatorView.swift /Users/rogerlin/XCode-Projects/FinancialCalculatorKit-5.0-updated-accent-colors/FinancialCalculatorKit/Views/Calculator/InvestmentCalculatorView.swift /Users/rogerlin/XCode-Projects/FinancialCalculatorKit-5.0-updated-accent-colors/FinancialCalculatorKit/Views/Calculator/LoanCalculatorView.swift /Users/rogerlin/XCode-Projects/FinancialCalculatorKit-5.0-updated-accent-colors/FinancialCalculatorKit/Views/Calculator/LoanResultView.swift /Users/rogerlin/XCode-Projects/FinancialCalculatorKit-5.0-updated-accent-colors/FinancialCalculatorKit/Views/Calculator/MathExpressionCalculatorView.swift /Users/rogerlin/XCode-Projects/FinancialCalculatorKit-5.0-updated-accent-colors/FinancialCalculatorKit/Views/Calculator/OptionsCalculatorView.swift /Users/rogerlin/XCode-Projects/FinancialCalculatorKit-5.0-updated-accent-colors/FinancialCalculatorKit/Views/Calculator/OptionsStrategiesView.swift /Users/rogerlin/XCode-Projects/FinancialCalculatorKit-5.0-updated-accent-colors/FinancialCalculatorKit/Views/Calculator/PlaceholderViews.swift /Users/rogerlin/XCode-Projects/FinancialCalculatorKit-5.0-updated-accent-colors/FinancialCalculatorKit/Views/Calculator/PortfolioOptimizationView.swift /Users/rogerlin/XCode-Projects/FinancialCalculatorKit-5.0-updated-accent-colors/FinancialCalculatorKit/Views/Calculator/PrecisionDemoView.swift /Users/rogerlin/XCode-Projects/FinancialCalculatorKit-5.0-updated-accent-colors/FinancialCalculatorKit/Views/Calculator/RiskManagementView.swift /Users/rogerlin/XCode-Projects/FinancialCalculatorKit-5.0-updated-accent-colors/FinancialCalculatorKit/Views/Calculator/ScientificCalculatorView.swift /Users/rogerlin/XCode-Projects/FinancialCalculatorKit-5.0-updated-accent-colors/FinancialCalculatorKit/Views/Calculator/SwapsCalculatorView.swift /Users/rogerlin/XCode-Projects/FinancialCalculatorKit-5.0-updated-accent-colors/FinancialCalculatorKit/Views/Calculator/TemplateViews.swift /Users/rogerlin/XCode-Projects/FinancialCalculatorKit-5.0-updated-accent-colors/FinancialCalculatorKit/Views/Calculator/TickerHistoryView.swift /Users/rogerlin/XCode-Projects/FinancialCalculatorKit-5.0-updated-accent-colors/FinancialCalculatorKit/Views/Calculator/TimeValueCalculatorView.swift /Users/rogerlin/XCode-Projects/FinancialCalculatorKit-5.0-updated-accent-colors/FinancialCalculatorKit/Views/Calculator/TimeValueResultView.swift /Users/rogerlin/XCode-Projects/FinancialCalculatorKit-5.0-updated-accent-colors/FinancialCalculatorKit/Views/Calculator/UnitConverterView.swift /Users/rogerlin/XCode-Projects/FinancialCalculatorKit-5.0-updated-accent-colors/FinancialCalculatorKit/Views/Calculator/VariableManagementView.swift /Users/rogerlin/XCode-Projects/FinancialCalculatorKit-5.0-updated-accent-colors/FinancialCalculatorKit/Views/Charts/FinancialChartView.swift -primary-file /Users/rogerlin/XCode-Projects/FinancialCalculatorKit-5.0-updated-accent-colors/FinancialCalculatorKit/Views/Charts/InteractiveFinancialCharts.swift -primary-file /Users/rogerlin/XCode-Projects/FinancialCalculatorKit-5.0-updated-accent-colors/FinancialCalculatorKit/Views/Components/DetailRow.swift /Users/rogerlin/XCode-Projects/FinancialCalculatorKit-5.0-updated-accent-colors/FinancialCalculatorKit/Views/Components/DynamicInputSection.swift /Users/rogerlin/XCode-Projects/FinancialCalculatorKit-5.0-updated-accent-colors/FinancialCalculatorKit/Views/Components/EnhancedInputFields.swift /Users/rogerlin/XCode-Projects/FinancialCalculatorKit-5.0-updated-accent-colors/FinancialCalculatorKit/Views/Components/FinancialStyles.swift /Users/rogerlin/XCode-Projects/FinancialCalculatorKit-5.0-updated-accent-colors/FinancialCalculatorKit/Views/Components/InputFieldView.swift /Users/rogerlin/XCode-Projects/FinancialCalculatorKit-5.0-updated-accent-colors/FinancialCalculatorKit/Views/Components/InteractiveDataTables.swift /Users/rogerlin/XCode-Projects/FinancialCalculatorKit-5.0-updated-accent-colors/FinancialCalculatorKit/Views/Components/LoadingResultView.swift /Users/rogerlin/XCode-Projects/FinancialCalculatorKit-5.0-updated-accent-colors/FinancialCalculatorKit/Views/Components/NumbersOnlyViewModifier.swift /Users/rogerlin/XCode-Projects/FinancialCalculatorKit-5.0-updated-accent-colors/FinancialCalculatorKit/Views/Components/ResultDisplayView.swift /Users/rogerlin/XCode-Projects/FinancialCalculatorKit-5.0-updated-accent-colors/FinancialCalculatorKit/Views/Components/StatusIndicator.swift /Users/rogerlin/XCode-Projects/FinancialCalculatorKit-5.0-updated-accent-colors/FinancialCalculatorKit/Views/Components/ValidationSummaryView.swift /Users/rogerlin/XCode-Projects/FinancialCalculatorKit-5.0-updated-accent-colors/FinancialCalculatorKit/Views/FRED/FREDDataView.swift /Users/rogerlin/XCode-Projects/FinancialCalculatorKit-5.0-updated-accent-colors/FinancialCalculatorKit/Views/Reference/FormulaReferenceView.swift /Users/rogerlin/XCode-Projects/FinancialCalculatorKit-5.0-updated-accent-colors/FinancialCalculatorKit/Views/Reference/FormulaVariableView.swift /Users/rogerlin/XCode-Projects/FinancialCalculatorKit-5.0-updated-accent-colors/FinancialCalculatorKit/Views/Reference/FormulaVariantView.swift /Users/rogerlin/XCode-Projects/FinancialCalculatorKit-5.0-updated-accent-colors/FinancialCalculatorKit/ContentView.swift /Users/rogerlin/XCode-Projects/FinancialCalculatorKit-5.0-updated-accent-colors/FinancialCalculatorKit/FinancialCalculatorKitApp.swift /Users/rogerlin/XCode-Projects/FinancialCalculatorKit-5.0-updated-accent-colors/FinancialCalculatorKit/Item.swift /Users/rogerlin/Library/Developer/Xcode/DerivedData/FinancialCalculatorKit-ackorybalcxbfocbkqsfdzcfkgmn/Build/Intermediates.noindex/FinancialCalculatorKit.build/Debug/FinancialCalculatorKit.build/DerivedSources/GeneratedAssetSymbols.swift -emit-dependencies-path /Users/rogerlin/Library/Developer/Xcode/DerivedData/FinancialCalculatorKit-ackorybalcxbfocbkqsfdzcfkgmn/Build/Intermediates.noindex/FinancialCalculatorKit.build/Debug/FinancialCalculatorKit.build/Objects-normal/arm64/InteractiveFinancialCharts.d -emit-const-values-path /Users/rogerlin/Library/Developer/Xcode/DerivedData/FinancialCalculatorKit-ackorybalcxbfocbkqsfdzcfkgmn/Build/Intermediates.noindex/FinancialCalculatorKit.build/Debug/FinancialCalculatorKit.build/Objects-normal/arm64/InteractiveFinancialCharts.swiftconstvalues -emit-reference-dependencies-path /Users/rogerlin/Library/Developer/Xcode/DerivedData/FinancialCalculatorKit-ackorybalcxbfocbkqsfdzcfkgmn/Build/Intermediates.noindex/FinancialCalculatorKit.build/Debug/FinancialCalculatorKit.build/Objects-normal/arm64/InteractiveFinancialCharts.swiftdeps -serialize-diagnostics-path /Users/rogerlin/Library/Developer/Xcode/DerivedData/FinancialCalculatorKit-ackorybalcxbfocbkqsfdzcfkgmn/Build/Intermediates.noindex/FinancialCalculatorKit.build/Debug/FinancialCalculatorKit.build/Objects-normal/arm64/InteractiveFinancialCharts.dia -emit-dependencies-path /Users/rogerlin/Library/Developer/Xcode/DerivedData/FinancialCalculatorKit-ackorybalcxbfocbkqsfdzcfkgmn/Build/Intermediates.noindex/FinancialCalculatorKit.build/Debug/FinancialCalculatorKit.build/Objects-normal/arm64/DetailRow.d -emit-const-values-path /Users/rogerlin/Library/Developer/Xcode/DerivedData/FinancialCalculatorKit-ackorybalcxbfocbkqsfdzcfkgmn/Build/Intermediates.noindex/FinancialCalculatorKit.build/Debug/FinancialCalculatorKit.build/Objects-normal/arm64/DetailRow.swiftconstvalues -emit-reference-dependencies-path /Users/rogerlin/Library/Developer/Xcode/DerivedData/FinancialCalculatorKit-ackorybalcxbfocbkqsfdzcfkgmn/Build/Intermediates.noindex/FinancialCalculatorKit.build/Debug/FinancialCalculatorKit.build/Objects-normal/arm64/DetailRow.swiftdeps -serialize-diagnostics-path /Users/rogerlin/Library/Developer/Xcode/DerivedData/FinancialCalculatorKit-ackorybalcxbfocbkqsfdzcfkgmn/Build/Intermediates.noindex/FinancialCalculatorKit.build/Debug/FinancialCalculatorKit.build/Objects-normal/arm64/DetailRow.dia -emit-localized-strings -emit-localized-strings-path /Users/rogerlin/Library/Developer/Xcode/DerivedData/FinancialCalculatorKit-ackorybalcxbfocbkqsfdzcfkgmn/Build/Intermediates.noindex/FinancialCalculatorKit.build/Debug/FinancialCalculatorKit.build/Objects-normal/arm64 -target arm64-apple-macos14.0 -module-can-import-version AppKit 2685.20.119 2685.20.119 -module-can-import-version DeveloperToolsSupport 23.0.4 23.0.4 -module-can-import-version SwiftUI 7.1.13.1 7.1.13 -disable-cross-import-overlay-search -swift-module-cross-import SwiftData /Applications/Xcode.app/Contents/Developer/Platforms/MacOSX.platform/Developer/SDKs/MacOSX26.1.sdk/System/Library/Frameworks/SwiftData.framework/Modules/SwiftData.swiftcrossimport/CoreData.swiftoverlay -swift-module-cross-import SwiftData /Applications/Xcode.app/Contents/Developer/Platforms/MacOSX.platform/Developer/SDKs/MacOSX26.1.sdk/System/Library/Frameworks/SwiftData.framework/Modules/SwiftData.swiftcrossimport/SwiftUI.swiftoverlay -load-resolved-plugin \#/Users/rogerlin/Library/Developer/Xcode/DerivedData/FinancialCalculatorKit-ackorybalcxbfocbkqsfdzcfkgmn/Build/Products/Debug/CasePathsMacros\#CasePathsMacros -load-resolved-plugin /Applications/Xcode.app/Contents/Developer/Platforms/MacOSX.platform/Developer/usr/lib/swift/host/plugins/libFoundationMacros.dylib\#/Applications/Xcode.app/Contents/Developer/Platforms/MacOSX.platform/Developer/usr/bin/swift-plugin-server\#FoundationMacros -load-resolved-plugin /Applications/Xcode.app/Contents/Developer/Platforms/MacOSX.platform/Developer/usr/lib/swift/host/plugins/libObservationMacros.dylib\#/Applications/Xcode.app/Contents/Developer/Platforms/MacOSX.platform/Developer/usr/bin/swift-plugin-server\#ObservationMacros -load-resolved-plugin /Applications/Xcode.app/Contents/Developer/Platforms/MacOSX.platform/Developer/usr/lib/swift/host/plugins/libPreviewsMacros.dylib\#/Applications/Xcode.app/Contents/Developer/Platforms/MacOSX.platform/Developer/usr/bin/swift-plugin-server\#PreviewsMacros -load-resolved-plugin /Applications/Xcode.app/Contents/Developer/Platforms/MacOSX.platform/Developer/usr/lib/swift/host/plugins/libSwiftDataMacros.dylib\#/Applications/Xcode.app/Contents/Developer/Platforms/MacOSX.platform/Developer/usr/bin/swift-plugin-server\#SwiftDataMacros -load-resolved-plugin /Applications/Xcode.app/Contents/Developer/Platforms/MacOSX.platform/Developer/usr/lib/swift/host/plugins/libSwiftMacros.dylib\#/Applications/Xcode.app/Contents/Developer/Platforms/MacOSX.platform/Developer/usr/bin/swift-plugin-server\#SwiftMacros -load-resolved-plugin /Applications/Xcode.app/Contents/Developer/Platforms/MacOSX.platform/Developer/usr/lib/swift/host/plugins/libSwiftUIMacros.dylib\#/Applications/Xcode.app/Contents/Developer/Platforms/MacOSX.platform/Developer/usr/bin/swift-plugin-server\#SwiftUIMacros -disable-implicit-swift-modules -Xcc -fno-implicit-modules -Xcc -fno-implicit-module-maps -explicit-swift-module-map-file /Users/rogerlin/Library/Developer/Xcode/DerivedData/FinancialCalculatorKit-ackorybalcxbfocbkqsfdzcfkgmn/Build/Intermediates.noindex/FinancialCalculatorKit.build/Debug/FinancialCalculatorKit.build/Objects-normal/arm64/FinancialCalculatorKit-dependencies-1.json -Xllvm -aarch64-use-tbi -enable-objc-interop -stack-check -sdk /Applications/Xcode.app/Contents/Developer/Platforms/MacOSX.platform/Developer/SDKs/MacOSX26.1.sdk -I /Users/rogerlin/Library/Developer/Xcode/DerivedData/FinancialCalculatorKit-ackorybalcxbfocbkqsfdzcfkgmn/Build/Products/Debug -F /Users/rogerlin/Library/Developer/Xcode/DerivedData/FinancialCalculatorKit-ackorybalcxbfocbkqsfdzcfkgmn/Build/Products/Debug/PackageFrameworks -F /Users/rogerlin/Library/Developer/Xcode/DerivedData/FinancialCalculatorKit-ackorybalcxbfocbkqsfdzcfkgmn/Build/Products/Debug/PackageFrameworks -F /Users/rogerlin/Library/Developer/Xcode/DerivedData/FinancialCalculatorKit-ackorybalcxbfocbkqsfdzcfkgmn/Build/Products/Debug/PackageFrameworks -F /Users/rogerlin/Library/Developer/Xcode/DerivedData/FinancialCalculatorKit-ackorybalcxbfocbkqsfdzcfkgmn/Build/Products/Debug/PackageFrameworks -F /Users/rogerlin/Library/Developer/Xcode/DerivedData/FinancialCalculatorKit-ackorybalcxbfocbkqsfdzcfkgmn/Build/Products/Debug/PackageFrameworks -F /Users/rogerlin/Library/Developer/Xcode/DerivedData/FinancialCalculatorKit-ackorybalcxbfocbkqsfdzcfkgmn/Build/Products/Debug/PackageFrameworks -F /Users/rogerlin/Library/Developer/Xcode/DerivedData/FinancialCalculatorKit-ackorybalcxbfocbkqsfdzcfkgmn/Build/Products/Debug/PackageFrameworks -F /Users/rogerlin/Library/Developer/Xcode/DerivedData/FinancialCalculatorKit-ackorybalcxbfocbkqsfdzcfkgmn/Build/Products/Debug/PackageFrameworks -F /Users/rogerlin/Library/Developer/Xcode/DerivedData/FinancialCalculatorKit-ackorybalcxbfocbkqsfdzcfkgmn/Build/Products/Debug/PackageFrameworks -F /Users/rogerlin/Library/Developer/Xcode/DerivedData/FinancialCalculatorKit-ackorybalcxbfocbkqsfdzcfkgmn/Build/Products/Debug/PackageFrameworks -F /Users/rogerlin/Library/Developer/Xcode/DerivedData/FinancialCalculatorKit-ackorybalcxbfocbkqsfdzcfkgmn/Build/Products/Debug/PackageFrameworks -F /Users/rogerlin/Library/Developer/Xcode/DerivedData/FinancialCalculatorKit-ackorybalcxbfocbkqsfdzcfkgmn/Build/Products/Debug/PackageFrameworks -F /Users/rogerlin/Library/Developer/Xcode/DerivedData/FinancialCalculatorKit-ackorybalcxbfocbkqsfdzcfkgmn/Build/Products/Debug/PackageFrameworks -F /Users/rogerlin/Library/Developer/Xcode/DerivedData/FinancialCalculatorKit-ackorybalcxbfocbkqsfdzcfkgmn/Build/Products/Debug/PackageFrameworks -F /Users/rogerlin/Library/Developer/Xcode/DerivedData/FinancialCalculatorKit-ackorybalcxbfocbkqsfdzcfkgmn/Build/Products/Debug/PackageFrameworks -F /Users/rogerlin/Library/Developer/Xcode/DerivedData/FinancialCalculatorKit-ackorybalcxbfocbkqsfdzcfkgmn/Build/Products/Debug/PackageFrameworks -F /Users/rogerlin/Library/Developer/Xcode/DerivedData/FinancialCalculatorKit-ackorybalcxbfocbkqsfdzcfkgmn/Build/Products/Debug/PackageFrameworks -F /Users/rogerlin/Library/Developer/Xcode/DerivedData/FinancialCalculatorKit-ackorybalcxbfocbkqsfdzcfkgmn/Build/Products/Debug/PackageFrameworks -F /Users/rogerlin/Library/Developer/Xcode/DerivedData/FinancialCalculatorKit-ackorybalcxbfocbkqsfdzcfkgmn/Build/Products/Debug/PackageFrameworks -F /Users/rogerlin/Library/Developer/Xcode/DerivedData/FinancialCalculatorKit-ackorybalcxbfocbkqsfdzcfkgmn/Build/Products/Debug -no-color-diagnostics -Xcc -fno-color-diagnostics -enable-testing -g -debug-info-format\=dwarf -dwarf-version\=4 -module-cache-path /Users/rogerlin/Library/Developer/Xcode/DerivedData/FinancialCalculatorKit-ackorybalcxbfocbkqsfdzcfkgmn/Build/Intermediates.noindex/SwiftExplicitPrecompiledModules -profile-generate -profile-coverage-mapping -swift-version 5 -enforce-exclusivity\=checked -Onone -D DEBUG -serialize-debugging-options -load-plugin-executable /Users/rogerlin/Library/Developer/Xcode/DerivedData/FinancialCalculatorKit-ackorybalcxbfocbkqsfdzcfkgmn/Build/Products/Debug/CasePathsMacros\#CasePathsMacros -const-gather-protocols-file /Users/rogerlin/Library/Developer/Xcode/DerivedData/FinancialCalculatorKit-ackorybalcxbfocbkqsfdzcfkgmn/Build/Intermediates.noindex/FinancialCalculatorKit.build/Debug/FinancialCalculatorKit.build/Objects-normal/arm64/FinancialCalculatorKit_const_extract_protocols.json -enable-experimental-feature DebugDescriptionMacro -enable-bare-slash-regex -empty-abi-descriptor -validate-clang-modules-once -clang-build-session-file /Users/rogerlin/Library/Developer/Xcode/DerivedData/ModuleCache.noindex/Session.modulevalidation -Xcc -working-directory -Xcc /Users/rogerlin/XCode-Projects/FinancialCalculatorKit-5.0-updated-accent-colors -enable-anonymous-context-mangled-names -file-compilation-dir /Users/rogerlin/XCode-Projects/FinancialCalculatorKit-5.0-updated-accent-colors -Xcc -D_LIBCPP_HARDENING_MODE\=_LIBCPP_HARDENING_MODE_DEBUG -Xcc -ivfsstatcache -Xcc /Users/rogerlin/Library/Developer/Xcode/DerivedData/SDKStatCaches.noindex/macosx26.1-25B74-3ae1261907bdadc328169391a47051a6.sdkstatcache -Xcc -I/Users/rogerlin/Library/Developer/Xcode/DerivedData/FinancialCalculatorKit-ackorybalcxbfocbkqsfdzcfkgmn/Build/Intermediates.noindex/FinancialCalculatorKit.build/Debug/FinancialCalculatorKit.build/swift-overrides.hmap -Xcc -iquote -Xcc /Users/rogerlin/Library/Developer/Xcode/DerivedData/FinancialCalculatorKit-ackorybalcxbfocbkqsfdzcfkgmn/Build/Intermediates.noindex/FinancialCalculatorKit.build/Debug/FinancialCalculatorKit.build/FinancialCalculatorKit-generated-files.hmap -Xcc -I/Users/rogerlin/Library/Developer/Xcode/DerivedData/FinancialCalculatorKit-ackorybalcxbfocbkqsfdzcfkgmn/Build/Intermediates.noindex/FinancialCalculatorKit.build/Debug/FinancialCalculatorKit.build/FinancialCalculatorKit-own-target-headers.hmap -Xcc -I/Users/rogerlin/Library/Developer/Xcode/DerivedData/FinancialCalculatorKit-ackorybalcxbfocbkqsfdzcfkgmn/Build/Intermediates.noindex/FinancialCalculatorKit.build/Debug/FinancialCalculatorKit.build/FinancialCalculatorKit-all-non-framework-target-headers.hmap -Xcc -ivfsoverlay -Xcc /Users/rogerlin/Library/Developer/Xcode/DerivedData/FinancialCalculatorKit-ackorybalcxbfocbkqsfdzcfkgmn/Build/Intermediates.noindex/FinancialCalculatorKit.build/Debug/FinancialCalculatorKit-b796aaad08c4b307251b75ea7c01aae2-VFS/all-product-headers.yaml -Xcc -iquote -Xcc /Users/rogerlin/Library/Developer/Xcode/DerivedData/FinancialCalculatorKit-ackorybalcxbfocbkqsfdzcfkgmn/Build/Intermediates.noindex/FinancialCalculatorKit.build/Debug/FinancialCalculatorKit.build/FinancialCalculatorKit-project-headers.hmap -Xcc -I/Users/rogerlin/Library/Developer/Xcode/DerivedData/FinancialCalculatorKit-ackorybalcxbfocbkqsfdzcfkgmn/SourcePackages/checkouts/swift-numerics/Sources/_NumericsShims/include -Xcc -I/Users/rogerlin/Library/Developer/Xcode/DerivedData/FinancialCalculatorKit-ackorybalcxbfocbkqsfdzcfkgmn/Build/Products/Debug/include -Xcc -I/Users/rogerlin/Library/Developer/Xcode/DerivedData/FinancialCalculatorKit-ackorybalcxbfocbkqsfdzcfkgmn/Build/Intermediates.noindex/FinancialCalculatorKit.build/Debug/FinancialCalculatorKit.build/DerivedSources-normal/arm64 -Xcc -I/Users/rogerlin/Library/Developer/Xcode/DerivedData/FinancialCalculatorKit-ackorybalcxbfocbkqsfdzcfkgmn/Build/Intermediates.noindex/FinancialCalculatorKit.build/Debug/FinancialCalculatorKit.build/DerivedSources/arm64 -Xcc -I/Users/rogerlin/Library/Developer/Xcode/DerivedData/FinancialCalculatorKit-ackorybalcxbfocbkqsfdzcfkgmn/Build/Intermediates.noindex/FinancialCalculatorKit.build/Debug/FinancialCalculatorKit.build/DerivedSources -Xcc -DDEBUG\=1 -no-auto-bridging-header-chaining -module-name FinancialCalculatorKit -frontend-parseable-output -disable-clang-spi -target-sdk-version 26.1 -target-sdk-name macosx26.1 -clang-target arm64-apple-macos26.1 -in-process-plugin-server-path /Applications/Xcode.app/Contents/Developer/Toolchains/XcodeDefault.xctoolchain/usr/lib/swift/host/libSwiftInProcPluginServer.dylib -o /Users/rogerlin/Library/Developer/Xcode/DerivedData/FinancialCalculatorKit-ackorybalcxbfocbkqsfdzcfkgmn/Build/Intermediates.noindex/FinancialCalculatorKit.build/Debug/FinancialCalculatorKit.build/Objects-normal/arm64/InteractiveFinancialCharts.o -o /Users/rogerlin/Library/Developer/Xcode/DerivedData/FinancialCalculatorKit-ackorybalcxbfocbkqsfdzcfkgmn/Build/Intermediates.noindex/FinancialCalculatorKit.build/Debug/FinancialCalculatorKit.build/Objects-normal/arm64/DetailRow.o -index-unit-output-path /FinancialCalculatorKit.build/Debug/FinancialCalculatorKit.build/Objects-normal/arm64/InteractiveFinancialCharts.o -index-unit-output-path /FinancialCalculatorKit.build/Debug/FinancialCalculatorKit.build/Objects-normal/arm64/DetailRow.o -index-store-path /Users/rogerlin/Library/Developer/Xcode/DerivedData/FinancialCalculatorKit-ackorybalcxbfocbkqsfdzcfkgmn/Index.noindex/DataStore -index-system-modules

SwiftCompile normal arm64 /Users/rogerlin/XCode-Projects/FinancialCalculatorKit-5.0-updated-accent-colors/FinancialCalculatorKit/Views/Charts/InteractiveFinancialCharts.swift (in target 'FinancialCalculatorKit' from project 'FinancialCalculatorKit')
    cd /Users/rogerlin/XCode-Projects/FinancialCalculatorKit-5.0-updated-accent-colors
    
/Users/rogerlin/XCode-Projects/FinancialCalculatorKit-5.0-updated-accent-colors/FinancialCalculatorKit/Views/Charts/InteractiveFinancialCharts.swift:96:43: error: value of type 'AmortizationEntry' has no member 'period'
                x: .value("Period", entry.period),
                                    ~~~~~ ^~~~~~
/Users/rogerlin/XCode-Projects/FinancialCalculatorKit-5.0-updated-accent-colors/FinancialCalculatorKit/Views/Charts/InteractiveFinancialCharts.swift:117:43: error: cannot convert value of type 'Int' to expected argument type 'Calendar.Component'
            AxisMarks(values: .stride(by: max(1, entries.count / 10))) { value in
                                          ^
/Users/rogerlin/XCode-Projects/FinancialCalculatorKit-5.0-updated-accent-colors/FinancialCalculatorKit/Views/Charts/InteractiveFinancialCharts.swift:156:43: error: value of type 'AmortizationEntry' has no member 'period'
                x: .value("Period", entry.period),
                                    ~~~~~ ^~~~~~
/Users/rogerlin/XCode-Projects/FinancialCalculatorKit-5.0-updated-accent-colors/FinancialCalculatorKit/Views/Charts/InteractiveFinancialCharts.swift:170:43: error: cannot convert value of type 'Int' to expected argument type 'Calendar.Component'
            AxisMarks(values: .stride(by: max(1, min(60, entries.count) / 10))) { value in
                                          ^
/Users/rogerlin/XCode-Projects/FinancialCalculatorKit-5.0-updated-accent-colors/FinancialCalculatorKit/Views/Charts/InteractiveFinancialCharts.swift:201:47: error: value of type 'AmortizationEntry' has no member 'period'
                    x: .value("Period", entry.period),
                                        ~~~~~ ^~~~~~
/Users/rogerlin/XCode-Projects/FinancialCalculatorKit-5.0-updated-accent-colors/FinancialCalculatorKit/Views/Charts/InteractiveFinancialCharts.swift:234:43: error: cannot convert value of type 'Int' to expected argument type 'Calendar.Component'
            AxisMarks(values: .stride(by: max(1, entries.count / 10))) { value in
                                          ^
/Users/rogerlin/XCode-Projects/FinancialCalculatorKit-5.0-updated-accent-colors/FinancialCalculatorKit/Views/Charts/InteractiveFinancialCharts.swift:268:41: error: cannot call value of non-function type 'AmortizationEntry?'
                selectedEntry = entries.first { $0.period == period }
                                        ^
/Users/rogerlin/XCode-Projects/FinancialCalculatorKit-5.0-updated-accent-colors/FinancialCalculatorKit/Views/Charts/InteractiveFinancialCharts.swift:278:59: error: value of type 'AmortizationEntry' has no member 'period'
            DetailColumn(title: "Period", value: "\(entry.period)")
                                                    ~~~~~ ^~~~~~
/Users/rogerlin/XCode-Projects/FinancialCalculatorKit-5.0-updated-accent-colors/FinancialCalculatorKit/Views/Charts/InteractiveFinancialCharts.swift:500:18: error: value of type 'some Chart3DContent' has no member 'lineStyle'
                .lineStyle(StrokeStyle(lineWidth: 2, dash: [5, 5]))
                 ^~~~~~~~~
/Users/rogerlin/XCode-Projects/FinancialCalculatorKit-5.0-updated-accent-colors/FinancialCalculatorKit/Views/Charts/InteractiveFinancialCharts.swift:696:41: error: incorrect argument labels in call (have 'period:totalPayment:principalPayment:interestPayment:remainingBalance:cumulativeInterest:cumulativePrincipal:', expected 'paymentNumber:payment:principalPayment:interestPayment:remainingBalance:cumulativePrincipal:cumulativeInterest:')
        entries.append(AmortizationEntry(
                                        ^

SwiftCompile normal arm64 /Users/rogerlin/XCode-Projects/FinancialCalculatorKit-5.0-updated-accent-colors/FinancialCalculatorKit/Views/Components/DetailRow.swift (in target 'FinancialCalculatorKit' from project 'FinancialCalculatorKit')
    cd /Users/rogerlin/XCode-Projects/FinancialCalculatorKit-5.0-updated-accent-colors
    

SwiftCompile normal arm64 Compiling\ DynamicInputSection.swift,\ EnhancedInputFields.swift /Users/rogerlin/XCode-Projects/FinancialCalculatorKit-5.0-updated-accent-colors/FinancialCalculatorKit/Views/Components/DynamicInputSection.swift /Users/rogerlin/XCode-Projects/FinancialCalculatorKit-5.0-updated-accent-colors/FinancialCalculatorKit/Views/Components/EnhancedInputFields.swift (in target 'FinancialCalculatorKit' from project 'FinancialCalculatorKit')
/Applications/Xcode.app/Contents/Developer/Toolchains/XcodeDefault.xctoolchain/usr/bin/swift-frontend -frontend -c /Users/rogerlin/XCode-Projects/FinancialCalculatorKit-5.0-updated-accent-colors/FinancialCalculatorKit/Models/Bond/AdvancedBondModels.swift /Users/rogerlin/XCode-Projects/FinancialCalculatorKit-5.0-updated-accent-colors/FinancialCalculatorKit/Models/Bond/YieldCurveTypes.swift /Users/rogerlin/XCode-Projects/FinancialCalculatorKit-5.0-updated-accent-colors/FinancialCalculatorKit/Models/Calculation/BondCalculation.swift /Users/rogerlin/XCode-Projects/FinancialCalculatorKit-5.0-updated-accent-colors/FinancialCalculatorKit/Models/Calculation/CalculationMetadata.swift /Users/rogerlin/XCode-Projects/FinancialCalculatorKit-5.0-updated-accent-colors/FinancialCalculatorKit/Models/Calculation/DepreciationCalculation.swift /Users/rogerlin/XCode-Projects/FinancialCalculatorKit-5.0-updated-accent-colors/FinancialCalculatorKit/Models/Calculation/FinancialCalculation.swift /Users/rogerlin/XCode-Projects/FinancialCalculatorKit-5.0-updated-accent-colors/FinancialCalculatorKit/Models/Calculation/InvestmentCalculation.swift /Users/rogerlin/XCode-Projects/FinancialCalculatorKit-5.0-updated-accent-colors/FinancialCalculatorKit/Models/Calculation/LoanCalculation.swift /Users/rogerlin/XCode-Projects/FinancialCalculatorKit-5.0-updated-accent-colors/FinancialCalculatorKit/Models/Calculation/TimeValueCalculation.swift /Users/rogerlin/XCode-Projects/FinancialCalculatorKit-5.0-updated-accent-colors/FinancialCalculatorKit/Models/Enums/CalculationType.swift /Users/rogerlin/XCode-Projects/FinancialCalculatorKit-5.0-updated-accent-colors/FinancialCalculatorKit/Models/Enums/Currency.swift /Users/rogerlin/XCode-Projects/FinancialCalculatorKit-5.0-updated-accent-colors/FinancialCalculatorKit/Models/Enums/LoanType.swift /Users/rogerlin/XCode-Projects/FinancialCalculatorKit-5.0-updated-accent-colors/FinancialCalculatorKit/Models/Enums/PaymentFrequency.swift /Users/rogerlin/XCode-Projects/FinancialCalculatorKit-5.0-updated-accent-colors/FinancialCalculatorKit/Models/Enums/TimeValueVariable.swift /Users/rogerlin/XCode-Projects/FinancialCalculatorKit-5.0-updated-accent-colors/FinancialCalculatorKit/Models/Formula/FormulaReference.swift /Users/rogerlin/XCode-Projects/FinancialCalculatorKit-5.0-updated-accent-colors/FinancialCalculatorKit/Models/FRED/FREDModels.swift /Users/rogerlin/XCode-Projects/FinancialCalculatorKit-5.0-updated-accent-colors/FinancialCalculatorKit/Models/Options/AdvancedOptionsModels.swift /Users/rogerlin/XCode-Projects/FinancialCalculatorKit-5.0-updated-accent-colors/FinancialCalculatorKit/Models/ScientificCalculator/EquationDocument.swift /Users/rogerlin/XCode-Projects/FinancialCalculatorKit-5.0-updated-accent-colors/FinancialCalculatorKit/Models/ScientificCalculator/VariableStore.swift /Users/rogerlin/XCode-Projects/FinancialCalculatorKit-5.0-updated-accent-colors/FinancialCalculatorKit/Protocols/FinancialComputable.swift /Users/rogerlin/XCode-Projects/FinancialCalculatorKit-5.0-updated-accent-colors/FinancialCalculatorKit/Services/Bond/AdvancedBondPricingEngine.swift /Users/rogerlin/XCode-Projects/FinancialCalculatorKit-5.0-updated-accent-colors/FinancialCalculatorKit/Services/Options/AdvancedOptionsPricingEngine.swift /Users/rogerlin/XCode-Projects/FinancialCalculatorKit-5.0-updated-accent-colors/FinancialCalculatorKit/Services/AdvancedExpressionParser.swift /Users/rogerlin/XCode-Projects/FinancialCalculatorKit-5.0-updated-accent-colors/FinancialCalculatorKit/Services/AdvancedIRRCalculator.swift /Users/rogerlin/XCode-Projects/FinancialCalculatorKit-5.0-updated-accent-colors/FinancialCalculatorKit/Services/AdvancedMathFunctions.swift /Users/rogerlin/XCode-Projects/FinancialCalculatorKit-5.0-updated-accent-colors/FinancialCalculatorKit/Services/CalculationEngine.swift /Users/rogerlin/XCode-Projects/FinancialCalculatorKit-5.0-updated-accent-colors/FinancialCalculatorKit/Services/CSVHelper.swift /Users/rogerlin/XCode-Projects/FinancialCalculatorKit-5.0-updated-accent-colors/FinancialCalculatorKit/Services/CurrencyConversionService.swift /Users/rogerlin/XCode-Projects/FinancialCalculatorKit-5.0-updated-accent-colors/FinancialCalculatorKit/Services/ExchangeRateService.swift /Users/rogerlin/XCode-Projects/FinancialCalculatorKit-5.0-updated-accent-colors/FinancialCalculatorKit/Services/FinancialCalculator.swift /Users/rogerlin/XCode-Projects/FinancialCalculatorKit-5.0-updated-accent-colors/FinancialCalculatorKit/Services/FinancialValidation.swift /Users/rogerlin/XCode-Projects/FinancialCalculatorKit-5.0-updated-accent-colors/FinancialCalculatorKit/Services/FormulaAutoComplete.swift /Users/rogerlin/XCode-Projects/FinancialCalculatorKit-5.0-updated-accent-colors/FinancialCalculatorKit/Services/FREDService.swift /Users/rogerlin/XCode-Projects/FinancialCalculatorKit-5.0-updated-accent-colors/FinancialCalculatorKit/Services/HighPrecisionMath.swift /Users/rogerlin/XCode-Projects/FinancialCalculatorKit-5.0-updated-accent-colors/FinancialCalculatorKit/Services/HighPrecisionTestSuite.swift /Users/rogerlin/XCode-Projects/FinancialCalculatorKit-5.0-updated-accent-colors/FinancialCalculatorKit/Services/HighPrecisionValidation.swift /Users/rogerlin/XCode-Projects/FinancialCalculatorKit-5.0-updated-accent-colors/FinancialCalculatorKit/Services/TickerHistoryService.swift /Users/rogerlin/XCode-Projects/FinancialCalculatorKit-5.0-updated-accent-colors/FinancialCalculatorKit/Services/ValidationExtensions.swift /Users/rogerlin/XCode-Projects/FinancialCalculatorKit-5.0-updated-accent-colors/FinancialCalculatorKit/Services/ValidationService.swift /Users/rogerlin/XCode-Projects/FinancialCalculatorKit-5.0-updated-accent-colors/FinancialCalculatorKit/Services/ValidationTestSuite.swift /Users/rogerlin/XCode-Projects/FinancialCalculatorKit-5.0-updated-accent-colors/FinancialCalculatorKit/Utilities/Extensions/Date+Financial.swift /Users/rogerlin/XCode-Projects/FinancialCalculatorKit-5.0-updated-accent-colors/FinancialCalculatorKit/Utilities/Extensions/Double+Financial.swift /Users/rogerlin/XCode-Projects/FinancialCalculatorKit-5.0-updated-accent-colors/FinancialCalculatorKit/Utilities/CashFlowsTransformer.swift /Users/rogerlin/XCode-Projects/FinancialCalculatorKit-5.0-updated-accent-colors/FinancialCalculatorKit/Utilities/Formatters.swift /Users/rogerlin/XCode-Projects/FinancialCalculatorKit-5.0-updated-accent-colors/FinancialCalculatorKit/ViewHelpers/FormulaViewHelper.swift /Users/rogerlin/XCode-Projects/FinancialCalculatorKit-5.0-updated-accent-colors/FinancialCalculatorKit/ViewModels/MainViewModel.swift /Users/rogerlin/XCode-Projects/FinancialCalculatorKit-5.0-updated-accent-colors/FinancialCalculatorKit/Views/Calculator/AdvancedBondCalculatorView.swift /Users/rogerlin/XCode-Projects/FinancialCalculatorKit-5.0-updated-accent-colors/FinancialCalculatorKit/Views/Calculator/AmortizationView.swift /Users/rogerlin/XCode-Projects/FinancialCalculatorKit-5.0-updated-accent-colors/FinancialCalculatorKit/Views/Calculator/BondCalculatorView.swift /Users/rogerlin/XCode-Projects/FinancialCalculatorKit-5.0-updated-accent-colors/FinancialCalculatorKit/Views/Calculator/CompactCalculatorView.swift /Users/rogerlin/XCode-Projects/FinancialCalculatorKit-5.0-updated-accent-colors/FinancialCalculatorKit/Views/Calculator/CurrencyConverterView.swift /Users/rogerlin/XCode-Projects/FinancialCalculatorKit-5.0-updated-accent-colors/FinancialCalculatorKit/Views/Calculator/CustomScientificKeyboard.swift /Users/rogerlin/XCode-Projects/FinancialCalculatorKit-5.0-updated-accent-colors/FinancialCalculatorKit/Views/Calculator/DepreciationCalculatorView.swift /Users/rogerlin/XCode-Projects/FinancialCalculatorKit-5.0-updated-accent-colors/FinancialCalculatorKit/Views/Calculator/DocumentListView.swift /Users/rogerlin/XCode-Projects/FinancialCalculatorKit-5.0-updated-accent-colors/FinancialCalculatorKit/Views/Calculator/EquityValuationView.swift /Users/rogerlin/XCode-Projects/FinancialCalculatorKit-5.0-updated-accent-colors/FinancialCalculatorKit/Views/Calculator/FixedIncomeAnalyticsView.swift /Users/rogerlin/XCode-Projects/FinancialCalculatorKit-5.0-updated-accent-colors/FinancialCalculatorKit/Views/Calculator/FormulaLibraryView.swift /Users/rogerlin/XCode-Projects/FinancialCalculatorKit-5.0-updated-accent-colors/FinancialCalculatorKit/Views/Calculator/ForwardsCalculatorView.swift /Users/rogerlin/XCode-Projects/FinancialCalculatorKit-5.0-updated-accent-colors/FinancialCalculatorKit/Views/Calculator/FuturesCalculatorView.swift /Users/rogerlin/XCode-Projects/FinancialCalculatorKit-5.0-updated-accent-colors/FinancialCalculatorKit/Views/Calculator/FutureValueView.swift /Users/rogerlin/XCode-Projects/FinancialCalculatorKit-5.0-updated-accent-colors/FinancialCalculatorKit/Views/Calculator/HighPrecisionCalculatorView.swift /Users/rogerlin/XCode-Projects/FinancialCalculatorKit-5.0-updated-accent-colors/FinancialCalculatorKit/Views/Calculator/InvestmentCalculatorView.swift /Users/rogerlin/XCode-Projects/FinancialCalculatorKit-5.0-updated-accent-colors/FinancialCalculatorKit/Views/Calculator/LoanCalculatorView.swift /Users/rogerlin/XCode-Projects/FinancialCalculatorKit-5.0-updated-accent-colors/FinancialCalculatorKit/Views/Calculator/LoanResultView.swift /Users/rogerlin/XCode-Projects/FinancialCalculatorKit-5.0-updated-accent-colors/FinancialCalculatorKit/Views/Calculator/MathExpressionCalculatorView.swift /Users/rogerlin/XCode-Projects/FinancialCalculatorKit-5.0-updated-accent-colors/FinancialCalculatorKit/Views/Calculator/OptionsCalculatorView.swift /Users/rogerlin/XCode-Projects/FinancialCalculatorKit-5.0-updated-accent-colors/FinancialCalculatorKit/Views/Calculator/OptionsStrategiesView.swift /Users/rogerlin/XCode-Projects/FinancialCalculatorKit-5.0-updated-accent-colors/FinancialCalculatorKit/Views/Calculator/PlaceholderViews.swift /Users/rogerlin/XCode-Projects/FinancialCalculatorKit-5.0-updated-accent-colors/FinancialCalculatorKit/Views/Calculator/PortfolioOptimizationView.swift /Users/rogerlin/XCode-Projects/FinancialCalculatorKit-5.0-updated-accent-colors/FinancialCalculatorKit/Views/Calculator/PrecisionDemoView.swift /Users/rogerlin/XCode-Projects/FinancialCalculatorKit-5.0-updated-accent-colors/FinancialCalculatorKit/Views/Calculator/RiskManagementView.swift /Users/rogerlin/XCode-Projects/FinancialCalculatorKit-5.0-updated-accent-colors/FinancialCalculatorKit/Views/Calculator/ScientificCalculatorView.swift /Users/rogerlin/XCode-Projects/FinancialCalculatorKit-5.0-updated-accent-colors/FinancialCalculatorKit/Views/Calculator/SwapsCalculatorView.swift /Users/rogerlin/XCode-Projects/FinancialCalculatorKit-5.0-updated-accent-colors/FinancialCalculatorKit/Views/Calculator/TemplateViews.swift /Users/rogerlin/XCode-Projects/FinancialCalculatorKit-5.0-updated-accent-colors/FinancialCalculatorKit/Views/Calculator/TickerHistoryView.swift /Users/rogerlin/XCode-Projects/FinancialCalculatorKit-5.0-updated-accent-colors/FinancialCalculatorKit/Views/Calculator/TimeValueCalculatorView.swift /Users/rogerlin/XCode-Projects/FinancialCalculatorKit-5.0-updated-accent-colors/FinancialCalculatorKit/Views/Calculator/TimeValueResultView.swift /Users/rogerlin/XCode-Projects/FinancialCalculatorKit-5.0-updated-accent-colors/FinancialCalculatorKit/Views/Calculator/UnitConverterView.swift /Users/rogerlin/XCode-Projects/FinancialCalculatorKit-5.0-updated-accent-colors/FinancialCalculatorKit/Views/Calculator/VariableManagementView.swift /Users/rogerlin/XCode-Projects/FinancialCalculatorKit-5.0-updated-accent-colors/FinancialCalculatorKit/Views/Charts/FinancialChartView.swift /Users/rogerlin/XCode-Projects/FinancialCalculatorKit-5.0-updated-accent-colors/FinancialCalculatorKit/Views/Charts/InteractiveFinancialCharts.swift /Users/rogerlin/XCode-Projects/FinancialCalculatorKit-5.0-updated-accent-colors/FinancialCalculatorKit/Views/Components/DetailRow.swift -primary-file /Users/rogerlin/XCode-Projects/FinancialCalculatorKit-5.0-updated-accent-colors/FinancialCalculatorKit/Views/Components/DynamicInputSection.swift -primary-file /Users/rogerlin/XCode-Projects/FinancialCalculatorKit-5.0-updated-accent-colors/FinancialCalculatorKit/Views/Components/EnhancedInputFields.swift /Users/rogerlin/XCode-Projects/FinancialCalculatorKit-5.0-updated-accent-colors/FinancialCalculatorKit/Views/Components/FinancialStyles.swift /Users/rogerlin/XCode-Projects/FinancialCalculatorKit-5.0-updated-accent-colors/FinancialCalculatorKit/Views/Components/InputFieldView.swift /Users/rogerlin/XCode-Projects/FinancialCalculatorKit-5.0-updated-accent-colors/FinancialCalculatorKit/Views/Components/InteractiveDataTables.swift /Users/rogerlin/XCode-Projects/FinancialCalculatorKit-5.0-updated-accent-colors/FinancialCalculatorKit/Views/Components/LoadingResultView.swift /Users/rogerlin/XCode-Projects/FinancialCalculatorKit-5.0-updated-accent-colors/FinancialCalculatorKit/Views/Components/NumbersOnlyViewModifier.swift /Users/rogerlin/XCode-Projects/FinancialCalculatorKit-5.0-updated-accent-colors/FinancialCalculatorKit/Views/Components/ResultDisplayView.swift /Users/rogerlin/XCode-Projects/FinancialCalculatorKit-5.0-updated-accent-colors/FinancialCalculatorKit/Views/Components/StatusIndicator.swift /Users/rogerlin/XCode-Projects/FinancialCalculatorKit-5.0-updated-accent-colors/FinancialCalculatorKit/Views/Components/ValidationSummaryView.swift /Users/rogerlin/XCode-Projects/FinancialCalculatorKit-5.0-updated-accent-colors/FinancialCalculatorKit/Views/FRED/FREDDataView.swift /Users/rogerlin/XCode-Projects/FinancialCalculatorKit-5.0-updated-accent-colors/FinancialCalculatorKit/Views/Reference/FormulaReferenceView.swift /Users/rogerlin/XCode-Projects/FinancialCalculatorKit-5.0-updated-accent-colors/FinancialCalculatorKit/Views/Reference/FormulaVariableView.swift /Users/rogerlin/XCode-Projects/FinancialCalculatorKit-5.0-updated-accent-colors/FinancialCalculatorKit/Views/Reference/FormulaVariantView.swift /Users/rogerlin/XCode-Projects/FinancialCalculatorKit-5.0-updated-accent-colors/FinancialCalculatorKit/ContentView.swift /Users/rogerlin/XCode-Projects/FinancialCalculatorKit-5.0-updated-accent-colors/FinancialCalculatorKit/FinancialCalculatorKitApp.swift /Users/rogerlin/XCode-Projects/FinancialCalculatorKit-5.0-updated-accent-colors/FinancialCalculatorKit/Item.swift /Users/rogerlin/Library/Developer/Xcode/DerivedData/FinancialCalculatorKit-ackorybalcxbfocbkqsfdzcfkgmn/Build/Intermediates.noindex/FinancialCalculatorKit.build/Debug/FinancialCalculatorKit.build/DerivedSources/GeneratedAssetSymbols.swift -emit-dependencies-path /Users/rogerlin/Library/Developer/Xcode/DerivedData/FinancialCalculatorKit-ackorybalcxbfocbkqsfdzcfkgmn/Build/Intermediates.noindex/FinancialCalculatorKit.build/Debug/FinancialCalculatorKit.build/Objects-normal/arm64/DynamicInputSection.d -emit-const-values-path /Users/rogerlin/Library/Developer/Xcode/DerivedData/FinancialCalculatorKit-ackorybalcxbfocbkqsfdzcfkgmn/Build/Intermediates.noindex/FinancialCalculatorKit.build/Debug/FinancialCalculatorKit.build/Objects-normal/arm64/DynamicInputSection.swiftconstvalues -emit-reference-dependencies-path /Users/rogerlin/Library/Developer/Xcode/DerivedData/FinancialCalculatorKit-ackorybalcxbfocbkqsfdzcfkgmn/Build/Intermediates.noindex/FinancialCalculatorKit.build/Debug/FinancialCalculatorKit.build/Objects-normal/arm64/DynamicInputSection.swiftdeps -serialize-diagnostics-path /Users/rogerlin/Library/Developer/Xcode/DerivedData/FinancialCalculatorKit-ackorybalcxbfocbkqsfdzcfkgmn/Build/Intermediates.noindex/FinancialCalculatorKit.build/Debug/FinancialCalculatorKit.build/Objects-normal/arm64/DynamicInputSection.dia -emit-dependencies-path /Users/rogerlin/Library/Developer/Xcode/DerivedData/FinancialCalculatorKit-ackorybalcxbfocbkqsfdzcfkgmn/Build/Intermediates.noindex/FinancialCalculatorKit.build/Debug/FinancialCalculatorKit.build/Objects-normal/arm64/EnhancedInputFields.d -emit-const-values-path /Users/rogerlin/Library/Developer/Xcode/DerivedData/FinancialCalculatorKit-ackorybalcxbfocbkqsfdzcfkgmn/Build/Intermediates.noindex/FinancialCalculatorKit.build/Debug/FinancialCalculatorKit.build/Objects-normal/arm64/EnhancedInputFields.swiftconstvalues -emit-reference-dependencies-path /Users/rogerlin/Library/Developer/Xcode/DerivedData/FinancialCalculatorKit-ackorybalcxbfocbkqsfdzcfkgmn/Build/Intermediates.noindex/FinancialCalculatorKit.build/Debug/FinancialCalculatorKit.build/Objects-normal/arm64/EnhancedInputFields.swiftdeps -serialize-diagnostics-path /Users/rogerlin/Library/Developer/Xcode/DerivedData/FinancialCalculatorKit-ackorybalcxbfocbkqsfdzcfkgmn/Build/Intermediates.noindex/FinancialCalculatorKit.build/Debug/FinancialCalculatorKit.build/Objects-normal/arm64/EnhancedInputFields.dia -emit-localized-strings -emit-localized-strings-path /Users/rogerlin/Library/Developer/Xcode/DerivedData/FinancialCalculatorKit-ackorybalcxbfocbkqsfdzcfkgmn/Build/Intermediates.noindex/FinancialCalculatorKit.build/Debug/FinancialCalculatorKit.build/Objects-normal/arm64 -target arm64-apple-macos14.0 -module-can-import-version AppKit 2685.20.119 2685.20.119 -module-can-import-version DeveloperToolsSupport 23.0.4 23.0.4 -module-can-import-version SwiftUI 7.1.13.1 7.1.13 -disable-cross-import-overlay-search -swift-module-cross-import SwiftData /Applications/Xcode.app/Contents/Developer/Platforms/MacOSX.platform/Developer/SDKs/MacOSX26.1.sdk/System/Library/Frameworks/SwiftData.framework/Modules/SwiftData.swiftcrossimport/CoreData.swiftoverlay -swift-module-cross-import SwiftData /Applications/Xcode.app/Contents/Developer/Platforms/MacOSX.platform/Developer/SDKs/MacOSX26.1.sdk/System/Library/Frameworks/SwiftData.framework/Modules/SwiftData.swiftcrossimport/SwiftUI.swiftoverlay -load-resolved-plugin \#/Users/rogerlin/Library/Developer/Xcode/DerivedData/FinancialCalculatorKit-ackorybalcxbfocbkqsfdzcfkgmn/Build/Products/Debug/CasePathsMacros\#CasePathsMacros -load-resolved-plugin /Applications/Xcode.app/Contents/Developer/Platforms/MacOSX.platform/Developer/usr/lib/swift/host/plugins/libFoundationMacros.dylib\#/Applications/Xcode.app/Contents/Developer/Platforms/MacOSX.platform/Developer/usr/bin/swift-plugin-server\#FoundationMacros -load-resolved-plugin /Applications/Xcode.app/Contents/Developer/Platforms/MacOSX.platform/Developer/usr/lib/swift/host/plugins/libObservationMacros.dylib\#/Applications/Xcode.app/Contents/Developer/Platforms/MacOSX.platform/Developer/usr/bin/swift-plugin-server\#ObservationMacros -load-resolved-plugin /Applications/Xcode.app/Contents/Developer/Platforms/MacOSX.platform/Developer/usr/lib/swift/host/plugins/libPreviewsMacros.dylib\#/Applications/Xcode.app/Contents/Developer/Platforms/MacOSX.platform/Developer/usr/bin/swift-plugin-server\#PreviewsMacros -load-resolved-plugin /Applications/Xcode.app/Contents/Developer/Platforms/MacOSX.platform/Developer/usr/lib/swift/host/plugins/libSwiftDataMacros.dylib\#/Applications/Xcode.app/Contents/Developer/Platforms/MacOSX.platform/Developer/usr/bin/swift-plugin-server\#SwiftDataMacros -load-resolved-plugin /Applications/Xcode.app/Contents/Developer/Platforms/MacOSX.platform/Developer/usr/lib/swift/host/plugins/libSwiftMacros.dylib\#/Applications/Xcode.app/Contents/Developer/Platforms/MacOSX.platform/Developer/usr/bin/swift-plugin-server\#SwiftMacros -load-resolved-plugin /Applications/Xcode.app/Contents/Developer/Platforms/MacOSX.platform/Developer/usr/lib/swift/host/plugins/libSwiftUIMacros.dylib\#/Applications/Xcode.app/Contents/Developer/Platforms/MacOSX.platform/Developer/usr/bin/swift-plugin-server\#SwiftUIMacros -disable-implicit-swift-modules -Xcc -fno-implicit-modules -Xcc -fno-implicit-module-maps -explicit-swift-module-map-file /Users/rogerlin/Library/Developer/Xcode/DerivedData/FinancialCalculatorKit-ackorybalcxbfocbkqsfdzcfkgmn/Build/Intermediates.noindex/FinancialCalculatorKit.build/Debug/FinancialCalculatorKit.build/Objects-normal/arm64/FinancialCalculatorKit-dependencies-1.json -Xllvm -aarch64-use-tbi -enable-objc-interop -stack-check -sdk /Applications/Xcode.app/Contents/Developer/Platforms/MacOSX.platform/Developer/SDKs/MacOSX26.1.sdk -I /Users/rogerlin/Library/Developer/Xcode/DerivedData/FinancialCalculatorKit-ackorybalcxbfocbkqsfdzcfkgmn/Build/Products/Debug -F /Users/rogerlin/Library/Developer/Xcode/DerivedData/FinancialCalculatorKit-ackorybalcxbfocbkqsfdzcfkgmn/Build/Products/Debug/PackageFrameworks -F /Users/rogerlin/Library/Developer/Xcode/DerivedData/FinancialCalculatorKit-ackorybalcxbfocbkqsfdzcfkgmn/Build/Products/Debug/PackageFrameworks -F /Users/rogerlin/Library/Developer/Xcode/DerivedData/FinancialCalculatorKit-ackorybalcxbfocbkqsfdzcfkgmn/Build/Products/Debug/PackageFrameworks -F /Users/rogerlin/Library/Developer/Xcode/DerivedData/FinancialCalculatorKit-ackorybalcxbfocbkqsfdzcfkgmn/Build/Products/Debug/PackageFrameworks -F /Users/rogerlin/Library/Developer/Xcode/DerivedData/FinancialCalculatorKit-ackorybalcxbfocbkqsfdzcfkgmn/Build/Products/Debug/PackageFrameworks -F /Users/rogerlin/Library/Developer/Xcode/DerivedData/FinancialCalculatorKit-ackorybalcxbfocbkqsfdzcfkgmn/Build/Products/Debug/PackageFrameworks -F /Users/rogerlin/Library/Developer/Xcode/DerivedData/FinancialCalculatorKit-ackorybalcxbfocbkqsfdzcfkgmn/Build/Products/Debug/PackageFrameworks -F /Users/rogerlin/Library/Developer/Xcode/DerivedData/FinancialCalculatorKit-ackorybalcxbfocbkqsfdzcfkgmn/Build/Products/Debug/PackageFrameworks -F /Users/rogerlin/Library/Developer/Xcode/DerivedData/FinancialCalculatorKit-ackorybalcxbfocbkqsfdzcfkgmn/Build/Products/Debug/PackageFrameworks -F /Users/rogerlin/Library/Developer/Xcode/DerivedData/FinancialCalculatorKit-ackorybalcxbfocbkqsfdzcfkgmn/Build/Products/Debug/PackageFrameworks -F /Users/rogerlin/Library/Developer/Xcode/DerivedData/FinancialCalculatorKit-ackorybalcxbfocbkqsfdzcfkgmn/Build/Products/Debug/PackageFrameworks -F /Users/rogerlin/Library/Developer/Xcode/DerivedData/FinancialCalculatorKit-ackorybalcxbfocbkqsfdzcfkgmn/Build/Products/Debug/PackageFrameworks -F /Users/rogerlin/Library/Developer/Xcode/DerivedData/FinancialCalculatorKit-ackorybalcxbfocbkqsfdzcfkgmn/Build/Products/Debug/PackageFrameworks -F /Users/rogerlin/Library/Developer/Xcode/DerivedData/FinancialCalculatorKit-ackorybalcxbfocbkqsfdzcfkgmn/Build/Products/Debug/PackageFrameworks -F /Users/rogerlin/Library/Developer/Xcode/DerivedData/FinancialCalculatorKit-ackorybalcxbfocbkqsfdzcfkgmn/Build/Products/Debug/PackageFrameworks -F /Users/rogerlin/Library/Developer/Xcode/DerivedData/FinancialCalculatorKit-ackorybalcxbfocbkqsfdzcfkgmn/Build/Products/Debug/PackageFrameworks -F /Users/rogerlin/Library/Developer/Xcode/DerivedData/FinancialCalculatorKit-ackorybalcxbfocbkqsfdzcfkgmn/Build/Products/Debug/PackageFrameworks -F /Users/rogerlin/Library/Developer/Xcode/DerivedData/FinancialCalculatorKit-ackorybalcxbfocbkqsfdzcfkgmn/Build/Products/Debug/PackageFrameworks -F /Users/rogerlin/Library/Developer/Xcode/DerivedData/FinancialCalculatorKit-ackorybalcxbfocbkqsfdzcfkgmn/Build/Products/Debug/PackageFrameworks -F /Users/rogerlin/Library/Developer/Xcode/DerivedData/FinancialCalculatorKit-ackorybalcxbfocbkqsfdzcfkgmn/Build/Products/Debug -no-color-diagnostics -Xcc -fno-color-diagnostics -enable-testing -g -debug-info-format\=dwarf -dwarf-version\=4 -module-cache-path /Users/rogerlin/Library/Developer/Xcode/DerivedData/FinancialCalculatorKit-ackorybalcxbfocbkqsfdzcfkgmn/Build/Intermediates.noindex/SwiftExplicitPrecompiledModules -profile-generate -profile-coverage-mapping -swift-version 5 -enforce-exclusivity\=checked -Onone -D DEBUG -serialize-debugging-options -load-plugin-executable /Users/rogerlin/Library/Developer/Xcode/DerivedData/FinancialCalculatorKit-ackorybalcxbfocbkqsfdzcfkgmn/Build/Products/Debug/CasePathsMacros\#CasePathsMacros -const-gather-protocols-file /Users/rogerlin/Library/Developer/Xcode/DerivedData/FinancialCalculatorKit-ackorybalcxbfocbkqsfdzcfkgmn/Build/Intermediates.noindex/FinancialCalculatorKit.build/Debug/FinancialCalculatorKit.build/Objects-normal/arm64/FinancialCalculatorKit_const_extract_protocols.json -enable-experimental-feature DebugDescriptionMacro -enable-bare-slash-regex -empty-abi-descriptor -validate-clang-modules-once -clang-build-session-file /Users/rogerlin/Library/Developer/Xcode/DerivedData/ModuleCache.noindex/Session.modulevalidation -Xcc -working-directory -Xcc /Users/rogerlin/XCode-Projects/FinancialCalculatorKit-5.0-updated-accent-colors -enable-anonymous-context-mangled-names -file-compilation-dir /Users/rogerlin/XCode-Projects/FinancialCalculatorKit-5.0-updated-accent-colors -Xcc -D_LIBCPP_HARDENING_MODE\=_LIBCPP_HARDENING_MODE_DEBUG -Xcc -ivfsstatcache -Xcc /Users/rogerlin/Library/Developer/Xcode/DerivedData/SDKStatCaches.noindex/macosx26.1-25B74-3ae1261907bdadc328169391a47051a6.sdkstatcache -Xcc -I/Users/rogerlin/Library/Developer/Xcode/DerivedData/FinancialCalculatorKit-ackorybalcxbfocbkqsfdzcfkgmn/Build/Intermediates.noindex/FinancialCalculatorKit.build/Debug/FinancialCalculatorKit.build/swift-overrides.hmap -Xcc -iquote -Xcc /Users/rogerlin/Library/Developer/Xcode/DerivedData/FinancialCalculatorKit-ackorybalcxbfocbkqsfdzcfkgmn/Build/Intermediates.noindex/FinancialCalculatorKit.build/Debug/FinancialCalculatorKit.build/FinancialCalculatorKit-generated-files.hmap -Xcc -I/Users/rogerlin/Library/Developer/Xcode/DerivedData/FinancialCalculatorKit-ackorybalcxbfocbkqsfdzcfkgmn/Build/Intermediates.noindex/FinancialCalculatorKit.build/Debug/FinancialCalculatorKit.build/FinancialCalculatorKit-own-target-headers.hmap -Xcc -I/Users/rogerlin/Library/Developer/Xcode/DerivedData/FinancialCalculatorKit-ackorybalcxbfocbkqsfdzcfkgmn/Build/Intermediates.noindex/FinancialCalculatorKit.build/Debug/FinancialCalculatorKit.build/FinancialCalculatorKit-all-non-framework-target-headers.hmap -Xcc -ivfsoverlay -Xcc /Users/rogerlin/Library/Developer/Xcode/DerivedData/FinancialCalculatorKit-ackorybalcxbfocbkqsfdzcfkgmn/Build/Intermediates.noindex/FinancialCalculatorKit.build/Debug/FinancialCalculatorKit-b796aaad08c4b307251b75ea7c01aae2-VFS/all-product-headers.yaml -Xcc -iquote -Xcc /Users/rogerlin/Library/Developer/Xcode/DerivedData/FinancialCalculatorKit-ackorybalcxbfocbkqsfdzcfkgmn/Build/Intermediates.noindex/FinancialCalculatorKit.build/Debug/FinancialCalculatorKit.build/FinancialCalculatorKit-project-headers.hmap -Xcc -I/Users/rogerlin/Library/Developer/Xcode/DerivedData/FinancialCalculatorKit-ackorybalcxbfocbkqsfdzcfkgmn/SourcePackages/checkouts/swift-numerics/Sources/_NumericsShims/include -Xcc -I/Users/rogerlin/Library/Developer/Xcode/DerivedData/FinancialCalculatorKit-ackorybalcxbfocbkqsfdzcfkgmn/Build/Products/Debug/include -Xcc -I/Users/rogerlin/Library/Developer/Xcode/DerivedData/FinancialCalculatorKit-ackorybalcxbfocbkqsfdzcfkgmn/Build/Intermediates.noindex/FinancialCalculatorKit.build/Debug/FinancialCalculatorKit.build/DerivedSources-normal/arm64 -Xcc -I/Users/rogerlin/Library/Developer/Xcode/DerivedData/FinancialCalculatorKit-ackorybalcxbfocbkqsfdzcfkgmn/Build/Intermediates.noindex/FinancialCalculatorKit.build/Debug/FinancialCalculatorKit.build/DerivedSources/arm64 -Xcc -I/Users/rogerlin/Library/Developer/Xcode/DerivedData/FinancialCalculatorKit-ackorybalcxbfocbkqsfdzcfkgmn/Build/Intermediates.noindex/FinancialCalculatorKit.build/Debug/FinancialCalculatorKit.build/DerivedSources -Xcc -DDEBUG\=1 -no-auto-bridging-header-chaining -module-name FinancialCalculatorKit -frontend-parseable-output -disable-clang-spi -target-sdk-version 26.1 -target-sdk-name macosx26.1 -clang-target arm64-apple-macos26.1 -in-process-plugin-server-path /Applications/Xcode.app/Contents/Developer/Toolchains/XcodeDefault.xctoolchain/usr/lib/swift/host/libSwiftInProcPluginServer.dylib -o /Users/rogerlin/Library/Developer/Xcode/DerivedData/FinancialCalculatorKit-ackorybalcxbfocbkqsfdzcfkgmn/Build/Intermediates.noindex/FinancialCalculatorKit.build/Debug/FinancialCalculatorKit.build/Objects-normal/arm64/DynamicInputSection.o -o /Users/rogerlin/Library/Developer/Xcode/DerivedData/FinancialCalculatorKit-ackorybalcxbfocbkqsfdzcfkgmn/Build/Intermediates.noindex/FinancialCalculatorKit.build/Debug/FinancialCalculatorKit.build/Objects-normal/arm64/EnhancedInputFields.o -index-unit-output-path /FinancialCalculatorKit.build/Debug/FinancialCalculatorKit.build/Objects-normal/arm64/DynamicInputSection.o -index-unit-output-path /FinancialCalculatorKit.build/Debug/FinancialCalculatorKit.build/Objects-normal/arm64/EnhancedInputFields.o -index-store-path /Users/rogerlin/Library/Developer/Xcode/DerivedData/FinancialCalculatorKit-ackorybalcxbfocbkqsfdzcfkgmn/Index.noindex/DataStore -index-system-modules

SwiftCompile normal arm64 /Users/rogerlin/XCode-Projects/FinancialCalculatorKit-5.0-updated-accent-colors/FinancialCalculatorKit/Views/Components/DynamicInputSection.swift (in target 'FinancialCalculatorKit' from project 'FinancialCalculatorKit')
    cd /Users/rogerlin/XCode-Projects/FinancialCalculatorKit-5.0-updated-accent-colors
    

SwiftCompile normal arm64 /Users/rogerlin/XCode-Projects/FinancialCalculatorKit-5.0-updated-accent-colors/FinancialCalculatorKit/Views/Components/EnhancedInputFields.swift (in target 'FinancialCalculatorKit' from project 'FinancialCalculatorKit')
    cd /Users/rogerlin/XCode-Projects/FinancialCalculatorKit-5.0-updated-accent-colors
    

SwiftCompile normal arm64 Compiling\ MathExpressionCalculatorView.swift,\ OptionsCalculatorView.swift /Users/rogerlin/XCode-Projects/FinancialCalculatorKit-5.0-updated-accent-colors/FinancialCalculatorKit/Views/Calculator/MathExpressionCalculatorView.swift /Users/rogerlin/XCode-Projects/FinancialCalculatorKit-5.0-updated-accent-colors/FinancialCalculatorKit/Views/Calculator/OptionsCalculatorView.swift (in target 'FinancialCalculatorKit' from project 'FinancialCalculatorKit')
/Applications/Xcode.app/Contents/Developer/Toolchains/XcodeDefault.xctoolchain/usr/bin/swift-frontend -frontend -c /Users/rogerlin/XCode-Projects/FinancialCalculatorKit-5.0-updated-accent-colors/FinancialCalculatorKit/Models/Bond/AdvancedBondModels.swift /Users/rogerlin/XCode-Projects/FinancialCalculatorKit-5.0-updated-accent-colors/FinancialCalculatorKit/Models/Bond/YieldCurveTypes.swift /Users/rogerlin/XCode-Projects/FinancialCalculatorKit-5.0-updated-accent-colors/FinancialCalculatorKit/Models/Calculation/BondCalculation.swift /Users/rogerlin/XCode-Projects/FinancialCalculatorKit-5.0-updated-accent-colors/FinancialCalculatorKit/Models/Calculation/CalculationMetadata.swift /Users/rogerlin/XCode-Projects/FinancialCalculatorKit-5.0-updated-accent-colors/FinancialCalculatorKit/Models/Calculation/DepreciationCalculation.swift /Users/rogerlin/XCode-Projects/FinancialCalculatorKit-5.0-updated-accent-colors/FinancialCalculatorKit/Models/Calculation/FinancialCalculation.swift /Users/rogerlin/XCode-Projects/FinancialCalculatorKit-5.0-updated-accent-colors/FinancialCalculatorKit/Models/Calculation/InvestmentCalculation.swift /Users/rogerlin/XCode-Projects/FinancialCalculatorKit-5.0-updated-accent-colors/FinancialCalculatorKit/Models/Calculation/LoanCalculation.swift /Users/rogerlin/XCode-Projects/FinancialCalculatorKit-5.0-updated-accent-colors/FinancialCalculatorKit/Models/Calculation/TimeValueCalculation.swift /Users/rogerlin/XCode-Projects/FinancialCalculatorKit-5.0-updated-accent-colors/FinancialCalculatorKit/Models/Enums/CalculationType.swift /Users/rogerlin/XCode-Projects/FinancialCalculatorKit-5.0-updated-accent-colors/FinancialCalculatorKit/Models/Enums/Currency.swift /Users/rogerlin/XCode-Projects/FinancialCalculatorKit-5.0-updated-accent-colors/FinancialCalculatorKit/Models/Enums/LoanType.swift /Users/rogerlin/XCode-Projects/FinancialCalculatorKit-5.0-updated-accent-colors/FinancialCalculatorKit/Models/Enums/PaymentFrequency.swift /Users/rogerlin/XCode-Projects/FinancialCalculatorKit-5.0-updated-accent-colors/FinancialCalculatorKit/Models/Enums/TimeValueVariable.swift /Users/rogerlin/XCode-Projects/FinancialCalculatorKit-5.0-updated-accent-colors/FinancialCalculatorKit/Models/Formula/FormulaReference.swift /Users/rogerlin/XCode-Projects/FinancialCalculatorKit-5.0-updated-accent-colors/FinancialCalculatorKit/Models/FRED/FREDModels.swift /Users/rogerlin/XCode-Projects/FinancialCalculatorKit-5.0-updated-accent-colors/FinancialCalculatorKit/Models/Options/AdvancedOptionsModels.swift /Users/rogerlin/XCode-Projects/FinancialCalculatorKit-5.0-updated-accent-colors/FinancialCalculatorKit/Models/ScientificCalculator/EquationDocument.swift /Users/rogerlin/XCode-Projects/FinancialCalculatorKit-5.0-updated-accent-colors/FinancialCalculatorKit/Models/ScientificCalculator/VariableStore.swift /Users/rogerlin/XCode-Projects/FinancialCalculatorKit-5.0-updated-accent-colors/FinancialCalculatorKit/Protocols/FinancialComputable.swift /Users/rogerlin/XCode-Projects/FinancialCalculatorKit-5.0-updated-accent-colors/FinancialCalculatorKit/Services/Bond/AdvancedBondPricingEngine.swift /Users/rogerlin/XCode-Projects/FinancialCalculatorKit-5.0-updated-accent-colors/FinancialCalculatorKit/Services/Options/AdvancedOptionsPricingEngine.swift /Users/rogerlin/XCode-Projects/FinancialCalculatorKit-5.0-updated-accent-colors/FinancialCalculatorKit/Services/AdvancedExpressionParser.swift /Users/rogerlin/XCode-Projects/FinancialCalculatorKit-5.0-updated-accent-colors/FinancialCalculatorKit/Services/AdvancedIRRCalculator.swift /Users/rogerlin/XCode-Projects/FinancialCalculatorKit-5.0-updated-accent-colors/FinancialCalculatorKit/Services/AdvancedMathFunctions.swift /Users/rogerlin/XCode-Projects/FinancialCalculatorKit-5.0-updated-accent-colors/FinancialCalculatorKit/Services/CalculationEngine.swift /Users/rogerlin/XCode-Projects/FinancialCalculatorKit-5.0-updated-accent-colors/FinancialCalculatorKit/Services/CSVHelper.swift /Users/rogerlin/XCode-Projects/FinancialCalculatorKit-5.0-updated-accent-colors/FinancialCalculatorKit/Services/CurrencyConversionService.swift /Users/rogerlin/XCode-Projects/FinancialCalculatorKit-5.0-updated-accent-colors/FinancialCalculatorKit/Services/ExchangeRateService.swift /Users/rogerlin/XCode-Projects/FinancialCalculatorKit-5.0-updated-accent-colors/FinancialCalculatorKit/Services/FinancialCalculator.swift /Users/rogerlin/XCode-Projects/FinancialCalculatorKit-5.0-updated-accent-colors/FinancialCalculatorKit/Services/FinancialValidation.swift /Users/rogerlin/XCode-Projects/FinancialCalculatorKit-5.0-updated-accent-colors/FinancialCalculatorKit/Services/FormulaAutoComplete.swift /Users/rogerlin/XCode-Projects/FinancialCalculatorKit-5.0-updated-accent-colors/FinancialCalculatorKit/Services/FREDService.swift /Users/rogerlin/XCode-Projects/FinancialCalculatorKit-5.0-updated-accent-colors/FinancialCalculatorKit/Services/HighPrecisionMath.swift /Users/rogerlin/XCode-Projects/FinancialCalculatorKit-5.0-updated-accent-colors/FinancialCalculatorKit/Services/HighPrecisionTestSuite.swift /Users/rogerlin/XCode-Projects/FinancialCalculatorKit-5.0-updated-accent-colors/FinancialCalculatorKit/Services/HighPrecisionValidation.swift /Users/rogerlin/XCode-Projects/FinancialCalculatorKit-5.0-updated-accent-colors/FinancialCalculatorKit/Services/TickerHistoryService.swift /Users/rogerlin/XCode-Projects/FinancialCalculatorKit-5.0-updated-accent-colors/FinancialCalculatorKit/Services/ValidationExtensions.swift /Users/rogerlin/XCode-Projects/FinancialCalculatorKit-5.0-updated-accent-colors/FinancialCalculatorKit/Services/ValidationService.swift /Users/rogerlin/XCode-Projects/FinancialCalculatorKit-5.0-updated-accent-colors/FinancialCalculatorKit/Services/ValidationTestSuite.swift /Users/rogerlin/XCode-Projects/FinancialCalculatorKit-5.0-updated-accent-colors/FinancialCalculatorKit/Utilities/Extensions/Date+Financial.swift /Users/rogerlin/XCode-Projects/FinancialCalculatorKit-5.0-updated-accent-colors/FinancialCalculatorKit/Utilities/Extensions/Double+Financial.swift /Users/rogerlin/XCode-Projects/FinancialCalculatorKit-5.0-updated-accent-colors/FinancialCalculatorKit/Utilities/CashFlowsTransformer.swift /Users/rogerlin/XCode-Projects/FinancialCalculatorKit-5.0-updated-accent-colors/FinancialCalculatorKit/Utilities/Formatters.swift /Users/rogerlin/XCode-Projects/FinancialCalculatorKit-5.0-updated-accent-colors/FinancialCalculatorKit/ViewHelpers/FormulaViewHelper.swift /Users/rogerlin/XCode-Projects/FinancialCalculatorKit-5.0-updated-accent-colors/FinancialCalculatorKit/ViewModels/MainViewModel.swift /Users/rogerlin/XCode-Projects/FinancialCalculatorKit-5.0-updated-accent-colors/FinancialCalculatorKit/Views/Calculator/AdvancedBondCalculatorView.swift /Users/rogerlin/XCode-Projects/FinancialCalculatorKit-5.0-updated-accent-colors/FinancialCalculatorKit/Views/Calculator/AmortizationView.swift /Users/rogerlin/XCode-Projects/FinancialCalculatorKit-5.0-updated-accent-colors/FinancialCalculatorKit/Views/Calculator/BondCalculatorView.swift /Users/rogerlin/XCode-Projects/FinancialCalculatorKit-5.0-updated-accent-colors/FinancialCalculatorKit/Views/Calculator/CompactCalculatorView.swift /Users/rogerlin/XCode-Projects/FinancialCalculatorKit-5.0-updated-accent-colors/FinancialCalculatorKit/Views/Calculator/CurrencyConverterView.swift /Users/rogerlin/XCode-Projects/FinancialCalculatorKit-5.0-updated-accent-colors/FinancialCalculatorKit/Views/Calculator/CustomScientificKeyboard.swift /Users/rogerlin/XCode-Projects/FinancialCalculatorKit-5.0-updated-accent-colors/FinancialCalculatorKit/Views/Calculator/DepreciationCalculatorView.swift /Users/rogerlin/XCode-Projects/FinancialCalculatorKit-5.0-updated-accent-colors/FinancialCalculatorKit/Views/Calculator/DocumentListView.swift /Users/rogerlin/XCode-Projects/FinancialCalculatorKit-5.0-updated-accent-colors/FinancialCalculatorKit/Views/Calculator/EquityValuationView.swift /Users/rogerlin/XCode-Projects/FinancialCalculatorKit-5.0-updated-accent-colors/FinancialCalculatorKit/Views/Calculator/FixedIncomeAnalyticsView.swift /Users/rogerlin/XCode-Projects/FinancialCalculatorKit-5.0-updated-accent-colors/FinancialCalculatorKit/Views/Calculator/FormulaLibraryView.swift /Users/rogerlin/XCode-Projects/FinancialCalculatorKit-5.0-updated-accent-colors/FinancialCalculatorKit/Views/Calculator/ForwardsCalculatorView.swift /Users/rogerlin/XCode-Projects/FinancialCalculatorKit-5.0-updated-accent-colors/FinancialCalculatorKit/Views/Calculator/FuturesCalculatorView.swift /Users/rogerlin/XCode-Projects/FinancialCalculatorKit-5.0-updated-accent-colors/FinancialCalculatorKit/Views/Calculator/FutureValueView.swift /Users/rogerlin/XCode-Projects/FinancialCalculatorKit-5.0-updated-accent-colors/FinancialCalculatorKit/Views/Calculator/HighPrecisionCalculatorView.swift /Users/rogerlin/XCode-Projects/FinancialCalculatorKit-5.0-updated-accent-colors/FinancialCalculatorKit/Views/Calculator/InvestmentCalculatorView.swift /Users/rogerlin/XCode-Projects/FinancialCalculatorKit-5.0-updated-accent-colors/FinancialCalculatorKit/Views/Calculator/LoanCalculatorView.swift /Users/rogerlin/XCode-Projects/FinancialCalculatorKit-5.0-updated-accent-colors/FinancialCalculatorKit/Views/Calculator/LoanResultView.swift -primary-file /Users/rogerlin/XCode-Projects/FinancialCalculatorKit-5.0-updated-accent-colors/FinancialCalculatorKit/Views/Calculator/MathExpressionCalculatorView.swift -primary-file /Users/rogerlin/XCode-Projects/FinancialCalculatorKit-5.0-updated-accent-colors/FinancialCalculatorKit/Views/Calculator/OptionsCalculatorView.swift /Users/rogerlin/XCode-Projects/FinancialCalculatorKit-5.0-updated-accent-colors/FinancialCalculatorKit/Views/Calculator/OptionsStrategiesView.swift /Users/rogerlin/XCode-Projects/FinancialCalculatorKit-5.0-updated-accent-colors/FinancialCalculatorKit/Views/Calculator/PlaceholderViews.swift /Users/rogerlin/XCode-Projects/FinancialCalculatorKit-5.0-updated-accent-colors/FinancialCalculatorKit/Views/Calculator/PortfolioOptimizationView.swift /Users/rogerlin/XCode-Projects/FinancialCalculatorKit-5.0-updated-accent-colors/FinancialCalculatorKit/Views/Calculator/PrecisionDemoView.swift /Users/rogerlin/XCode-Projects/FinancialCalculatorKit-5.0-updated-accent-colors/FinancialCalculatorKit/Views/Calculator/RiskManagementView.swift /Users/rogerlin/XCode-Projects/FinancialCalculatorKit-5.0-updated-accent-colors/FinancialCalculatorKit/Views/Calculator/ScientificCalculatorView.swift /Users/rogerlin/XCode-Projects/FinancialCalculatorKit-5.0-updated-accent-colors/FinancialCalculatorKit/Views/Calculator/SwapsCalculatorView.swift /Users/rogerlin/XCode-Projects/FinancialCalculatorKit-5.0-updated-accent-colors/FinancialCalculatorKit/Views/Calculator/TemplateViews.swift /Users/rogerlin/XCode-Projects/FinancialCalculatorKit-5.0-updated-accent-colors/FinancialCalculatorKit/Views/Calculator/TickerHistoryView.swift /Users/rogerlin/XCode-Projects/FinancialCalculatorKit-5.0-updated-accent-colors/FinancialCalculatorKit/Views/Calculator/TimeValueCalculatorView.swift /Users/rogerlin/XCode-Projects/FinancialCalculatorKit-5.0-updated-accent-colors/FinancialCalculatorKit/Views/Calculator/TimeValueResultView.swift /Users/rogerlin/XCode-Projects/FinancialCalculatorKit-5.0-updated-accent-colors/FinancialCalculatorKit/Views/Calculator/UnitConverterView.swift /Users/rogerlin/XCode-Projects/FinancialCalculatorKit-5.0-updated-accent-colors/FinancialCalculatorKit/Views/Calculator/VariableManagementView.swift /Users/rogerlin/XCode-Projects/FinancialCalculatorKit-5.0-updated-accent-colors/FinancialCalculatorKit/Views/Charts/FinancialChartView.swift /Users/rogerlin/XCode-Projects/FinancialCalculatorKit-5.0-updated-accent-colors/FinancialCalculatorKit/Views/Charts/InteractiveFinancialCharts.swift /Users/rogerlin/XCode-Projects/FinancialCalculatorKit-5.0-updated-accent-colors/FinancialCalculatorKit/Views/Components/DetailRow.swift /Users/rogerlin/XCode-Projects/FinancialCalculatorKit-5.0-updated-accent-colors/FinancialCalculatorKit/Views/Components/DynamicInputSection.swift /Users/rogerlin/XCode-Projects/FinancialCalculatorKit-5.0-updated-accent-colors/FinancialCalculatorKit/Views/Components/EnhancedInputFields.swift /Users/rogerlin/XCode-Projects/FinancialCalculatorKit-5.0-updated-accent-colors/FinancialCalculatorKit/Views/Components/FinancialStyles.swift /Users/rogerlin/XCode-Projects/FinancialCalculatorKit-5.0-updated-accent-colors/FinancialCalculatorKit/Views/Components/InputFieldView.swift /Users/rogerlin/XCode-Projects/FinancialCalculatorKit-5.0-updated-accent-colors/FinancialCalculatorKit/Views/Components/InteractiveDataTables.swift /Users/rogerlin/XCode-Projects/FinancialCalculatorKit-5.0-updated-accent-colors/FinancialCalculatorKit/Views/Components/LoadingResultView.swift /Users/rogerlin/XCode-Projects/FinancialCalculatorKit-5.0-updated-accent-colors/FinancialCalculatorKit/Views/Components/NumbersOnlyViewModifier.swift /Users/rogerlin/XCode-Projects/FinancialCalculatorKit-5.0-updated-accent-colors/FinancialCalculatorKit/Views/Components/ResultDisplayView.swift /Users/rogerlin/XCode-Projects/FinancialCalculatorKit-5.0-updated-accent-colors/FinancialCalculatorKit/Views/Components/StatusIndicator.swift /Users/rogerlin/XCode-Projects/FinancialCalculatorKit-5.0-updated-accent-colors/FinancialCalculatorKit/Views/Components/ValidationSummaryView.swift /Users/rogerlin/XCode-Projects/FinancialCalculatorKit-5.0-updated-accent-colors/FinancialCalculatorKit/Views/FRED/FREDDataView.swift /Users/rogerlin/XCode-Projects/FinancialCalculatorKit-5.0-updated-accent-colors/FinancialCalculatorKit/Views/Reference/FormulaReferenceView.swift /Users/rogerlin/XCode-Projects/FinancialCalculatorKit-5.0-updated-accent-colors/FinancialCalculatorKit/Views/Reference/FormulaVariableView.swift /Users/rogerlin/XCode-Projects/FinancialCalculatorKit-5.0-updated-accent-colors/FinancialCalculatorKit/Views/Reference/FormulaVariantView.swift /Users/rogerlin/XCode-Projects/FinancialCalculatorKit-5.0-updated-accent-colors/FinancialCalculatorKit/ContentView.swift /Users/rogerlin/XCode-Projects/FinancialCalculatorKit-5.0-updated-accent-colors/FinancialCalculatorKit/FinancialCalculatorKitApp.swift /Users/rogerlin/XCode-Projects/FinancialCalculatorKit-5.0-updated-accent-colors/FinancialCalculatorKit/Item.swift /Users/rogerlin/Library/Developer/Xcode/DerivedData/FinancialCalculatorKit-ackorybalcxbfocbkqsfdzcfkgmn/Build/Intermediates.noindex/FinancialCalculatorKit.build/Debug/FinancialCalculatorKit.build/DerivedSources/GeneratedAssetSymbols.swift -emit-dependencies-path /Users/rogerlin/Library/Developer/Xcode/DerivedData/FinancialCalculatorKit-ackorybalcxbfocbkqsfdzcfkgmn/Build/Intermediates.noindex/FinancialCalculatorKit.build/Debug/FinancialCalculatorKit.build/Objects-normal/arm64/MathExpressionCalculatorView.d -emit-const-values-path /Users/rogerlin/Library/Developer/Xcode/DerivedData/FinancialCalculatorKit-ackorybalcxbfocbkqsfdzcfkgmn/Build/Intermediates.noindex/FinancialCalculatorKit.build/Debug/FinancialCalculatorKit.build/Objects-normal/arm64/MathExpressionCalculatorView.swiftconstvalues -emit-reference-dependencies-path /Users/rogerlin/Library/Developer/Xcode/DerivedData/FinancialCalculatorKit-ackorybalcxbfocbkqsfdzcfkgmn/Build/Intermediates.noindex/FinancialCalculatorKit.build/Debug/FinancialCalculatorKit.build/Objects-normal/arm64/MathExpressionCalculatorView.swiftdeps -serialize-diagnostics-path /Users/rogerlin/Library/Developer/Xcode/DerivedData/FinancialCalculatorKit-ackorybalcxbfocbkqsfdzcfkgmn/Build/Intermediates.noindex/FinancialCalculatorKit.build/Debug/FinancialCalculatorKit.build/Objects-normal/arm64/MathExpressionCalculatorView.dia -emit-dependencies-path /Users/rogerlin/Library/Developer/Xcode/DerivedData/FinancialCalculatorKit-ackorybalcxbfocbkqsfdzcfkgmn/Build/Intermediates.noindex/FinancialCalculatorKit.build/Debug/FinancialCalculatorKit.build/Objects-normal/arm64/OptionsCalculatorView.d -emit-const-values-path /Users/rogerlin/Library/Developer/Xcode/DerivedData/FinancialCalculatorKit-ackorybalcxbfocbkqsfdzcfkgmn/Build/Intermediates.noindex/FinancialCalculatorKit.build/Debug/FinancialCalculatorKit.build/Objects-normal/arm64/OptionsCalculatorView.swiftconstvalues -emit-reference-dependencies-path /Users/rogerlin/Library/Developer/Xcode/DerivedData/FinancialCalculatorKit-ackorybalcxbfocbkqsfdzcfkgmn/Build/Intermediates.noindex/FinancialCalculatorKit.build/Debug/FinancialCalculatorKit.build/Objects-normal/arm64/OptionsCalculatorView.swiftdeps -serialize-diagnostics-path /Users/rogerlin/Library/Developer/Xcode/DerivedData/FinancialCalculatorKit-ackorybalcxbfocbkqsfdzcfkgmn/Build/Intermediates.noindex/FinancialCalculatorKit.build/Debug/FinancialCalculatorKit.build/Objects-normal/arm64/OptionsCalculatorView.dia -emit-localized-strings -emit-localized-strings-path /Users/rogerlin/Library/Developer/Xcode/DerivedData/FinancialCalculatorKit-ackorybalcxbfocbkqsfdzcfkgmn/Build/Intermediates.noindex/FinancialCalculatorKit.build/Debug/FinancialCalculatorKit.build/Objects-normal/arm64 -target arm64-apple-macos14.0 -module-can-import-version AppKit 2685.20.119 2685.20.119 -module-can-import-version DeveloperToolsSupport 23.0.4 23.0.4 -module-can-import-version SwiftUI 7.1.13.1 7.1.13 -disable-cross-import-overlay-search -swift-module-cross-import SwiftData /Applications/Xcode.app/Contents/Developer/Platforms/MacOSX.platform/Developer/SDKs/MacOSX26.1.sdk/System/Library/Frameworks/SwiftData.framework/Modules/SwiftData.swiftcrossimport/CoreData.swiftoverlay -swift-module-cross-import SwiftData /Applications/Xcode.app/Contents/Developer/Platforms/MacOSX.platform/Developer/SDKs/MacOSX26.1.sdk/System/Library/Frameworks/SwiftData.framework/Modules/SwiftData.swiftcrossimport/SwiftUI.swiftoverlay -load-resolved-plugin \#/Users/rogerlin/Library/Developer/Xcode/DerivedData/FinancialCalculatorKit-ackorybalcxbfocbkqsfdzcfkgmn/Build/Products/Debug/CasePathsMacros\#CasePathsMacros -load-resolved-plugin /Applications/Xcode.app/Contents/Developer/Platforms/MacOSX.platform/Developer/usr/lib/swift/host/plugins/libFoundationMacros.dylib\#/Applications/Xcode.app/Contents/Developer/Platforms/MacOSX.platform/Developer/usr/bin/swift-plugin-server\#FoundationMacros -load-resolved-plugin /Applications/Xcode.app/Contents/Developer/Platforms/MacOSX.platform/Developer/usr/lib/swift/host/plugins/libObservationMacros.dylib\#/Applications/Xcode.app/Contents/Developer/Platforms/MacOSX.platform/Developer/usr/bin/swift-plugin-server\#ObservationMacros -load-resolved-plugin /Applications/Xcode.app/Contents/Developer/Platforms/MacOSX.platform/Developer/usr/lib/swift/host/plugins/libPreviewsMacros.dylib\#/Applications/Xcode.app/Contents/Developer/Platforms/MacOSX.platform/Developer/usr/bin/swift-plugin-server\#PreviewsMacros -load-resolved-plugin /Applications/Xcode.app/Contents/Developer/Platforms/MacOSX.platform/Developer/usr/lib/swift/host/plugins/libSwiftDataMacros.dylib\#/Applications/Xcode.app/Contents/Developer/Platforms/MacOSX.platform/Developer/usr/bin/swift-plugin-server\#SwiftDataMacros -load-resolved-plugin /Applications/Xcode.app/Contents/Developer/Platforms/MacOSX.platform/Developer/usr/lib/swift/host/plugins/libSwiftMacros.dylib\#/Applications/Xcode.app/Contents/Developer/Platforms/MacOSX.platform/Developer/usr/bin/swift-plugin-server\#SwiftMacros -load-resolved-plugin /Applications/Xcode.app/Contents/Developer/Platforms/MacOSX.platform/Developer/usr/lib/swift/host/plugins/libSwiftUIMacros.dylib\#/Applications/Xcode.app/Contents/Developer/Platforms/MacOSX.platform/Developer/usr/bin/swift-plugin-server\#SwiftUIMacros -disable-implicit-swift-modules -Xcc -fno-implicit-modules -Xcc -fno-implicit-module-maps -explicit-swift-module-map-file /Users/rogerlin/Library/Developer/Xcode/DerivedData/FinancialCalculatorKit-ackorybalcxbfocbkqsfdzcfkgmn/Build/Intermediates.noindex/FinancialCalculatorKit.build/Debug/FinancialCalculatorKit.build/Objects-normal/arm64/FinancialCalculatorKit-dependencies-1.json -Xllvm -aarch64-use-tbi -enable-objc-interop -stack-check -sdk /Applications/Xcode.app/Contents/Developer/Platforms/MacOSX.platform/Developer/SDKs/MacOSX26.1.sdk -I /Users/rogerlin/Library/Developer/Xcode/DerivedData/FinancialCalculatorKit-ackorybalcxbfocbkqsfdzcfkgmn/Build/Products/Debug -F /Users/rogerlin/Library/Developer/Xcode/DerivedData/FinancialCalculatorKit-ackorybalcxbfocbkqsfdzcfkgmn/Build/Products/Debug/PackageFrameworks -F /Users/rogerlin/Library/Developer/Xcode/DerivedData/FinancialCalculatorKit-ackorybalcxbfocbkqsfdzcfkgmn/Build/Products/Debug/PackageFrameworks -F /Users/rogerlin/Library/Developer/Xcode/DerivedData/FinancialCalculatorKit-ackorybalcxbfocbkqsfdzcfkgmn/Build/Products/Debug/PackageFrameworks -F /Users/rogerlin/Library/Developer/Xcode/DerivedData/FinancialCalculatorKit-ackorybalcxbfocbkqsfdzcfkgmn/Build/Products/Debug/PackageFrameworks -F /Users/rogerlin/Library/Developer/Xcode/DerivedData/FinancialCalculatorKit-ackorybalcxbfocbkqsfdzcfkgmn/Build/Products/Debug/PackageFrameworks -F /Users/rogerlin/Library/Developer/Xcode/DerivedData/FinancialCalculatorKit-ackorybalcxbfocbkqsfdzcfkgmn/Build/Products/Debug/PackageFrameworks -F /Users/rogerlin/Library/Developer/Xcode/DerivedData/FinancialCalculatorKit-ackorybalcxbfocbkqsfdzcfkgmn/Build/Products/Debug/PackageFrameworks -F /Users/rogerlin/Library/Developer/Xcode/DerivedData/FinancialCalculatorKit-ackorybalcxbfocbkqsfdzcfkgmn/Build/Products/Debug/PackageFrameworks -F /Users/rogerlin/Library/Developer/Xcode/DerivedData/FinancialCalculatorKit-ackorybalcxbfocbkqsfdzcfkgmn/Build/Products/Debug/PackageFrameworks -F /Users/rogerlin/Library/Developer/Xcode/DerivedData/FinancialCalculatorKit-ackorybalcxbfocbkqsfdzcfkgmn/Build/Products/Debug/PackageFrameworks -F /Users/rogerlin/Library/Developer/Xcode/DerivedData/FinancialCalculatorKit-ackorybalcxbfocbkqsfdzcfkgmn/Build/Products/Debug/PackageFrameworks -F /Users/rogerlin/Library/Developer/Xcode/DerivedData/FinancialCalculatorKit-ackorybalcxbfocbkqsfdzcfkgmn/Build/Products/Debug/PackageFrameworks -F /Users/rogerlin/Library/Developer/Xcode/DerivedData/FinancialCalculatorKit-ackorybalcxbfocbkqsfdzcfkgmn/Build/Products/Debug/PackageFrameworks -F /Users/rogerlin/Library/Developer/Xcode/DerivedData/FinancialCalculatorKit-ackorybalcxbfocbkqsfdzcfkgmn/Build/Products/Debug/PackageFrameworks -F /Users/rogerlin/Library/Developer/Xcode/DerivedData/FinancialCalculatorKit-ackorybalcxbfocbkqsfdzcfkgmn/Build/Products/Debug/PackageFrameworks -F /Users/rogerlin/Library/Developer/Xcode/DerivedData/FinancialCalculatorKit-ackorybalcxbfocbkqsfdzcfkgmn/Build/Products/Debug/PackageFrameworks -F /Users/rogerlin/Library/Developer/Xcode/DerivedData/FinancialCalculatorKit-ackorybalcxbfocbkqsfdzcfkgmn/Build/Products/Debug/PackageFrameworks -F /Users/rogerlin/Library/Developer/Xcode/DerivedData/FinancialCalculatorKit-ackorybalcxbfocbkqsfdzcfkgmn/Build/Products/Debug/PackageFrameworks -F /Users/rogerlin/Library/Developer/Xcode/DerivedData/FinancialCalculatorKit-ackorybalcxbfocbkqsfdzcfkgmn/Build/Products/Debug/PackageFrameworks -F /Users/rogerlin/Library/Developer/Xcode/DerivedData/FinancialCalculatorKit-ackorybalcxbfocbkqsfdzcfkgmn/Build/Products/Debug -no-color-diagnostics -Xcc -fno-color-diagnostics -enable-testing -g -debug-info-format\=dwarf -dwarf-version\=4 -module-cache-path /Users/rogerlin/Library/Developer/Xcode/DerivedData/FinancialCalculatorKit-ackorybalcxbfocbkqsfdzcfkgmn/Build/Intermediates.noindex/SwiftExplicitPrecompiledModules -profile-generate -profile-coverage-mapping -swift-version 5 -enforce-exclusivity\=checked -Onone -D DEBUG -serialize-debugging-options -load-plugin-executable /Users/rogerlin/Library/Developer/Xcode/DerivedData/FinancialCalculatorKit-ackorybalcxbfocbkqsfdzcfkgmn/Build/Products/Debug/CasePathsMacros\#CasePathsMacros -const-gather-protocols-file /Users/rogerlin/Library/Developer/Xcode/DerivedData/FinancialCalculatorKit-ackorybalcxbfocbkqsfdzcfkgmn/Build/Intermediates.noindex/FinancialCalculatorKit.build/Debug/FinancialCalculatorKit.build/Objects-normal/arm64/FinancialCalculatorKit_const_extract_protocols.json -enable-experimental-feature DebugDescriptionMacro -enable-bare-slash-regex -empty-abi-descriptor -validate-clang-modules-once -clang-build-session-file /Users/rogerlin/Library/Developer/Xcode/DerivedData/ModuleCache.noindex/Session.modulevalidation -Xcc -working-directory -Xcc /Users/rogerlin/XCode-Projects/FinancialCalculatorKit-5.0-updated-accent-colors -enable-anonymous-context-mangled-names -file-compilation-dir /Users/rogerlin/XCode-Projects/FinancialCalculatorKit-5.0-updated-accent-colors -Xcc -D_LIBCPP_HARDENING_MODE\=_LIBCPP_HARDENING_MODE_DEBUG -Xcc -ivfsstatcache -Xcc /Users/rogerlin/Library/Developer/Xcode/DerivedData/SDKStatCaches.noindex/macosx26.1-25B74-3ae1261907bdadc328169391a47051a6.sdkstatcache -Xcc -I/Users/rogerlin/Library/Developer/Xcode/DerivedData/FinancialCalculatorKit-ackorybalcxbfocbkqsfdzcfkgmn/Build/Intermediates.noindex/FinancialCalculatorKit.build/Debug/FinancialCalculatorKit.build/swift-overrides.hmap -Xcc -iquote -Xcc /Users/rogerlin/Library/Developer/Xcode/DerivedData/FinancialCalculatorKit-ackorybalcxbfocbkqsfdzcfkgmn/Build/Intermediates.noindex/FinancialCalculatorKit.build/Debug/FinancialCalculatorKit.build/FinancialCalculatorKit-generated-files.hmap -Xcc -I/Users/rogerlin/Library/Developer/Xcode/DerivedData/FinancialCalculatorKit-ackorybalcxbfocbkqsfdzcfkgmn/Build/Intermediates.noindex/FinancialCalculatorKit.build/Debug/FinancialCalculatorKit.build/FinancialCalculatorKit-own-target-headers.hmap -Xcc -I/Users/rogerlin/Library/Developer/Xcode/DerivedData/FinancialCalculatorKit-ackorybalcxbfocbkqsfdzcfkgmn/Build/Intermediates.noindex/FinancialCalculatorKit.build/Debug/FinancialCalculatorKit.build/FinancialCalculatorKit-all-non-framework-target-headers.hmap -Xcc -ivfsoverlay -Xcc /Users/rogerlin/Library/Developer/Xcode/DerivedData/FinancialCalculatorKit-ackorybalcxbfocbkqsfdzcfkgmn/Build/Intermediates.noindex/FinancialCalculatorKit.build/Debug/FinancialCalculatorKit-b796aaad08c4b307251b75ea7c01aae2-VFS/all-product-headers.yaml -Xcc -iquote -Xcc /Users/rogerlin/Library/Developer/Xcode/DerivedData/FinancialCalculatorKit-ackorybalcxbfocbkqsfdzcfkgmn/Build/Intermediates.noindex/FinancialCalculatorKit.build/Debug/FinancialCalculatorKit.build/FinancialCalculatorKit-project-headers.hmap -Xcc -I/Users/rogerlin/Library/Developer/Xcode/DerivedData/FinancialCalculatorKit-ackorybalcxbfocbkqsfdzcfkgmn/SourcePackages/checkouts/swift-numerics/Sources/_NumericsShims/include -Xcc -I/Users/rogerlin/Library/Developer/Xcode/DerivedData/FinancialCalculatorKit-ackorybalcxbfocbkqsfdzcfkgmn/Build/Products/Debug/include -Xcc -I/Users/rogerlin/Library/Developer/Xcode/DerivedData/FinancialCalculatorKit-ackorybalcxbfocbkqsfdzcfkgmn/Build/Intermediates.noindex/FinancialCalculatorKit.build/Debug/FinancialCalculatorKit.build/DerivedSources-normal/arm64 -Xcc -I/Users/rogerlin/Library/Developer/Xcode/DerivedData/FinancialCalculatorKit-ackorybalcxbfocbkqsfdzcfkgmn/Build/Intermediates.noindex/FinancialCalculatorKit.build/Debug/FinancialCalculatorKit.build/DerivedSources/arm64 -Xcc -I/Users/rogerlin/Library/Developer/Xcode/DerivedData/FinancialCalculatorKit-ackorybalcxbfocbkqsfdzcfkgmn/Build/Intermediates.noindex/FinancialCalculatorKit.build/Debug/FinancialCalculatorKit.build/DerivedSources -Xcc -DDEBUG\=1 -no-auto-bridging-header-chaining -module-name FinancialCalculatorKit -frontend-parseable-output -disable-clang-spi -target-sdk-version 26.1 -target-sdk-name macosx26.1 -clang-target arm64-apple-macos26.1 -in-process-plugin-server-path /Applications/Xcode.app/Contents/Developer/Toolchains/XcodeDefault.xctoolchain/usr/lib/swift/host/libSwiftInProcPluginServer.dylib -o /Users/rogerlin/Library/Developer/Xcode/DerivedData/FinancialCalculatorKit-ackorybalcxbfocbkqsfdzcfkgmn/Build/Intermediates.noindex/FinancialCalculatorKit.build/Debug/FinancialCalculatorKit.build/Objects-normal/arm64/MathExpressionCalculatorView.o -o /Users/rogerlin/Library/Developer/Xcode/DerivedData/FinancialCalculatorKit-ackorybalcxbfocbkqsfdzcfkgmn/Build/Intermediates.noindex/FinancialCalculatorKit.build/Debug/FinancialCalculatorKit.build/Objects-normal/arm64/OptionsCalculatorView.o -index-unit-output-path /FinancialCalculatorKit.build/Debug/FinancialCalculatorKit.build/Objects-normal/arm64/MathExpressionCalculatorView.o -index-unit-output-path /FinancialCalculatorKit.build/Debug/FinancialCalculatorKit.build/Objects-normal/arm64/OptionsCalculatorView.o -index-store-path /Users/rogerlin/Library/Developer/Xcode/DerivedData/FinancialCalculatorKit-ackorybalcxbfocbkqsfdzcfkgmn/Index.noindex/DataStore -index-system-modules

SwiftCompile normal arm64 /Users/rogerlin/XCode-Projects/FinancialCalculatorKit-5.0-updated-accent-colors/FinancialCalculatorKit/Views/Calculator/MathExpressionCalculatorView.swift (in target 'FinancialCalculatorKit' from project 'FinancialCalculatorKit')
    cd /Users/rogerlin/XCode-Projects/FinancialCalculatorKit-5.0-updated-accent-colors
    

SwiftCompile normal arm64 /Users/rogerlin/XCode-Projects/FinancialCalculatorKit-5.0-updated-accent-colors/FinancialCalculatorKit/Views/Calculator/OptionsCalculatorView.swift (in target 'FinancialCalculatorKit' from project 'FinancialCalculatorKit')
    cd /Users/rogerlin/XCode-Projects/FinancialCalculatorKit-5.0-updated-accent-colors
    

SwiftCompile normal arm64 Compiling\ NumbersOnlyViewModifier.swift,\ ResultDisplayView.swift /Users/rogerlin/XCode-Projects/FinancialCalculatorKit-5.0-updated-accent-colors/FinancialCalculatorKit/Views/Components/NumbersOnlyViewModifier.swift /Users/rogerlin/XCode-Projects/FinancialCalculatorKit-5.0-updated-accent-colors/FinancialCalculatorKit/Views/Components/ResultDisplayView.swift (in target 'FinancialCalculatorKit' from project 'FinancialCalculatorKit')
/Applications/Xcode.app/Contents/Developer/Toolchains/XcodeDefault.xctoolchain/usr/bin/swift-frontend -frontend -c /Users/rogerlin/XCode-Projects/FinancialCalculatorKit-5.0-updated-accent-colors/FinancialCalculatorKit/Models/Bond/AdvancedBondModels.swift /Users/rogerlin/XCode-Projects/FinancialCalculatorKit-5.0-updated-accent-colors/FinancialCalculatorKit/Models/Bond/YieldCurveTypes.swift /Users/rogerlin/XCode-Projects/FinancialCalculatorKit-5.0-updated-accent-colors/FinancialCalculatorKit/Models/Calculation/BondCalculation.swift /Users/rogerlin/XCode-Projects/FinancialCalculatorKit-5.0-updated-accent-colors/FinancialCalculatorKit/Models/Calculation/CalculationMetadata.swift /Users/rogerlin/XCode-Projects/FinancialCalculatorKit-5.0-updated-accent-colors/FinancialCalculatorKit/Models/Calculation/DepreciationCalculation.swift /Users/rogerlin/XCode-Projects/FinancialCalculatorKit-5.0-updated-accent-colors/FinancialCalculatorKit/Models/Calculation/FinancialCalculation.swift /Users/rogerlin/XCode-Projects/FinancialCalculatorKit-5.0-updated-accent-colors/FinancialCalculatorKit/Models/Calculation/InvestmentCalculation.swift /Users/rogerlin/XCode-Projects/FinancialCalculatorKit-5.0-updated-accent-colors/FinancialCalculatorKit/Models/Calculation/LoanCalculation.swift /Users/rogerlin/XCode-Projects/FinancialCalculatorKit-5.0-updated-accent-colors/FinancialCalculatorKit/Models/Calculation/TimeValueCalculation.swift /Users/rogerlin/XCode-Projects/FinancialCalculatorKit-5.0-updated-accent-colors/FinancialCalculatorKit/Models/Enums/CalculationType.swift /Users/rogerlin/XCode-Projects/FinancialCalculatorKit-5.0-updated-accent-colors/FinancialCalculatorKit/Models/Enums/Currency.swift /Users/rogerlin/XCode-Projects/FinancialCalculatorKit-5.0-updated-accent-colors/FinancialCalculatorKit/Models/Enums/LoanType.swift /Users/rogerlin/XCode-Projects/FinancialCalculatorKit-5.0-updated-accent-colors/FinancialCalculatorKit/Models/Enums/PaymentFrequency.swift /Users/rogerlin/XCode-Projects/FinancialCalculatorKit-5.0-updated-accent-colors/FinancialCalculatorKit/Models/Enums/TimeValueVariable.swift /Users/rogerlin/XCode-Projects/FinancialCalculatorKit-5.0-updated-accent-colors/FinancialCalculatorKit/Models/Formula/FormulaReference.swift /Users/rogerlin/XCode-Projects/FinancialCalculatorKit-5.0-updated-accent-colors/FinancialCalculatorKit/Models/FRED/FREDModels.swift /Users/rogerlin/XCode-Projects/FinancialCalculatorKit-5.0-updated-accent-colors/FinancialCalculatorKit/Models/Options/AdvancedOptionsModels.swift /Users/rogerlin/XCode-Projects/FinancialCalculatorKit-5.0-updated-accent-colors/FinancialCalculatorKit/Models/ScientificCalculator/EquationDocument.swift /Users/rogerlin/XCode-Projects/FinancialCalculatorKit-5.0-updated-accent-colors/FinancialCalculatorKit/Models/ScientificCalculator/VariableStore.swift /Users/rogerlin/XCode-Projects/FinancialCalculatorKit-5.0-updated-accent-colors/FinancialCalculatorKit/Protocols/FinancialComputable.swift /Users/rogerlin/XCode-Projects/FinancialCalculatorKit-5.0-updated-accent-colors/FinancialCalculatorKit/Services/Bond/AdvancedBondPricingEngine.swift /Users/rogerlin/XCode-Projects/FinancialCalculatorKit-5.0-updated-accent-colors/FinancialCalculatorKit/Services/Options/AdvancedOptionsPricingEngine.swift /Users/rogerlin/XCode-Projects/FinancialCalculatorKit-5.0-updated-accent-colors/FinancialCalculatorKit/Services/AdvancedExpressionParser.swift /Users/rogerlin/XCode-Projects/FinancialCalculatorKit-5.0-updated-accent-colors/FinancialCalculatorKit/Services/AdvancedIRRCalculator.swift /Users/rogerlin/XCode-Projects/FinancialCalculatorKit-5.0-updated-accent-colors/FinancialCalculatorKit/Services/AdvancedMathFunctions.swift /Users/rogerlin/XCode-Projects/FinancialCalculatorKit-5.0-updated-accent-colors/FinancialCalculatorKit/Services/CalculationEngine.swift /Users/rogerlin/XCode-Projects/FinancialCalculatorKit-5.0-updated-accent-colors/FinancialCalculatorKit/Services/CSVHelper.swift /Users/rogerlin/XCode-Projects/FinancialCalculatorKit-5.0-updated-accent-colors/FinancialCalculatorKit/Services/CurrencyConversionService.swift /Users/rogerlin/XCode-Projects/FinancialCalculatorKit-5.0-updated-accent-colors/FinancialCalculatorKit/Services/ExchangeRateService.swift /Users/rogerlin/XCode-Projects/FinancialCalculatorKit-5.0-updated-accent-colors/FinancialCalculatorKit/Services/FinancialCalculator.swift /Users/rogerlin/XCode-Projects/FinancialCalculatorKit-5.0-updated-accent-colors/FinancialCalculatorKit/Services/FinancialValidation.swift /Users/rogerlin/XCode-Projects/FinancialCalculatorKit-5.0-updated-accent-colors/FinancialCalculatorKit/Services/FormulaAutoComplete.swift /Users/rogerlin/XCode-Projects/FinancialCalculatorKit-5.0-updated-accent-colors/FinancialCalculatorKit/Services/FREDService.swift /Users/rogerlin/XCode-Projects/FinancialCalculatorKit-5.0-updated-accent-colors/FinancialCalculatorKit/Services/HighPrecisionMath.swift /Users/rogerlin/XCode-Projects/FinancialCalculatorKit-5.0-updated-accent-colors/FinancialCalculatorKit/Services/HighPrecisionTestSuite.swift /Users/rogerlin/XCode-Projects/FinancialCalculatorKit-5.0-updated-accent-colors/FinancialCalculatorKit/Services/HighPrecisionValidation.swift /Users/rogerlin/XCode-Projects/FinancialCalculatorKit-5.0-updated-accent-colors/FinancialCalculatorKit/Services/TickerHistoryService.swift /Users/rogerlin/XCode-Projects/FinancialCalculatorKit-5.0-updated-accent-colors/FinancialCalculatorKit/Services/ValidationExtensions.swift /Users/rogerlin/XCode-Projects/FinancialCalculatorKit-5.0-updated-accent-colors/FinancialCalculatorKit/Services/ValidationService.swift /Users/rogerlin/XCode-Projects/FinancialCalculatorKit-5.0-updated-accent-colors/FinancialCalculatorKit/Services/ValidationTestSuite.swift /Users/rogerlin/XCode-Projects/FinancialCalculatorKit-5.0-updated-accent-colors/FinancialCalculatorKit/Utilities/Extensions/Date+Financial.swift /Users/rogerlin/XCode-Projects/FinancialCalculatorKit-5.0-updated-accent-colors/FinancialCalculatorKit/Utilities/Extensions/Double+Financial.swift /Users/rogerlin/XCode-Projects/FinancialCalculatorKit-5.0-updated-accent-colors/FinancialCalculatorKit/Utilities/CashFlowsTransformer.swift /Users/rogerlin/XCode-Projects/FinancialCalculatorKit-5.0-updated-accent-colors/FinancialCalculatorKit/Utilities/Formatters.swift /Users/rogerlin/XCode-Projects/FinancialCalculatorKit-5.0-updated-accent-colors/FinancialCalculatorKit/ViewHelpers/FormulaViewHelper.swift /Users/rogerlin/XCode-Projects/FinancialCalculatorKit-5.0-updated-accent-colors/FinancialCalculatorKit/ViewModels/MainViewModel.swift /Users/rogerlin/XCode-Projects/FinancialCalculatorKit-5.0-updated-accent-colors/FinancialCalculatorKit/Views/Calculator/AdvancedBondCalculatorView.swift /Users/rogerlin/XCode-Projects/FinancialCalculatorKit-5.0-updated-accent-colors/FinancialCalculatorKit/Views/Calculator/AmortizationView.swift /Users/rogerlin/XCode-Projects/FinancialCalculatorKit-5.0-updated-accent-colors/FinancialCalculatorKit/Views/Calculator/BondCalculatorView.swift /Users/rogerlin/XCode-Projects/FinancialCalculatorKit-5.0-updated-accent-colors/FinancialCalculatorKit/Views/Calculator/CompactCalculatorView.swift /Users/rogerlin/XCode-Projects/FinancialCalculatorKit-5.0-updated-accent-colors/FinancialCalculatorKit/Views/Calculator/CurrencyConverterView.swift /Users/rogerlin/XCode-Projects/FinancialCalculatorKit-5.0-updated-accent-colors/FinancialCalculatorKit/Views/Calculator/CustomScientificKeyboard.swift /Users/rogerlin/XCode-Projects/FinancialCalculatorKit-5.0-updated-accent-colors/FinancialCalculatorKit/Views/Calculator/DepreciationCalculatorView.swift /Users/rogerlin/XCode-Projects/FinancialCalculatorKit-5.0-updated-accent-colors/FinancialCalculatorKit/Views/Calculator/DocumentListView.swift /Users/rogerlin/XCode-Projects/FinancialCalculatorKit-5.0-updated-accent-colors/FinancialCalculatorKit/Views/Calculator/EquityValuationView.swift /Users/rogerlin/XCode-Projects/FinancialCalculatorKit-5.0-updated-accent-colors/FinancialCalculatorKit/Views/Calculator/FixedIncomeAnalyticsView.swift /Users/rogerlin/XCode-Projects/FinancialCalculatorKit-5.0-updated-accent-colors/FinancialCalculatorKit/Views/Calculator/FormulaLibraryView.swift /Users/rogerlin/XCode-Projects/FinancialCalculatorKit-5.0-updated-accent-colors/FinancialCalculatorKit/Views/Calculator/ForwardsCalculatorView.swift /Users/rogerlin/XCode-Projects/FinancialCalculatorKit-5.0-updated-accent-colors/FinancialCalculatorKit/Views/Calculator/FuturesCalculatorView.swift /Users/rogerlin/XCode-Projects/FinancialCalculatorKit-5.0-updated-accent-colors/FinancialCalculatorKit/Views/Calculator/FutureValueView.swift /Users/rogerlin/XCode-Projects/FinancialCalculatorKit-5.0-updated-accent-colors/FinancialCalculatorKit/Views/Calculator/HighPrecisionCalculatorView.swift /Users/rogerlin/XCode-Projects/FinancialCalculatorKit-5.0-updated-accent-colors/FinancialCalculatorKit/Views/Calculator/InvestmentCalculatorView.swift /Users/rogerlin/XCode-Projects/FinancialCalculatorKit-5.0-updated-accent-colors/FinancialCalculatorKit/Views/Calculator/LoanCalculatorView.swift /Users/rogerlin/XCode-Projects/FinancialCalculatorKit-5.0-updated-accent-colors/FinancialCalculatorKit/Views/Calculator/LoanResultView.swift /Users/rogerlin/XCode-Projects/FinancialCalculatorKit-5.0-updated-accent-colors/FinancialCalculatorKit/Views/Calculator/MathExpressionCalculatorView.swift /Users/rogerlin/XCode-Projects/FinancialCalculatorKit-5.0-updated-accent-colors/FinancialCalculatorKit/Views/Calculator/OptionsCalculatorView.swift /Users/rogerlin/XCode-Projects/FinancialCalculatorKit-5.0-updated-accent-colors/FinancialCalculatorKit/Views/Calculator/OptionsStrategiesView.swift /Users/rogerlin/XCode-Projects/FinancialCalculatorKit-5.0-updated-accent-colors/FinancialCalculatorKit/Views/Calculator/PlaceholderViews.swift /Users/rogerlin/XCode-Projects/FinancialCalculatorKit-5.0-updated-accent-colors/FinancialCalculatorKit/Views/Calculator/PortfolioOptimizationView.swift /Users/rogerlin/XCode-Projects/FinancialCalculatorKit-5.0-updated-accent-colors/FinancialCalculatorKit/Views/Calculator/PrecisionDemoView.swift /Users/rogerlin/XCode-Projects/FinancialCalculatorKit-5.0-updated-accent-colors/FinancialCalculatorKit/Views/Calculator/RiskManagementView.swift /Users/rogerlin/XCode-Projects/FinancialCalculatorKit-5.0-updated-accent-colors/FinancialCalculatorKit/Views/Calculator/ScientificCalculatorView.swift /Users/rogerlin/XCode-Projects/FinancialCalculatorKit-5.0-updated-accent-colors/FinancialCalculatorKit/Views/Calculator/SwapsCalculatorView.swift /Users/rogerlin/XCode-Projects/FinancialCalculatorKit-5.0-updated-accent-colors/FinancialCalculatorKit/Views/Calculator/TemplateViews.swift /Users/rogerlin/XCode-Projects/FinancialCalculatorKit-5.0-updated-accent-colors/FinancialCalculatorKit/Views/Calculator/TickerHistoryView.swift /Users/rogerlin/XCode-Projects/FinancialCalculatorKit-5.0-updated-accent-colors/FinancialCalculatorKit/Views/Calculator/TimeValueCalculatorView.swift /Users/rogerlin/XCode-Projects/FinancialCalculatorKit-5.0-updated-accent-colors/FinancialCalculatorKit/Views/Calculator/TimeValueResultView.swift /Users/rogerlin/XCode-Projects/FinancialCalculatorKit-5.0-updated-accent-colors/FinancialCalculatorKit/Views/Calculator/UnitConverterView.swift /Users/rogerlin/XCode-Projects/FinancialCalculatorKit-5.0-updated-accent-colors/FinancialCalculatorKit/Views/Calculator/VariableManagementView.swift /Users/rogerlin/XCode-Projects/FinancialCalculatorKit-5.0-updated-accent-colors/FinancialCalculatorKit/Views/Charts/FinancialChartView.swift /Users/rogerlin/XCode-Projects/FinancialCalculatorKit-5.0-updated-accent-colors/FinancialCalculatorKit/Views/Charts/InteractiveFinancialCharts.swift /Users/rogerlin/XCode-Projects/FinancialCalculatorKit-5.0-updated-accent-colors/FinancialCalculatorKit/Views/Components/DetailRow.swift /Users/rogerlin/XCode-Projects/FinancialCalculatorKit-5.0-updated-accent-colors/FinancialCalculatorKit/Views/Components/DynamicInputSection.swift /Users/rogerlin/XCode-Projects/FinancialCalculatorKit-5.0-updated-accent-colors/FinancialCalculatorKit/Views/Components/EnhancedInputFields.swift /Users/rogerlin/XCode-Projects/FinancialCalculatorKit-5.0-updated-accent-colors/FinancialCalculatorKit/Views/Components/FinancialStyles.swift /Users/rogerlin/XCode-Projects/FinancialCalculatorKit-5.0-updated-accent-colors/FinancialCalculatorKit/Views/Components/InputFieldView.swift /Users/rogerlin/XCode-Projects/FinancialCalculatorKit-5.0-updated-accent-colors/FinancialCalculatorKit/Views/Components/InteractiveDataTables.swift /Users/rogerlin/XCode-Projects/FinancialCalculatorKit-5.0-updated-accent-colors/FinancialCalculatorKit/Views/Components/LoadingResultView.swift -primary-file /Users/rogerlin/XCode-Projects/FinancialCalculatorKit-5.0-updated-accent-colors/FinancialCalculatorKit/Views/Components/NumbersOnlyViewModifier.swift -primary-file /Users/rogerlin/XCode-Projects/FinancialCalculatorKit-5.0-updated-accent-colors/FinancialCalculatorKit/Views/Components/ResultDisplayView.swift /Users/rogerlin/XCode-Projects/FinancialCalculatorKit-5.0-updated-accent-colors/FinancialCalculatorKit/Views/Components/StatusIndicator.swift /Users/rogerlin/XCode-Projects/FinancialCalculatorKit-5.0-updated-accent-colors/FinancialCalculatorKit/Views/Components/ValidationSummaryView.swift /Users/rogerlin/XCode-Projects/FinancialCalculatorKit-5.0-updated-accent-colors/FinancialCalculatorKit/Views/FRED/FREDDataView.swift /Users/rogerlin/XCode-Projects/FinancialCalculatorKit-5.0-updated-accent-colors/FinancialCalculatorKit/Views/Reference/FormulaReferenceView.swift /Users/rogerlin/XCode-Projects/FinancialCalculatorKit-5.0-updated-accent-colors/FinancialCalculatorKit/Views/Reference/FormulaVariableView.swift /Users/rogerlin/XCode-Projects/FinancialCalculatorKit-5.0-updated-accent-colors/FinancialCalculatorKit/Views/Reference/FormulaVariantView.swift /Users/rogerlin/XCode-Projects/FinancialCalculatorKit-5.0-updated-accent-colors/FinancialCalculatorKit/ContentView.swift /Users/rogerlin/XCode-Projects/FinancialCalculatorKit-5.0-updated-accent-colors/FinancialCalculatorKit/FinancialCalculatorKitApp.swift /Users/rogerlin/XCode-Projects/FinancialCalculatorKit-5.0-updated-accent-colors/FinancialCalculatorKit/Item.swift /Users/rogerlin/Library/Developer/Xcode/DerivedData/FinancialCalculatorKit-ackorybalcxbfocbkqsfdzcfkgmn/Build/Intermediates.noindex/FinancialCalculatorKit.build/Debug/FinancialCalculatorKit.build/DerivedSources/GeneratedAssetSymbols.swift -emit-dependencies-path /Users/rogerlin/Library/Developer/Xcode/DerivedData/FinancialCalculatorKit-ackorybalcxbfocbkqsfdzcfkgmn/Build/Intermediates.noindex/FinancialCalculatorKit.build/Debug/FinancialCalculatorKit.build/Objects-normal/arm64/NumbersOnlyViewModifier.d -emit-const-values-path /Users/rogerlin/Library/Developer/Xcode/DerivedData/FinancialCalculatorKit-ackorybalcxbfocbkqsfdzcfkgmn/Build/Intermediates.noindex/FinancialCalculatorKit.build/Debug/FinancialCalculatorKit.build/Objects-normal/arm64/NumbersOnlyViewModifier.swiftconstvalues -emit-reference-dependencies-path /Users/rogerlin/Library/Developer/Xcode/DerivedData/FinancialCalculatorKit-ackorybalcxbfocbkqsfdzcfkgmn/Build/Intermediates.noindex/FinancialCalculatorKit.build/Debug/FinancialCalculatorKit.build/Objects-normal/arm64/NumbersOnlyViewModifier.swiftdeps -serialize-diagnostics-path /Users/rogerlin/Library/Developer/Xcode/DerivedData/FinancialCalculatorKit-ackorybalcxbfocbkqsfdzcfkgmn/Build/Intermediates.noindex/FinancialCalculatorKit.build/Debug/FinancialCalculatorKit.build/Objects-normal/arm64/NumbersOnlyViewModifier.dia -emit-dependencies-path /Users/rogerlin/Library/Developer/Xcode/DerivedData/FinancialCalculatorKit-ackorybalcxbfocbkqsfdzcfkgmn/Build/Intermediates.noindex/FinancialCalculatorKit.build/Debug/FinancialCalculatorKit.build/Objects-normal/arm64/ResultDisplayView.d -emit-const-values-path /Users/rogerlin/Library/Developer/Xcode/DerivedData/FinancialCalculatorKit-ackorybalcxbfocbkqsfdzcfkgmn/Build/Intermediates.noindex/FinancialCalculatorKit.build/Debug/FinancialCalculatorKit.build/Objects-normal/arm64/ResultDisplayView.swiftconstvalues -emit-reference-dependencies-path /Users/rogerlin/Library/Developer/Xcode/DerivedData/FinancialCalculatorKit-ackorybalcxbfocbkqsfdzcfkgmn/Build/Intermediates.noindex/FinancialCalculatorKit.build/Debug/FinancialCalculatorKit.build/Objects-normal/arm64/ResultDisplayView.swiftdeps -serialize-diagnostics-path /Users/rogerlin/Library/Developer/Xcode/DerivedData/FinancialCalculatorKit-ackorybalcxbfocbkqsfdzcfkgmn/Build/Intermediates.noindex/FinancialCalculatorKit.build/Debug/FinancialCalculatorKit.build/Objects-normal/arm64/ResultDisplayView.dia -emit-localized-strings -emit-localized-strings-path /Users/rogerlin/Library/Developer/Xcode/DerivedData/FinancialCalculatorKit-ackorybalcxbfocbkqsfdzcfkgmn/Build/Intermediates.noindex/FinancialCalculatorKit.build/Debug/FinancialCalculatorKit.build/Objects-normal/arm64 -target arm64-apple-macos14.0 -module-can-import-version AppKit 2685.20.119 2685.20.119 -module-can-import-version DeveloperToolsSupport 23.0.4 23.0.4 -module-can-import-version SwiftUI 7.1.13.1 7.1.13 -disable-cross-import-overlay-search -swift-module-cross-import SwiftData /Applications/Xcode.app/Contents/Developer/Platforms/MacOSX.platform/Developer/SDKs/MacOSX26.1.sdk/System/Library/Frameworks/SwiftData.framework/Modules/SwiftData.swiftcrossimport/CoreData.swiftoverlay -swift-module-cross-import SwiftData /Applications/Xcode.app/Contents/Developer/Platforms/MacOSX.platform/Developer/SDKs/MacOSX26.1.sdk/System/Library/Frameworks/SwiftData.framework/Modules/SwiftData.swiftcrossimport/SwiftUI.swiftoverlay -load-resolved-plugin \#/Users/rogerlin/Library/Developer/Xcode/DerivedData/FinancialCalculatorKit-ackorybalcxbfocbkqsfdzcfkgmn/Build/Products/Debug/CasePathsMacros\#CasePathsMacros -load-resolved-plugin /Applications/Xcode.app/Contents/Developer/Platforms/MacOSX.platform/Developer/usr/lib/swift/host/plugins/libFoundationMacros.dylib\#/Applications/Xcode.app/Contents/Developer/Platforms/MacOSX.platform/Developer/usr/bin/swift-plugin-server\#FoundationMacros -load-resolved-plugin /Applications/Xcode.app/Contents/Developer/Platforms/MacOSX.platform/Developer/usr/lib/swift/host/plugins/libObservationMacros.dylib\#/Applications/Xcode.app/Contents/Developer/Platforms/MacOSX.platform/Developer/usr/bin/swift-plugin-server\#ObservationMacros -load-resolved-plugin /Applications/Xcode.app/Contents/Developer/Platforms/MacOSX.platform/Developer/usr/lib/swift/host/plugins/libPreviewsMacros.dylib\#/Applications/Xcode.app/Contents/Developer/Platforms/MacOSX.platform/Developer/usr/bin/swift-plugin-server\#PreviewsMacros -load-resolved-plugin /Applications/Xcode.app/Contents/Developer/Platforms/MacOSX.platform/Developer/usr/lib/swift/host/plugins/libSwiftDataMacros.dylib\#/Applications/Xcode.app/Contents/Developer/Platforms/MacOSX.platform/Developer/usr/bin/swift-plugin-server\#SwiftDataMacros -load-resolved-plugin /Applications/Xcode.app/Contents/Developer/Platforms/MacOSX.platform/Developer/usr/lib/swift/host/plugins/libSwiftMacros.dylib\#/Applications/Xcode.app/Contents/Developer/Platforms/MacOSX.platform/Developer/usr/bin/swift-plugin-server\#SwiftMacros -load-resolved-plugin /Applications/Xcode.app/Contents/Developer/Platforms/MacOSX.platform/Developer/usr/lib/swift/host/plugins/libSwiftUIMacros.dylib\#/Applications/Xcode.app/Contents/Developer/Platforms/MacOSX.platform/Developer/usr/bin/swift-plugin-server\#SwiftUIMacros -disable-implicit-swift-modules -Xcc -fno-implicit-modules -Xcc -fno-implicit-module-maps -explicit-swift-module-map-file /Users/rogerlin/Library/Developer/Xcode/DerivedData/FinancialCalculatorKit-ackorybalcxbfocbkqsfdzcfkgmn/Build/Intermediates.noindex/FinancialCalculatorKit.build/Debug/FinancialCalculatorKit.build/Objects-normal/arm64/FinancialCalculatorKit-dependencies-1.json -Xllvm -aarch64-use-tbi -enable-objc-interop -stack-check -sdk /Applications/Xcode.app/Contents/Developer/Platforms/MacOSX.platform/Developer/SDKs/MacOSX26.1.sdk -I /Users/rogerlin/Library/Developer/Xcode/DerivedData/FinancialCalculatorKit-ackorybalcxbfocbkqsfdzcfkgmn/Build/Products/Debug -F /Users/rogerlin/Library/Developer/Xcode/DerivedData/FinancialCalculatorKit-ackorybalcxbfocbkqsfdzcfkgmn/Build/Products/Debug/PackageFrameworks -F /Users/rogerlin/Library/Developer/Xcode/DerivedData/FinancialCalculatorKit-ackorybalcxbfocbkqsfdzcfkgmn/Build/Products/Debug/PackageFrameworks -F /Users/rogerlin/Library/Developer/Xcode/DerivedData/FinancialCalculatorKit-ackorybalcxbfocbkqsfdzcfkgmn/Build/Products/Debug/PackageFrameworks -F /Users/rogerlin/Library/Developer/Xcode/DerivedData/FinancialCalculatorKit-ackorybalcxbfocbkqsfdzcfkgmn/Build/Products/Debug/PackageFrameworks -F /Users/rogerlin/Library/Developer/Xcode/DerivedData/FinancialCalculatorKit-ackorybalcxbfocbkqsfdzcfkgmn/Build/Products/Debug/PackageFrameworks -F /Users/rogerlin/Library/Developer/Xcode/DerivedData/FinancialCalculatorKit-ackorybalcxbfocbkqsfdzcfkgmn/Build/Products/Debug/PackageFrameworks -F /Users/rogerlin/Library/Developer/Xcode/DerivedData/FinancialCalculatorKit-ackorybalcxbfocbkqsfdzcfkgmn/Build/Products/Debug/PackageFrameworks -F /Users/rogerlin/Library/Developer/Xcode/DerivedData/FinancialCalculatorKit-ackorybalcxbfocbkqsfdzcfkgmn/Build/Products/Debug/PackageFrameworks -F /Users/rogerlin/Library/Developer/Xcode/DerivedData/FinancialCalculatorKit-ackorybalcxbfocbkqsfdzcfkgmn/Build/Products/Debug/PackageFrameworks -F /Users/rogerlin/Library/Developer/Xcode/DerivedData/FinancialCalculatorKit-ackorybalcxbfocbkqsfdzcfkgmn/Build/Products/Debug/PackageFrameworks -F /Users/rogerlin/Library/Developer/Xcode/DerivedData/FinancialCalculatorKit-ackorybalcxbfocbkqsfdzcfkgmn/Build/Products/Debug/PackageFrameworks -F /Users/rogerlin/Library/Developer/Xcode/DerivedData/FinancialCalculatorKit-ackorybalcxbfocbkqsfdzcfkgmn/Build/Products/Debug/PackageFrameworks -F /Users/rogerlin/Library/Developer/Xcode/DerivedData/FinancialCalculatorKit-ackorybalcxbfocbkqsfdzcfkgmn/Build/Products/Debug/PackageFrameworks -F /Users/rogerlin/Library/Developer/Xcode/DerivedData/FinancialCalculatorKit-ackorybalcxbfocbkqsfdzcfkgmn/Build/Products/Debug/PackageFrameworks -F /Users/rogerlin/Library/Developer/Xcode/DerivedData/FinancialCalculatorKit-ackorybalcxbfocbkqsfdzcfkgmn/Build/Products/Debug/PackageFrameworks -F /Users/rogerlin/Library/Developer/Xcode/DerivedData/FinancialCalculatorKit-ackorybalcxbfocbkqsfdzcfkgmn/Build/Products/Debug/PackageFrameworks -F /Users/rogerlin/Library/Developer/Xcode/DerivedData/FinancialCalculatorKit-ackorybalcxbfocbkqsfdzcfkgmn/Build/Products/Debug/PackageFrameworks -F /Users/rogerlin/Library/Developer/Xcode/DerivedData/FinancialCalculatorKit-ackorybalcxbfocbkqsfdzcfkgmn/Build/Products/Debug/PackageFrameworks -F /Users/rogerlin/Library/Developer/Xcode/DerivedData/FinancialCalculatorKit-ackorybalcxbfocbkqsfdzcfkgmn/Build/Products/Debug/PackageFrameworks -F /Users/rogerlin/Library/Developer/Xcode/DerivedData/FinancialCalculatorKit-ackorybalcxbfocbkqsfdzcfkgmn/Build/Products/Debug -no-color-diagnostics -Xcc -fno-color-diagnostics -enable-testing -g -debug-info-format\=dwarf -dwarf-version\=4 -module-cache-path /Users/rogerlin/Library/Developer/Xcode/DerivedData/FinancialCalculatorKit-ackorybalcxbfocbkqsfdzcfkgmn/Build/Intermediates.noindex/SwiftExplicitPrecompiledModules -profile-generate -profile-coverage-mapping -swift-version 5 -enforce-exclusivity\=checked -Onone -D DEBUG -serialize-debugging-options -load-plugin-executable /Users/rogerlin/Library/Developer/Xcode/DerivedData/FinancialCalculatorKit-ackorybalcxbfocbkqsfdzcfkgmn/Build/Products/Debug/CasePathsMacros\#CasePathsMacros -const-gather-protocols-file /Users/rogerlin/Library/Developer/Xcode/DerivedData/FinancialCalculatorKit-ackorybalcxbfocbkqsfdzcfkgmn/Build/Intermediates.noindex/FinancialCalculatorKit.build/Debug/FinancialCalculatorKit.build/Objects-normal/arm64/FinancialCalculatorKit_const_extract_protocols.json -enable-experimental-feature DebugDescriptionMacro -enable-bare-slash-regex -empty-abi-descriptor -validate-clang-modules-once -clang-build-session-file /Users/rogerlin/Library/Developer/Xcode/DerivedData/ModuleCache.noindex/Session.modulevalidation -Xcc -working-directory -Xcc /Users/rogerlin/XCode-Projects/FinancialCalculatorKit-5.0-updated-accent-colors -enable-anonymous-context-mangled-names -file-compilation-dir /Users/rogerlin/XCode-Projects/FinancialCalculatorKit-5.0-updated-accent-colors -Xcc -D_LIBCPP_HARDENING_MODE\=_LIBCPP_HARDENING_MODE_DEBUG -Xcc -ivfsstatcache -Xcc /Users/rogerlin/Library/Developer/Xcode/DerivedData/SDKStatCaches.noindex/macosx26.1-25B74-3ae1261907bdadc328169391a47051a6.sdkstatcache -Xcc -I/Users/rogerlin/Library/Developer/Xcode/DerivedData/FinancialCalculatorKit-ackorybalcxbfocbkqsfdzcfkgmn/Build/Intermediates.noindex/FinancialCalculatorKit.build/Debug/FinancialCalculatorKit.build/swift-overrides.hmap -Xcc -iquote -Xcc /Users/rogerlin/Library/Developer/Xcode/DerivedData/FinancialCalculatorKit-ackorybalcxbfocbkqsfdzcfkgmn/Build/Intermediates.noindex/FinancialCalculatorKit.build/Debug/FinancialCalculatorKit.build/FinancialCalculatorKit-generated-files.hmap -Xcc -I/Users/rogerlin/Library/Developer/Xcode/DerivedData/FinancialCalculatorKit-ackorybalcxbfocbkqsfdzcfkgmn/Build/Intermediates.noindex/FinancialCalculatorKit.build/Debug/FinancialCalculatorKit.build/FinancialCalculatorKit-own-target-headers.hmap -Xcc -I/Users/rogerlin/Library/Developer/Xcode/DerivedData/FinancialCalculatorKit-ackorybalcxbfocbkqsfdzcfkgmn/Build/Intermediates.noindex/FinancialCalculatorKit.build/Debug/FinancialCalculatorKit.build/FinancialCalculatorKit-all-non-framework-target-headers.hmap -Xcc -ivfsoverlay -Xcc /Users/rogerlin/Library/Developer/Xcode/DerivedData/FinancialCalculatorKit-ackorybalcxbfocbkqsfdzcfkgmn/Build/Intermediates.noindex/FinancialCalculatorKit.build/Debug/FinancialCalculatorKit-b796aaad08c4b307251b75ea7c01aae2-VFS/all-product-headers.yaml -Xcc -iquote -Xcc /Users/rogerlin/Library/Developer/Xcode/DerivedData/FinancialCalculatorKit-ackorybalcxbfocbkqsfdzcfkgmn/Build/Intermediates.noindex/FinancialCalculatorKit.build/Debug/FinancialCalculatorKit.build/FinancialCalculatorKit-project-headers.hmap -Xcc -I/Users/rogerlin/Library/Developer/Xcode/DerivedData/FinancialCalculatorKit-ackorybalcxbfocbkqsfdzcfkgmn/SourcePackages/checkouts/swift-numerics/Sources/_NumericsShims/include -Xcc -I/Users/rogerlin/Library/Developer/Xcode/DerivedData/FinancialCalculatorKit-ackorybalcxbfocbkqsfdzcfkgmn/Build/Products/Debug/include -Xcc -I/Users/rogerlin/Library/Developer/Xcode/DerivedData/FinancialCalculatorKit-ackorybalcxbfocbkqsfdzcfkgmn/Build/Intermediates.noindex/FinancialCalculatorKit.build/Debug/FinancialCalculatorKit.build/DerivedSources-normal/arm64 -Xcc -I/Users/rogerlin/Library/Developer/Xcode/DerivedData/FinancialCalculatorKit-ackorybalcxbfocbkqsfdzcfkgmn/Build/Intermediates.noindex/FinancialCalculatorKit.build/Debug/FinancialCalculatorKit.build/DerivedSources/arm64 -Xcc -I/Users/rogerlin/Library/Developer/Xcode/DerivedData/FinancialCalculatorKit-ackorybalcxbfocbkqsfdzcfkgmn/Build/Intermediates.noindex/FinancialCalculatorKit.build/Debug/FinancialCalculatorKit.build/DerivedSources -Xcc -DDEBUG\=1 -no-auto-bridging-header-chaining -module-name FinancialCalculatorKit -frontend-parseable-output -disable-clang-spi -target-sdk-version 26.1 -target-sdk-name macosx26.1 -clang-target arm64-apple-macos26.1 -in-process-plugin-server-path /Applications/Xcode.app/Contents/Developer/Toolchains/XcodeDefault.xctoolchain/usr/lib/swift/host/libSwiftInProcPluginServer.dylib -o /Users/rogerlin/Library/Developer/Xcode/DerivedData/FinancialCalculatorKit-ackorybalcxbfocbkqsfdzcfkgmn/Build/Intermediates.noindex/FinancialCalculatorKit.build/Debug/FinancialCalculatorKit.build/Objects-normal/arm64/NumbersOnlyViewModifier.o -o /Users/rogerlin/Library/Developer/Xcode/DerivedData/FinancialCalculatorKit-ackorybalcxbfocbkqsfdzcfkgmn/Build/Intermediates.noindex/FinancialCalculatorKit.build/Debug/FinancialCalculatorKit.build/Objects-normal/arm64/ResultDisplayView.o -index-unit-output-path /FinancialCalculatorKit.build/Debug/FinancialCalculatorKit.build/Objects-normal/arm64/NumbersOnlyViewModifier.o -index-unit-output-path /FinancialCalculatorKit.build/Debug/FinancialCalculatorKit.build/Objects-normal/arm64/ResultDisplayView.o -index-store-path /Users/rogerlin/Library/Developer/Xcode/DerivedData/FinancialCalculatorKit-ackorybalcxbfocbkqsfdzcfkgmn/Index.noindex/DataStore -index-system-modules

SwiftCompile normal arm64 /Users/rogerlin/XCode-Projects/FinancialCalculatorKit-5.0-updated-accent-colors/FinancialCalculatorKit/Views/Components/NumbersOnlyViewModifier.swift (in target 'FinancialCalculatorKit' from project 'FinancialCalculatorKit')
    cd /Users/rogerlin/XCode-Projects/FinancialCalculatorKit-5.0-updated-accent-colors
    

SwiftCompile normal arm64 /Users/rogerlin/XCode-Projects/FinancialCalculatorKit-5.0-updated-accent-colors/FinancialCalculatorKit/Views/Components/ResultDisplayView.swift (in target 'FinancialCalculatorKit' from project 'FinancialCalculatorKit')
    cd /Users/rogerlin/XCode-Projects/FinancialCalculatorKit-5.0-updated-accent-colors
    

SwiftCompile normal arm64 Compiling\ StatusIndicator.swift,\ ValidationSummaryView.swift /Users/rogerlin/XCode-Projects/FinancialCalculatorKit-5.0-updated-accent-colors/FinancialCalculatorKit/Views/Components/StatusIndicator.swift /Users/rogerlin/XCode-Projects/FinancialCalculatorKit-5.0-updated-accent-colors/FinancialCalculatorKit/Views/Components/ValidationSummaryView.swift (in target 'FinancialCalculatorKit' from project 'FinancialCalculatorKit')
/Applications/Xcode.app/Contents/Developer/Toolchains/XcodeDefault.xctoolchain/usr/bin/swift-frontend -frontend -c /Users/rogerlin/XCode-Projects/FinancialCalculatorKit-5.0-updated-accent-colors/FinancialCalculatorKit/Models/Bond/AdvancedBondModels.swift /Users/rogerlin/XCode-Projects/FinancialCalculatorKit-5.0-updated-accent-colors/FinancialCalculatorKit/Models/Bond/YieldCurveTypes.swift /Users/rogerlin/XCode-Projects/FinancialCalculatorKit-5.0-updated-accent-colors/FinancialCalculatorKit/Models/Calculation/BondCalculation.swift /Users/rogerlin/XCode-Projects/FinancialCalculatorKit-5.0-updated-accent-colors/FinancialCalculatorKit/Models/Calculation/CalculationMetadata.swift /Users/rogerlin/XCode-Projects/FinancialCalculatorKit-5.0-updated-accent-colors/FinancialCalculatorKit/Models/Calculation/DepreciationCalculation.swift /Users/rogerlin/XCode-Projects/FinancialCalculatorKit-5.0-updated-accent-colors/FinancialCalculatorKit/Models/Calculation/FinancialCalculation.swift /Users/rogerlin/XCode-Projects/FinancialCalculatorKit-5.0-updated-accent-colors/FinancialCalculatorKit/Models/Calculation/InvestmentCalculation.swift /Users/rogerlin/XCode-Projects/FinancialCalculatorKit-5.0-updated-accent-colors/FinancialCalculatorKit/Models/Calculation/LoanCalculation.swift /Users/rogerlin/XCode-Projects/FinancialCalculatorKit-5.0-updated-accent-colors/FinancialCalculatorKit/Models/Calculation/TimeValueCalculation.swift /Users/rogerlin/XCode-Projects/FinancialCalculatorKit-5.0-updated-accent-colors/FinancialCalculatorKit/Models/Enums/CalculationType.swift /Users/rogerlin/XCode-Projects/FinancialCalculatorKit-5.0-updated-accent-colors/FinancialCalculatorKit/Models/Enums/Currency.swift /Users/rogerlin/XCode-Projects/FinancialCalculatorKit-5.0-updated-accent-colors/FinancialCalculatorKit/Models/Enums/LoanType.swift /Users/rogerlin/XCode-Projects/FinancialCalculatorKit-5.0-updated-accent-colors/FinancialCalculatorKit/Models/Enums/PaymentFrequency.swift /Users/rogerlin/XCode-Projects/FinancialCalculatorKit-5.0-updated-accent-colors/FinancialCalculatorKit/Models/Enums/TimeValueVariable.swift /Users/rogerlin/XCode-Projects/FinancialCalculatorKit-5.0-updated-accent-colors/FinancialCalculatorKit/Models/Formula/FormulaReference.swift /Users/rogerlin/XCode-Projects/FinancialCalculatorKit-5.0-updated-accent-colors/FinancialCalculatorKit/Models/FRED/FREDModels.swift /Users/rogerlin/XCode-Projects/FinancialCalculatorKit-5.0-updated-accent-colors/FinancialCalculatorKit/Models/Options/AdvancedOptionsModels.swift /Users/rogerlin/XCode-Projects/FinancialCalculatorKit-5.0-updated-accent-colors/FinancialCalculatorKit/Models/ScientificCalculator/EquationDocument.swift /Users/rogerlin/XCode-Projects/FinancialCalculatorKit-5.0-updated-accent-colors/FinancialCalculatorKit/Models/ScientificCalculator/VariableStore.swift /Users/rogerlin/XCode-Projects/FinancialCalculatorKit-5.0-updated-accent-colors/FinancialCalculatorKit/Protocols/FinancialComputable.swift /Users/rogerlin/XCode-Projects/FinancialCalculatorKit-5.0-updated-accent-colors/FinancialCalculatorKit/Services/Bond/AdvancedBondPricingEngine.swift /Users/rogerlin/XCode-Projects/FinancialCalculatorKit-5.0-updated-accent-colors/FinancialCalculatorKit/Services/Options/AdvancedOptionsPricingEngine.swift /Users/rogerlin/XCode-Projects/FinancialCalculatorKit-5.0-updated-accent-colors/FinancialCalculatorKit/Services/AdvancedExpressionParser.swift /Users/rogerlin/XCode-Projects/FinancialCalculatorKit-5.0-updated-accent-colors/FinancialCalculatorKit/Services/AdvancedIRRCalculator.swift /Users/rogerlin/XCode-Projects/FinancialCalculatorKit-5.0-updated-accent-colors/FinancialCalculatorKit/Services/AdvancedMathFunctions.swift /Users/rogerlin/XCode-Projects/FinancialCalculatorKit-5.0-updated-accent-colors/FinancialCalculatorKit/Services/CalculationEngine.swift /Users/rogerlin/XCode-Projects/FinancialCalculatorKit-5.0-updated-accent-colors/FinancialCalculatorKit/Services/CSVHelper.swift /Users/rogerlin/XCode-Projects/FinancialCalculatorKit-5.0-updated-accent-colors/FinancialCalculatorKit/Services/CurrencyConversionService.swift /Users/rogerlin/XCode-Projects/FinancialCalculatorKit-5.0-updated-accent-colors/FinancialCalculatorKit/Services/ExchangeRateService.swift /Users/rogerlin/XCode-Projects/FinancialCalculatorKit-5.0-updated-accent-colors/FinancialCalculatorKit/Services/FinancialCalculator.swift /Users/rogerlin/XCode-Projects/FinancialCalculatorKit-5.0-updated-accent-colors/FinancialCalculatorKit/Services/FinancialValidation.swift /Users/rogerlin/XCode-Projects/FinancialCalculatorKit-5.0-updated-accent-colors/FinancialCalculatorKit/Services/FormulaAutoComplete.swift /Users/rogerlin/XCode-Projects/FinancialCalculatorKit-5.0-updated-accent-colors/FinancialCalculatorKit/Services/FREDService.swift /Users/rogerlin/XCode-Projects/FinancialCalculatorKit-5.0-updated-accent-colors/FinancialCalculatorKit/Services/HighPrecisionMath.swift /Users/rogerlin/XCode-Projects/FinancialCalculatorKit-5.0-updated-accent-colors/FinancialCalculatorKit/Services/HighPrecisionTestSuite.swift /Users/rogerlin/XCode-Projects/FinancialCalculatorKit-5.0-updated-accent-colors/FinancialCalculatorKit/Services/HighPrecisionValidation.swift /Users/rogerlin/XCode-Projects/FinancialCalculatorKit-5.0-updated-accent-colors/FinancialCalculatorKit/Services/TickerHistoryService.swift /Users/rogerlin/XCode-Projects/FinancialCalculatorKit-5.0-updated-accent-colors/FinancialCalculatorKit/Services/ValidationExtensions.swift /Users/rogerlin/XCode-Projects/FinancialCalculatorKit-5.0-updated-accent-colors/FinancialCalculatorKit/Services/ValidationService.swift /Users/rogerlin/XCode-Projects/FinancialCalculatorKit-5.0-updated-accent-colors/FinancialCalculatorKit/Services/ValidationTestSuite.swift /Users/rogerlin/XCode-Projects/FinancialCalculatorKit-5.0-updated-accent-colors/FinancialCalculatorKit/Utilities/Extensions/Date+Financial.swift /Users/rogerlin/XCode-Projects/FinancialCalculatorKit-5.0-updated-accent-colors/FinancialCalculatorKit/Utilities/Extensions/Double+Financial.swift /Users/rogerlin/XCode-Projects/FinancialCalculatorKit-5.0-updated-accent-colors/FinancialCalculatorKit/Utilities/CashFlowsTransformer.swift /Users/rogerlin/XCode-Projects/FinancialCalculatorKit-5.0-updated-accent-colors/FinancialCalculatorKit/Utilities/Formatters.swift /Users/rogerlin/XCode-Projects/FinancialCalculatorKit-5.0-updated-accent-colors/FinancialCalculatorKit/ViewHelpers/FormulaViewHelper.swift /Users/rogerlin/XCode-Projects/FinancialCalculatorKit-5.0-updated-accent-colors/FinancialCalculatorKit/ViewModels/MainViewModel.swift /Users/rogerlin/XCode-Projects/FinancialCalculatorKit-5.0-updated-accent-colors/FinancialCalculatorKit/Views/Calculator/AdvancedBondCalculatorView.swift /Users/rogerlin/XCode-Projects/FinancialCalculatorKit-5.0-updated-accent-colors/FinancialCalculatorKit/Views/Calculator/AmortizationView.swift /Users/rogerlin/XCode-Projects/FinancialCalculatorKit-5.0-updated-accent-colors/FinancialCalculatorKit/Views/Calculator/BondCalculatorView.swift /Users/rogerlin/XCode-Projects/FinancialCalculatorKit-5.0-updated-accent-colors/FinancialCalculatorKit/Views/Calculator/CompactCalculatorView.swift /Users/rogerlin/XCode-Projects/FinancialCalculatorKit-5.0-updated-accent-colors/FinancialCalculatorKit/Views/Calculator/CurrencyConverterView.swift /Users/rogerlin/XCode-Projects/FinancialCalculatorKit-5.0-updated-accent-colors/FinancialCalculatorKit/Views/Calculator/CustomScientificKeyboard.swift /Users/rogerlin/XCode-Projects/FinancialCalculatorKit-5.0-updated-accent-colors/FinancialCalculatorKit/Views/Calculator/DepreciationCalculatorView.swift /Users/rogerlin/XCode-Projects/FinancialCalculatorKit-5.0-updated-accent-colors/FinancialCalculatorKit/Views/Calculator/DocumentListView.swift /Users/rogerlin/XCode-Projects/FinancialCalculatorKit-5.0-updated-accent-colors/FinancialCalculatorKit/Views/Calculator/EquityValuationView.swift /Users/rogerlin/XCode-Projects/FinancialCalculatorKit-5.0-updated-accent-colors/FinancialCalculatorKit/Views/Calculator/FixedIncomeAnalyticsView.swift /Users/rogerlin/XCode-Projects/FinancialCalculatorKit-5.0-updated-accent-colors/FinancialCalculatorKit/Views/Calculator/FormulaLibraryView.swift /Users/rogerlin/XCode-Projects/FinancialCalculatorKit-5.0-updated-accent-colors/FinancialCalculatorKit/Views/Calculator/ForwardsCalculatorView.swift /Users/rogerlin/XCode-Projects/FinancialCalculatorKit-5.0-updated-accent-colors/FinancialCalculatorKit/Views/Calculator/FuturesCalculatorView.swift /Users/rogerlin/XCode-Projects/FinancialCalculatorKit-5.0-updated-accent-colors/FinancialCalculatorKit/Views/Calculator/FutureValueView.swift /Users/rogerlin/XCode-Projects/FinancialCalculatorKit-5.0-updated-accent-colors/FinancialCalculatorKit/Views/Calculator/HighPrecisionCalculatorView.swift /Users/rogerlin/XCode-Projects/FinancialCalculatorKit-5.0-updated-accent-colors/FinancialCalculatorKit/Views/Calculator/InvestmentCalculatorView.swift /Users/rogerlin/XCode-Projects/FinancialCalculatorKit-5.0-updated-accent-colors/FinancialCalculatorKit/Views/Calculator/LoanCalculatorView.swift /Users/rogerlin/XCode-Projects/FinancialCalculatorKit-5.0-updated-accent-colors/FinancialCalculatorKit/Views/Calculator/LoanResultView.swift /Users/rogerlin/XCode-Projects/FinancialCalculatorKit-5.0-updated-accent-colors/FinancialCalculatorKit/Views/Calculator/MathExpressionCalculatorView.swift /Users/rogerlin/XCode-Projects/FinancialCalculatorKit-5.0-updated-accent-colors/FinancialCalculatorKit/Views/Calculator/OptionsCalculatorView.swift /Users/rogerlin/XCode-Projects/FinancialCalculatorKit-5.0-updated-accent-colors/FinancialCalculatorKit/Views/Calculator/OptionsStrategiesView.swift /Users/rogerlin/XCode-Projects/FinancialCalculatorKit-5.0-updated-accent-colors/FinancialCalculatorKit/Views/Calculator/PlaceholderViews.swift /Users/rogerlin/XCode-Projects/FinancialCalculatorKit-5.0-updated-accent-colors/FinancialCalculatorKit/Views/Calculator/PortfolioOptimizationView.swift /Users/rogerlin/XCode-Projects/FinancialCalculatorKit-5.0-updated-accent-colors/FinancialCalculatorKit/Views/Calculator/PrecisionDemoView.swift /Users/rogerlin/XCode-Projects/FinancialCalculatorKit-5.0-updated-accent-colors/FinancialCalculatorKit/Views/Calculator/RiskManagementView.swift /Users/rogerlin/XCode-Projects/FinancialCalculatorKit-5.0-updated-accent-colors/FinancialCalculatorKit/Views/Calculator/ScientificCalculatorView.swift /Users/rogerlin/XCode-Projects/FinancialCalculatorKit-5.0-updated-accent-colors/FinancialCalculatorKit/Views/Calculator/SwapsCalculatorView.swift /Users/rogerlin/XCode-Projects/FinancialCalculatorKit-5.0-updated-accent-colors/FinancialCalculatorKit/Views/Calculator/TemplateViews.swift /Users/rogerlin/XCode-Projects/FinancialCalculatorKit-5.0-updated-accent-colors/FinancialCalculatorKit/Views/Calculator/TickerHistoryView.swift /Users/rogerlin/XCode-Projects/FinancialCalculatorKit-5.0-updated-accent-colors/FinancialCalculatorKit/Views/Calculator/TimeValueCalculatorView.swift /Users/rogerlin/XCode-Projects/FinancialCalculatorKit-5.0-updated-accent-colors/FinancialCalculatorKit/Views/Calculator/TimeValueResultView.swift /Users/rogerlin/XCode-Projects/FinancialCalculatorKit-5.0-updated-accent-colors/FinancialCalculatorKit/Views/Calculator/UnitConverterView.swift /Users/rogerlin/XCode-Projects/FinancialCalculatorKit-5.0-updated-accent-colors/FinancialCalculatorKit/Views/Calculator/VariableManagementView.swift /Users/rogerlin/XCode-Projects/FinancialCalculatorKit-5.0-updated-accent-colors/FinancialCalculatorKit/Views/Charts/FinancialChartView.swift /Users/rogerlin/XCode-Projects/FinancialCalculatorKit-5.0-updated-accent-colors/FinancialCalculatorKit/Views/Charts/InteractiveFinancialCharts.swift /Users/rogerlin/XCode-Projects/FinancialCalculatorKit-5.0-updated-accent-colors/FinancialCalculatorKit/Views/Components/DetailRow.swift /Users/rogerlin/XCode-Projects/FinancialCalculatorKit-5.0-updated-accent-colors/FinancialCalculatorKit/Views/Components/DynamicInputSection.swift /Users/rogerlin/XCode-Projects/FinancialCalculatorKit-5.0-updated-accent-colors/FinancialCalculatorKit/Views/Components/EnhancedInputFields.swift /Users/rogerlin/XCode-Projects/FinancialCalculatorKit-5.0-updated-accent-colors/FinancialCalculatorKit/Views/Components/FinancialStyles.swift /Users/rogerlin/XCode-Projects/FinancialCalculatorKit-5.0-updated-accent-colors/FinancialCalculatorKit/Views/Components/InputFieldView.swift /Users/rogerlin/XCode-Projects/FinancialCalculatorKit-5.0-updated-accent-colors/FinancialCalculatorKit/Views/Components/InteractiveDataTables.swift /Users/rogerlin/XCode-Projects/FinancialCalculatorKit-5.0-updated-accent-colors/FinancialCalculatorKit/Views/Components/LoadingResultView.swift /Users/rogerlin/XCode-Projects/FinancialCalculatorKit-5.0-updated-accent-colors/FinancialCalculatorKit/Views/Components/NumbersOnlyViewModifier.swift /Users/rogerlin/XCode-Projects/FinancialCalculatorKit-5.0-updated-accent-colors/FinancialCalculatorKit/Views/Components/ResultDisplayView.swift -primary-file /Users/rogerlin/XCode-Projects/FinancialCalculatorKit-5.0-updated-accent-colors/FinancialCalculatorKit/Views/Components/StatusIndicator.swift -primary-file /Users/rogerlin/XCode-Projects/FinancialCalculatorKit-5.0-updated-accent-colors/FinancialCalculatorKit/Views/Components/ValidationSummaryView.swift /Users/rogerlin/XCode-Projects/FinancialCalculatorKit-5.0-updated-accent-colors/FinancialCalculatorKit/Views/FRED/FREDDataView.swift /Users/rogerlin/XCode-Projects/FinancialCalculatorKit-5.0-updated-accent-colors/FinancialCalculatorKit/Views/Reference/FormulaReferenceView.swift /Users/rogerlin/XCode-Projects/FinancialCalculatorKit-5.0-updated-accent-colors/FinancialCalculatorKit/Views/Reference/FormulaVariableView.swift /Users/rogerlin/XCode-Projects/FinancialCalculatorKit-5.0-updated-accent-colors/FinancialCalculatorKit/Views/Reference/FormulaVariantView.swift /Users/rogerlin/XCode-Projects/FinancialCalculatorKit-5.0-updated-accent-colors/FinancialCalculatorKit/ContentView.swift /Users/rogerlin/XCode-Projects/FinancialCalculatorKit-5.0-updated-accent-colors/FinancialCalculatorKit/FinancialCalculatorKitApp.swift /Users/rogerlin/XCode-Projects/FinancialCalculatorKit-5.0-updated-accent-colors/FinancialCalculatorKit/Item.swift /Users/rogerlin/Library/Developer/Xcode/DerivedData/FinancialCalculatorKit-ackorybalcxbfocbkqsfdzcfkgmn/Build/Intermediates.noindex/FinancialCalculatorKit.build/Debug/FinancialCalculatorKit.build/DerivedSources/GeneratedAssetSymbols.swift -emit-dependencies-path /Users/rogerlin/Library/Developer/Xcode/DerivedData/FinancialCalculatorKit-ackorybalcxbfocbkqsfdzcfkgmn/Build/Intermediates.noindex/FinancialCalculatorKit.build/Debug/FinancialCalculatorKit.build/Objects-normal/arm64/StatusIndicator.d -emit-const-values-path /Users/rogerlin/Library/Developer/Xcode/DerivedData/FinancialCalculatorKit-ackorybalcxbfocbkqsfdzcfkgmn/Build/Intermediates.noindex/FinancialCalculatorKit.build/Debug/FinancialCalculatorKit.build/Objects-normal/arm64/StatusIndicator.swiftconstvalues -emit-reference-dependencies-path /Users/rogerlin/Library/Developer/Xcode/DerivedData/FinancialCalculatorKit-ackorybalcxbfocbkqsfdzcfkgmn/Build/Intermediates.noindex/FinancialCalculatorKit.build/Debug/FinancialCalculatorKit.build/Objects-normal/arm64/StatusIndicator.swiftdeps -serialize-diagnostics-path /Users/rogerlin/Library/Developer/Xcode/DerivedData/FinancialCalculatorKit-ackorybalcxbfocbkqsfdzcfkgmn/Build/Intermediates.noindex/FinancialCalculatorKit.build/Debug/FinancialCalculatorKit.build/Objects-normal/arm64/StatusIndicator.dia -emit-dependencies-path /Users/rogerlin/Library/Developer/Xcode/DerivedData/FinancialCalculatorKit-ackorybalcxbfocbkqsfdzcfkgmn/Build/Intermediates.noindex/FinancialCalculatorKit.build/Debug/FinancialCalculatorKit.build/Objects-normal/arm64/ValidationSummaryView.d -emit-const-values-path /Users/rogerlin/Library/Developer/Xcode/DerivedData/FinancialCalculatorKit-ackorybalcxbfocbkqsfdzcfkgmn/Build/Intermediates.noindex/FinancialCalculatorKit.build/Debug/FinancialCalculatorKit.build/Objects-normal/arm64/ValidationSummaryView.swiftconstvalues -emit-reference-dependencies-path /Users/rogerlin/Library/Developer/Xcode/DerivedData/FinancialCalculatorKit-ackorybalcxbfocbkqsfdzcfkgmn/Build/Intermediates.noindex/FinancialCalculatorKit.build/Debug/FinancialCalculatorKit.build/Objects-normal/arm64/ValidationSummaryView.swiftdeps -serialize-diagnostics-path /Users/rogerlin/Library/Developer/Xcode/DerivedData/FinancialCalculatorKit-ackorybalcxbfocbkqsfdzcfkgmn/Build/Intermediates.noindex/FinancialCalculatorKit.build/Debug/FinancialCalculatorKit.build/Objects-normal/arm64/ValidationSummaryView.dia -emit-localized-strings -emit-localized-strings-path /Users/rogerlin/Library/Developer/Xcode/DerivedData/FinancialCalculatorKit-ackorybalcxbfocbkqsfdzcfkgmn/Build/Intermediates.noindex/FinancialCalculatorKit.build/Debug/FinancialCalculatorKit.build/Objects-normal/arm64 -target arm64-apple-macos14.0 -module-can-import-version AppKit 2685.20.119 2685.20.119 -module-can-import-version DeveloperToolsSupport 23.0.4 23.0.4 -module-can-import-version SwiftUI 7.1.13.1 7.1.13 -disable-cross-import-overlay-search -swift-module-cross-import SwiftData /Applications/Xcode.app/Contents/Developer/Platforms/MacOSX.platform/Developer/SDKs/MacOSX26.1.sdk/System/Library/Frameworks/SwiftData.framework/Modules/SwiftData.swiftcrossimport/CoreData.swiftoverlay -swift-module-cross-import SwiftData /Applications/Xcode.app/Contents/Developer/Platforms/MacOSX.platform/Developer/SDKs/MacOSX26.1.sdk/System/Library/Frameworks/SwiftData.framework/Modules/SwiftData.swiftcrossimport/SwiftUI.swiftoverlay -load-resolved-plugin \#/Users/rogerlin/Library/Developer/Xcode/DerivedData/FinancialCalculatorKit-ackorybalcxbfocbkqsfdzcfkgmn/Build/Products/Debug/CasePathsMacros\#CasePathsMacros -load-resolved-plugin /Applications/Xcode.app/Contents/Developer/Platforms/MacOSX.platform/Developer/usr/lib/swift/host/plugins/libFoundationMacros.dylib\#/Applications/Xcode.app/Contents/Developer/Platforms/MacOSX.platform/Developer/usr/bin/swift-plugin-server\#FoundationMacros -load-resolved-plugin /Applications/Xcode.app/Contents/Developer/Platforms/MacOSX.platform/Developer/usr/lib/swift/host/plugins/libObservationMacros.dylib\#/Applications/Xcode.app/Contents/Developer/Platforms/MacOSX.platform/Developer/usr/bin/swift-plugin-server\#ObservationMacros -load-resolved-plugin /Applications/Xcode.app/Contents/Developer/Platforms/MacOSX.platform/Developer/usr/lib/swift/host/plugins/libPreviewsMacros.dylib\#/Applications/Xcode.app/Contents/Developer/Platforms/MacOSX.platform/Developer/usr/bin/swift-plugin-server\#PreviewsMacros -load-resolved-plugin /Applications/Xcode.app/Contents/Developer/Platforms/MacOSX.platform/Developer/usr/lib/swift/host/plugins/libSwiftDataMacros.dylib\#/Applications/Xcode.app/Contents/Developer/Platforms/MacOSX.platform/Developer/usr/bin/swift-plugin-server\#SwiftDataMacros -load-resolved-plugin /Applications/Xcode.app/Contents/Developer/Platforms/MacOSX.platform/Developer/usr/lib/swift/host/plugins/libSwiftMacros.dylib\#/Applications/Xcode.app/Contents/Developer/Platforms/MacOSX.platform/Developer/usr/bin/swift-plugin-server\#SwiftMacros -load-resolved-plugin /Applications/Xcode.app/Contents/Developer/Platforms/MacOSX.platform/Developer/usr/lib/swift/host/plugins/libSwiftUIMacros.dylib\#/Applications/Xcode.app/Contents/Developer/Platforms/MacOSX.platform/Developer/usr/bin/swift-plugin-server\#SwiftUIMacros -disable-implicit-swift-modules -Xcc -fno-implicit-modules -Xcc -fno-implicit-module-maps -explicit-swift-module-map-file /Users/rogerlin/Library/Developer/Xcode/DerivedData/FinancialCalculatorKit-ackorybalcxbfocbkqsfdzcfkgmn/Build/Intermediates.noindex/FinancialCalculatorKit.build/Debug/FinancialCalculatorKit.build/Objects-normal/arm64/FinancialCalculatorKit-dependencies-1.json -Xllvm -aarch64-use-tbi -enable-objc-interop -stack-check -sdk /Applications/Xcode.app/Contents/Developer/Platforms/MacOSX.platform/Developer/SDKs/MacOSX26.1.sdk -I /Users/rogerlin/Library/Developer/Xcode/DerivedData/FinancialCalculatorKit-ackorybalcxbfocbkqsfdzcfkgmn/Build/Products/Debug -F /Users/rogerlin/Library/Developer/Xcode/DerivedData/FinancialCalculatorKit-ackorybalcxbfocbkqsfdzcfkgmn/Build/Products/Debug/PackageFrameworks -F /Users/rogerlin/Library/Developer/Xcode/DerivedData/FinancialCalculatorKit-ackorybalcxbfocbkqsfdzcfkgmn/Build/Products/Debug/PackageFrameworks -F /Users/rogerlin/Library/Developer/Xcode/DerivedData/FinancialCalculatorKit-ackorybalcxbfocbkqsfdzcfkgmn/Build/Products/Debug/PackageFrameworks -F /Users/rogerlin/Library/Developer/Xcode/DerivedData/FinancialCalculatorKit-ackorybalcxbfocbkqsfdzcfkgmn/Build/Products/Debug/PackageFrameworks -F /Users/rogerlin/Library/Developer/Xcode/DerivedData/FinancialCalculatorKit-ackorybalcxbfocbkqsfdzcfkgmn/Build/Products/Debug/PackageFrameworks -F /Users/rogerlin/Library/Developer/Xcode/DerivedData/FinancialCalculatorKit-ackorybalcxbfocbkqsfdzcfkgmn/Build/Products/Debug/PackageFrameworks -F /Users/rogerlin/Library/Developer/Xcode/DerivedData/FinancialCalculatorKit-ackorybalcxbfocbkqsfdzcfkgmn/Build/Products/Debug/PackageFrameworks -F /Users/rogerlin/Library/Developer/Xcode/DerivedData/FinancialCalculatorKit-ackorybalcxbfocbkqsfdzcfkgmn/Build/Products/Debug/PackageFrameworks -F /Users/rogerlin/Library/Developer/Xcode/DerivedData/FinancialCalculatorKit-ackorybalcxbfocbkqsfdzcfkgmn/Build/Products/Debug/PackageFrameworks -F /Users/rogerlin/Library/Developer/Xcode/DerivedData/FinancialCalculatorKit-ackorybalcxbfocbkqsfdzcfkgmn/Build/Products/Debug/PackageFrameworks -F /Users/rogerlin/Library/Developer/Xcode/DerivedData/FinancialCalculatorKit-ackorybalcxbfocbkqsfdzcfkgmn/Build/Products/Debug/PackageFrameworks -F /Users/rogerlin/Library/Developer/Xcode/DerivedData/FinancialCalculatorKit-ackorybalcxbfocbkqsfdzcfkgmn/Build/Products/Debug/PackageFrameworks -F /Users/rogerlin/Library/Developer/Xcode/DerivedData/FinancialCalculatorKit-ackorybalcxbfocbkqsfdzcfkgmn/Build/Products/Debug/PackageFrameworks -F /Users/rogerlin/Library/Developer/Xcode/DerivedData/FinancialCalculatorKit-ackorybalcxbfocbkqsfdzcfkgmn/Build/Products/Debug/PackageFrameworks -F /Users/rogerlin/Library/Developer/Xcode/DerivedData/FinancialCalculatorKit-ackorybalcxbfocbkqsfdzcfkgmn/Build/Products/Debug/PackageFrameworks -F /Users/rogerlin/Library/Developer/Xcode/DerivedData/FinancialCalculatorKit-ackorybalcxbfocbkqsfdzcfkgmn/Build/Products/Debug/PackageFrameworks -F /Users/rogerlin/Library/Developer/Xcode/DerivedData/FinancialCalculatorKit-ackorybalcxbfocbkqsfdzcfkgmn/Build/Products/Debug/PackageFrameworks -F /Users/rogerlin/Library/Developer/Xcode/DerivedData/FinancialCalculatorKit-ackorybalcxbfocbkqsfdzcfkgmn/Build/Products/Debug/PackageFrameworks -F /Users/rogerlin/Library/Developer/Xcode/DerivedData/FinancialCalculatorKit-ackorybalcxbfocbkqsfdzcfkgmn/Build/Products/Debug/PackageFrameworks -F /Users/rogerlin/Library/Developer/Xcode/DerivedData/FinancialCalculatorKit-ackorybalcxbfocbkqsfdzcfkgmn/Build/Products/Debug -no-color-diagnostics -Xcc -fno-color-diagnostics -enable-testing -g -debug-info-format\=dwarf -dwarf-version\=4 -module-cache-path /Users/rogerlin/Library/Developer/Xcode/DerivedData/FinancialCalculatorKit-ackorybalcxbfocbkqsfdzcfkgmn/Build/Intermediates.noindex/SwiftExplicitPrecompiledModules -profile-generate -profile-coverage-mapping -swift-version 5 -enforce-exclusivity\=checked -Onone -D DEBUG -serialize-debugging-options -load-plugin-executable /Users/rogerlin/Library/Developer/Xcode/DerivedData/FinancialCalculatorKit-ackorybalcxbfocbkqsfdzcfkgmn/Build/Products/Debug/CasePathsMacros\#CasePathsMacros -const-gather-protocols-file /Users/rogerlin/Library/Developer/Xcode/DerivedData/FinancialCalculatorKit-ackorybalcxbfocbkqsfdzcfkgmn/Build/Intermediates.noindex/FinancialCalculatorKit.build/Debug/FinancialCalculatorKit.build/Objects-normal/arm64/FinancialCalculatorKit_const_extract_protocols.json -enable-experimental-feature DebugDescriptionMacro -enable-bare-slash-regex -empty-abi-descriptor -validate-clang-modules-once -clang-build-session-file /Users/rogerlin/Library/Developer/Xcode/DerivedData/ModuleCache.noindex/Session.modulevalidation -Xcc -working-directory -Xcc /Users/rogerlin/XCode-Projects/FinancialCalculatorKit-5.0-updated-accent-colors -enable-anonymous-context-mangled-names -file-compilation-dir /Users/rogerlin/XCode-Projects/FinancialCalculatorKit-5.0-updated-accent-colors -Xcc -D_LIBCPP_HARDENING_MODE\=_LIBCPP_HARDENING_MODE_DEBUG -Xcc -ivfsstatcache -Xcc /Users/rogerlin/Library/Developer/Xcode/DerivedData/SDKStatCaches.noindex/macosx26.1-25B74-3ae1261907bdadc328169391a47051a6.sdkstatcache -Xcc -I/Users/rogerlin/Library/Developer/Xcode/DerivedData/FinancialCalculatorKit-ackorybalcxbfocbkqsfdzcfkgmn/Build/Intermediates.noindex/FinancialCalculatorKit.build/Debug/FinancialCalculatorKit.build/swift-overrides.hmap -Xcc -iquote -Xcc /Users/rogerlin/Library/Developer/Xcode/DerivedData/FinancialCalculatorKit-ackorybalcxbfocbkqsfdzcfkgmn/Build/Intermediates.noindex/FinancialCalculatorKit.build/Debug/FinancialCalculatorKit.build/FinancialCalculatorKit-generated-files.hmap -Xcc -I/Users/rogerlin/Library/Developer/Xcode/DerivedData/FinancialCalculatorKit-ackorybalcxbfocbkqsfdzcfkgmn/Build/Intermediates.noindex/FinancialCalculatorKit.build/Debug/FinancialCalculatorKit.build/FinancialCalculatorKit-own-target-headers.hmap -Xcc -I/Users/rogerlin/Library/Developer/Xcode/DerivedData/FinancialCalculatorKit-ackorybalcxbfocbkqsfdzcfkgmn/Build/Intermediates.noindex/FinancialCalculatorKit.build/Debug/FinancialCalculatorKit.build/FinancialCalculatorKit-all-non-framework-target-headers.hmap -Xcc -ivfsoverlay -Xcc /Users/rogerlin/Library/Developer/Xcode/DerivedData/FinancialCalculatorKit-ackorybalcxbfocbkqsfdzcfkgmn/Build/Intermediates.noindex/FinancialCalculatorKit.build/Debug/FinancialCalculatorKit-b796aaad08c4b307251b75ea7c01aae2-VFS/all-product-headers.yaml -Xcc -iquote -Xcc /Users/rogerlin/Library/Developer/Xcode/DerivedData/FinancialCalculatorKit-ackorybalcxbfocbkqsfdzcfkgmn/Build/Intermediates.noindex/FinancialCalculatorKit.build/Debug/FinancialCalculatorKit.build/FinancialCalculatorKit-project-headers.hmap -Xcc -I/Users/rogerlin/Library/Developer/Xcode/DerivedData/FinancialCalculatorKit-ackorybalcxbfocbkqsfdzcfkgmn/SourcePackages/checkouts/swift-numerics/Sources/_NumericsShims/include -Xcc -I/Users/rogerlin/Library/Developer/Xcode/DerivedData/FinancialCalculatorKit-ackorybalcxbfocbkqsfdzcfkgmn/Build/Products/Debug/include -Xcc -I/Users/rogerlin/Library/Developer/Xcode/DerivedData/FinancialCalculatorKit-ackorybalcxbfocbkqsfdzcfkgmn/Build/Intermediates.noindex/FinancialCalculatorKit.build/Debug/FinancialCalculatorKit.build/DerivedSources-normal/arm64 -Xcc -I/Users/rogerlin/Library/Developer/Xcode/DerivedData/FinancialCalculatorKit-ackorybalcxbfocbkqsfdzcfkgmn/Build/Intermediates.noindex/FinancialCalculatorKit.build/Debug/FinancialCalculatorKit.build/DerivedSources/arm64 -Xcc -I/Users/rogerlin/Library/Developer/Xcode/DerivedData/FinancialCalculatorKit-ackorybalcxbfocbkqsfdzcfkgmn/Build/Intermediates.noindex/FinancialCalculatorKit.build/Debug/FinancialCalculatorKit.build/DerivedSources -Xcc -DDEBUG\=1 -no-auto-bridging-header-chaining -module-name FinancialCalculatorKit -frontend-parseable-output -disable-clang-spi -target-sdk-version 26.1 -target-sdk-name macosx26.1 -clang-target arm64-apple-macos26.1 -in-process-plugin-server-path /Applications/Xcode.app/Contents/Developer/Toolchains/XcodeDefault.xctoolchain/usr/lib/swift/host/libSwiftInProcPluginServer.dylib -o /Users/rogerlin/Library/Developer/Xcode/DerivedData/FinancialCalculatorKit-ackorybalcxbfocbkqsfdzcfkgmn/Build/Intermediates.noindex/FinancialCalculatorKit.build/Debug/FinancialCalculatorKit.build/Objects-normal/arm64/StatusIndicator.o -o /Users/rogerlin/Library/Developer/Xcode/DerivedData/FinancialCalculatorKit-ackorybalcxbfocbkqsfdzcfkgmn/Build/Intermediates.noindex/FinancialCalculatorKit.build/Debug/FinancialCalculatorKit.build/Objects-normal/arm64/ValidationSummaryView.o -index-unit-output-path /FinancialCalculatorKit.build/Debug/FinancialCalculatorKit.build/Objects-normal/arm64/StatusIndicator.o -index-unit-output-path /FinancialCalculatorKit.build/Debug/FinancialCalculatorKit.build/Objects-normal/arm64/ValidationSummaryView.o -index-store-path /Users/rogerlin/Library/Developer/Xcode/DerivedData/FinancialCalculatorKit-ackorybalcxbfocbkqsfdzcfkgmn/Index.noindex/DataStore -index-system-modules

SwiftCompile normal arm64 /Users/rogerlin/XCode-Projects/FinancialCalculatorKit-5.0-updated-accent-colors/FinancialCalculatorKit/Views/Components/StatusIndicator.swift (in target 'FinancialCalculatorKit' from project 'FinancialCalculatorKit')
    cd /Users/rogerlin/XCode-Projects/FinancialCalculatorKit-5.0-updated-accent-colors
    

SwiftCompile normal arm64 /Users/rogerlin/XCode-Projects/FinancialCalculatorKit-5.0-updated-accent-colors/FinancialCalculatorKit/Views/Components/ValidationSummaryView.swift (in target 'FinancialCalculatorKit' from project 'FinancialCalculatorKit')
    cd /Users/rogerlin/XCode-Projects/FinancialCalculatorKit-5.0-updated-accent-colors
    

SwiftCompile normal arm64 Compiling\ FREDDataView.swift,\ FormulaReferenceView.swift /Users/rogerlin/XCode-Projects/FinancialCalculatorKit-5.0-updated-accent-colors/FinancialCalculatorKit/Views/FRED/FREDDataView.swift /Users/rogerlin/XCode-Projects/FinancialCalculatorKit-5.0-updated-accent-colors/FinancialCalculatorKit/Views/Reference/FormulaReferenceView.swift (in target 'FinancialCalculatorKit' from project 'FinancialCalculatorKit')
/Applications/Xcode.app/Contents/Developer/Toolchains/XcodeDefault.xctoolchain/usr/bin/swift-frontend -frontend -c /Users/rogerlin/XCode-Projects/FinancialCalculatorKit-5.0-updated-accent-colors/FinancialCalculatorKit/Models/Bond/AdvancedBondModels.swift /Users/rogerlin/XCode-Projects/FinancialCalculatorKit-5.0-updated-accent-colors/FinancialCalculatorKit/Models/Bond/YieldCurveTypes.swift /Users/rogerlin/XCode-Projects/FinancialCalculatorKit-5.0-updated-accent-colors/FinancialCalculatorKit/Models/Calculation/BondCalculation.swift /Users/rogerlin/XCode-Projects/FinancialCalculatorKit-5.0-updated-accent-colors/FinancialCalculatorKit/Models/Calculation/CalculationMetadata.swift /Users/rogerlin/XCode-Projects/FinancialCalculatorKit-5.0-updated-accent-colors/FinancialCalculatorKit/Models/Calculation/DepreciationCalculation.swift /Users/rogerlin/XCode-Projects/FinancialCalculatorKit-5.0-updated-accent-colors/FinancialCalculatorKit/Models/Calculation/FinancialCalculation.swift /Users/rogerlin/XCode-Projects/FinancialCalculatorKit-5.0-updated-accent-colors/FinancialCalculatorKit/Models/Calculation/InvestmentCalculation.swift /Users/rogerlin/XCode-Projects/FinancialCalculatorKit-5.0-updated-accent-colors/FinancialCalculatorKit/Models/Calculation/LoanCalculation.swift /Users/rogerlin/XCode-Projects/FinancialCalculatorKit-5.0-updated-accent-colors/FinancialCalculatorKit/Models/Calculation/TimeValueCalculation.swift /Users/rogerlin/XCode-Projects/FinancialCalculatorKit-5.0-updated-accent-colors/FinancialCalculatorKit/Models/Enums/CalculationType.swift /Users/rogerlin/XCode-Projects/FinancialCalculatorKit-5.0-updated-accent-colors/FinancialCalculatorKit/Models/Enums/Currency.swift /Users/rogerlin/XCode-Projects/FinancialCalculatorKit-5.0-updated-accent-colors/FinancialCalculatorKit/Models/Enums/LoanType.swift /Users/rogerlin/XCode-Projects/FinancialCalculatorKit-5.0-updated-accent-colors/FinancialCalculatorKit/Models/Enums/PaymentFrequency.swift /Users/rogerlin/XCode-Projects/FinancialCalculatorKit-5.0-updated-accent-colors/FinancialCalculatorKit/Models/Enums/TimeValueVariable.swift /Users/rogerlin/XCode-Projects/FinancialCalculatorKit-5.0-updated-accent-colors/FinancialCalculatorKit/Models/Formula/FormulaReference.swift /Users/rogerlin/XCode-Projects/FinancialCalculatorKit-5.0-updated-accent-colors/FinancialCalculatorKit/Models/FRED/FREDModels.swift /Users/rogerlin/XCode-Projects/FinancialCalculatorKit-5.0-updated-accent-colors/FinancialCalculatorKit/Models/Options/AdvancedOptionsModels.swift /Users/rogerlin/XCode-Projects/FinancialCalculatorKit-5.0-updated-accent-colors/FinancialCalculatorKit/Models/ScientificCalculator/EquationDocument.swift /Users/rogerlin/XCode-Projects/FinancialCalculatorKit-5.0-updated-accent-colors/FinancialCalculatorKit/Models/ScientificCalculator/VariableStore.swift /Users/rogerlin/XCode-Projects/FinancialCalculatorKit-5.0-updated-accent-colors/FinancialCalculatorKit/Protocols/FinancialComputable.swift /Users/rogerlin/XCode-Projects/FinancialCalculatorKit-5.0-updated-accent-colors/FinancialCalculatorKit/Services/Bond/AdvancedBondPricingEngine.swift /Users/rogerlin/XCode-Projects/FinancialCalculatorKit-5.0-updated-accent-colors/FinancialCalculatorKit/Services/Options/AdvancedOptionsPricingEngine.swift /Users/rogerlin/XCode-Projects/FinancialCalculatorKit-5.0-updated-accent-colors/FinancialCalculatorKit/Services/AdvancedExpressionParser.swift /Users/rogerlin/XCode-Projects/FinancialCalculatorKit-5.0-updated-accent-colors/FinancialCalculatorKit/Services/AdvancedIRRCalculator.swift /Users/rogerlin/XCode-Projects/FinancialCalculatorKit-5.0-updated-accent-colors/FinancialCalculatorKit/Services/AdvancedMathFunctions.swift /Users/rogerlin/XCode-Projects/FinancialCalculatorKit-5.0-updated-accent-colors/FinancialCalculatorKit/Services/CalculationEngine.swift /Users/rogerlin/XCode-Projects/FinancialCalculatorKit-5.0-updated-accent-colors/FinancialCalculatorKit/Services/CSVHelper.swift /Users/rogerlin/XCode-Projects/FinancialCalculatorKit-5.0-updated-accent-colors/FinancialCalculatorKit/Services/CurrencyConversionService.swift /Users/rogerlin/XCode-Projects/FinancialCalculatorKit-5.0-updated-accent-colors/FinancialCalculatorKit/Services/ExchangeRateService.swift /Users/rogerlin/XCode-Projects/FinancialCalculatorKit-5.0-updated-accent-colors/FinancialCalculatorKit/Services/FinancialCalculator.swift /Users/rogerlin/XCode-Projects/FinancialCalculatorKit-5.0-updated-accent-colors/FinancialCalculatorKit/Services/FinancialValidation.swift /Users/rogerlin/XCode-Projects/FinancialCalculatorKit-5.0-updated-accent-colors/FinancialCalculatorKit/Services/FormulaAutoComplete.swift /Users/rogerlin/XCode-Projects/FinancialCalculatorKit-5.0-updated-accent-colors/FinancialCalculatorKit/Services/FREDService.swift /Users/rogerlin/XCode-Projects/FinancialCalculatorKit-5.0-updated-accent-colors/FinancialCalculatorKit/Services/HighPrecisionMath.swift /Users/rogerlin/XCode-Projects/FinancialCalculatorKit-5.0-updated-accent-colors/FinancialCalculatorKit/Services/HighPrecisionTestSuite.swift /Users/rogerlin/XCode-Projects/FinancialCalculatorKit-5.0-updated-accent-colors/FinancialCalculatorKit/Services/HighPrecisionValidation.swift /Users/rogerlin/XCode-Projects/FinancialCalculatorKit-5.0-updated-accent-colors/FinancialCalculatorKit/Services/TickerHistoryService.swift /Users/rogerlin/XCode-Projects/FinancialCalculatorKit-5.0-updated-accent-colors/FinancialCalculatorKit/Services/ValidationExtensions.swift /Users/rogerlin/XCode-Projects/FinancialCalculatorKit-5.0-updated-accent-colors/FinancialCalculatorKit/Services/ValidationService.swift /Users/rogerlin/XCode-Projects/FinancialCalculatorKit-5.0-updated-accent-colors/FinancialCalculatorKit/Services/ValidationTestSuite.swift /Users/rogerlin/XCode-Projects/FinancialCalculatorKit-5.0-updated-accent-colors/FinancialCalculatorKit/Utilities/Extensions/Date+Financial.swift /Users/rogerlin/XCode-Projects/FinancialCalculatorKit-5.0-updated-accent-colors/FinancialCalculatorKit/Utilities/Extensions/Double+Financial.swift /Users/rogerlin/XCode-Projects/FinancialCalculatorKit-5.0-updated-accent-colors/FinancialCalculatorKit/Utilities/CashFlowsTransformer.swift /Users/rogerlin/XCode-Projects/FinancialCalculatorKit-5.0-updated-accent-colors/FinancialCalculatorKit/Utilities/Formatters.swift /Users/rogerlin/XCode-Projects/FinancialCalculatorKit-5.0-updated-accent-colors/FinancialCalculatorKit/ViewHelpers/FormulaViewHelper.swift /Users/rogerlin/XCode-Projects/FinancialCalculatorKit-5.0-updated-accent-colors/FinancialCalculatorKit/ViewModels/MainViewModel.swift /Users/rogerlin/XCode-Projects/FinancialCalculatorKit-5.0-updated-accent-colors/FinancialCalculatorKit/Views/Calculator/AdvancedBondCalculatorView.swift /Users/rogerlin/XCode-Projects/FinancialCalculatorKit-5.0-updated-accent-colors/FinancialCalculatorKit/Views/Calculator/AmortizationView.swift /Users/rogerlin/XCode-Projects/FinancialCalculatorKit-5.0-updated-accent-colors/FinancialCalculatorKit/Views/Calculator/BondCalculatorView.swift /Users/rogerlin/XCode-Projects/FinancialCalculatorKit-5.0-updated-accent-colors/FinancialCalculatorKit/Views/Calculator/CompactCalculatorView.swift /Users/rogerlin/XCode-Projects/FinancialCalculatorKit-5.0-updated-accent-colors/FinancialCalculatorKit/Views/Calculator/CurrencyConverterView.swift /Users/rogerlin/XCode-Projects/FinancialCalculatorKit-5.0-updated-accent-colors/FinancialCalculatorKit/Views/Calculator/CustomScientificKeyboard.swift /Users/rogerlin/XCode-Projects/FinancialCalculatorKit-5.0-updated-accent-colors/FinancialCalculatorKit/Views/Calculator/DepreciationCalculatorView.swift /Users/rogerlin/XCode-Projects/FinancialCalculatorKit-5.0-updated-accent-colors/FinancialCalculatorKit/Views/Calculator/DocumentListView.swift /Users/rogerlin/XCode-Projects/FinancialCalculatorKit-5.0-updated-accent-colors/FinancialCalculatorKit/Views/Calculator/EquityValuationView.swift /Users/rogerlin/XCode-Projects/FinancialCalculatorKit-5.0-updated-accent-colors/FinancialCalculatorKit/Views/Calculator/FixedIncomeAnalyticsView.swift /Users/rogerlin/XCode-Projects/FinancialCalculatorKit-5.0-updated-accent-colors/FinancialCalculatorKit/Views/Calculator/FormulaLibraryView.swift /Users/rogerlin/XCode-Projects/FinancialCalculatorKit-5.0-updated-accent-colors/FinancialCalculatorKit/Views/Calculator/ForwardsCalculatorView.swift /Users/rogerlin/XCode-Projects/FinancialCalculatorKit-5.0-updated-accent-colors/FinancialCalculatorKit/Views/Calculator/FuturesCalculatorView.swift /Users/rogerlin/XCode-Projects/FinancialCalculatorKit-5.0-updated-accent-colors/FinancialCalculatorKit/Views/Calculator/FutureValueView.swift /Users/rogerlin/XCode-Projects/FinancialCalculatorKit-5.0-updated-accent-colors/FinancialCalculatorKit/Views/Calculator/HighPrecisionCalculatorView.swift /Users/rogerlin/XCode-Projects/FinancialCalculatorKit-5.0-updated-accent-colors/FinancialCalculatorKit/Views/Calculator/InvestmentCalculatorView.swift /Users/rogerlin/XCode-Projects/FinancialCalculatorKit-5.0-updated-accent-colors/FinancialCalculatorKit/Views/Calculator/LoanCalculatorView.swift /Users/rogerlin/XCode-Projects/FinancialCalculatorKit-5.0-updated-accent-colors/FinancialCalculatorKit/Views/Calculator/LoanResultView.swift /Users/rogerlin/XCode-Projects/FinancialCalculatorKit-5.0-updated-accent-colors/FinancialCalculatorKit/Views/Calculator/MathExpressionCalculatorView.swift /Users/rogerlin/XCode-Projects/FinancialCalculatorKit-5.0-updated-accent-colors/FinancialCalculatorKit/Views/Calculator/OptionsCalculatorView.swift /Users/rogerlin/XCode-Projects/FinancialCalculatorKit-5.0-updated-accent-colors/FinancialCalculatorKit/Views/Calculator/OptionsStrategiesView.swift /Users/rogerlin/XCode-Projects/FinancialCalculatorKit-5.0-updated-accent-colors/FinancialCalculatorKit/Views/Calculator/PlaceholderViews.swift /Users/rogerlin/XCode-Projects/FinancialCalculatorKit-5.0-updated-accent-colors/FinancialCalculatorKit/Views/Calculator/PortfolioOptimizationView.swift /Users/rogerlin/XCode-Projects/FinancialCalculatorKit-5.0-updated-accent-colors/FinancialCalculatorKit/Views/Calculator/PrecisionDemoView.swift /Users/rogerlin/XCode-Projects/FinancialCalculatorKit-5.0-updated-accent-colors/FinancialCalculatorKit/Views/Calculator/RiskManagementView.swift /Users/rogerlin/XCode-Projects/FinancialCalculatorKit-5.0-updated-accent-colors/FinancialCalculatorKit/Views/Calculator/ScientificCalculatorView.swift /Users/rogerlin/XCode-Projects/FinancialCalculatorKit-5.0-updated-accent-colors/FinancialCalculatorKit/Views/Calculator/SwapsCalculatorView.swift /Users/rogerlin/XCode-Projects/FinancialCalculatorKit-5.0-updated-accent-colors/FinancialCalculatorKit/Views/Calculator/TemplateViews.swift /Users/rogerlin/XCode-Projects/FinancialCalculatorKit-5.0-updated-accent-colors/FinancialCalculatorKit/Views/Calculator/TickerHistoryView.swift /Users/rogerlin/XCode-Projects/FinancialCalculatorKit-5.0-updated-accent-colors/FinancialCalculatorKit/Views/Calculator/TimeValueCalculatorView.swift /Users/rogerlin/XCode-Projects/FinancialCalculatorKit-5.0-updated-accent-colors/FinancialCalculatorKit/Views/Calculator/TimeValueResultView.swift /Users/rogerlin/XCode-Projects/FinancialCalculatorKit-5.0-updated-accent-colors/FinancialCalculatorKit/Views/Calculator/UnitConverterView.swift /Users/rogerlin/XCode-Projects/FinancialCalculatorKit-5.0-updated-accent-colors/FinancialCalculatorKit/Views/Calculator/VariableManagementView.swift /Users/rogerlin/XCode-Projects/FinancialCalculatorKit-5.0-updated-accent-colors/FinancialCalculatorKit/Views/Charts/FinancialChartView.swift /Users/rogerlin/XCode-Projects/FinancialCalculatorKit-5.0-updated-accent-colors/FinancialCalculatorKit/Views/Charts/InteractiveFinancialCharts.swift /Users/rogerlin/XCode-Projects/FinancialCalculatorKit-5.0-updated-accent-colors/FinancialCalculatorKit/Views/Components/DetailRow.swift /Users/rogerlin/XCode-Projects/FinancialCalculatorKit-5.0-updated-accent-colors/FinancialCalculatorKit/Views/Components/DynamicInputSection.swift /Users/rogerlin/XCode-Projects/FinancialCalculatorKit-5.0-updated-accent-colors/FinancialCalculatorKit/Views/Components/EnhancedInputFields.swift /Users/rogerlin/XCode-Projects/FinancialCalculatorKit-5.0-updated-accent-colors/FinancialCalculatorKit/Views/Components/FinancialStyles.swift /Users/rogerlin/XCode-Projects/FinancialCalculatorKit-5.0-updated-accent-colors/FinancialCalculatorKit/Views/Components/InputFieldView.swift /Users/rogerlin/XCode-Projects/FinancialCalculatorKit-5.0-updated-accent-colors/FinancialCalculatorKit/Views/Components/InteractiveDataTables.swift /Users/rogerlin/XCode-Projects/FinancialCalculatorKit-5.0-updated-accent-colors/FinancialCalculatorKit/Views/Components/LoadingResultView.swift /Users/rogerlin/XCode-Projects/FinancialCalculatorKit-5.0-updated-accent-colors/FinancialCalculatorKit/Views/Components/NumbersOnlyViewModifier.swift /Users/rogerlin/XCode-Projects/FinancialCalculatorKit-5.0-updated-accent-colors/FinancialCalculatorKit/Views/Components/ResultDisplayView.swift /Users/rogerlin/XCode-Projects/FinancialCalculatorKit-5.0-updated-accent-colors/FinancialCalculatorKit/Views/Components/StatusIndicator.swift /Users/rogerlin/XCode-Projects/FinancialCalculatorKit-5.0-updated-accent-colors/FinancialCalculatorKit/Views/Components/ValidationSummaryView.swift -primary-file /Users/rogerlin/XCode-Projects/FinancialCalculatorKit-5.0-updated-accent-colors/FinancialCalculatorKit/Views/FRED/FREDDataView.swift -primary-file /Users/rogerlin/XCode-Projects/FinancialCalculatorKit-5.0-updated-accent-colors/FinancialCalculatorKit/Views/Reference/FormulaReferenceView.swift /Users/rogerlin/XCode-Projects/FinancialCalculatorKit-5.0-updated-accent-colors/FinancialCalculatorKit/Views/Reference/FormulaVariableView.swift /Users/rogerlin/XCode-Projects/FinancialCalculatorKit-5.0-updated-accent-colors/FinancialCalculatorKit/Views/Reference/FormulaVariantView.swift /Users/rogerlin/XCode-Projects/FinancialCalculatorKit-5.0-updated-accent-colors/FinancialCalculatorKit/ContentView.swift /Users/rogerlin/XCode-Projects/FinancialCalculatorKit-5.0-updated-accent-colors/FinancialCalculatorKit/FinancialCalculatorKitApp.swift /Users/rogerlin/XCode-Projects/FinancialCalculatorKit-5.0-updated-accent-colors/FinancialCalculatorKit/Item.swift /Users/rogerlin/Library/Developer/Xcode/DerivedData/FinancialCalculatorKit-ackorybalcxbfocbkqsfdzcfkgmn/Build/Intermediates.noindex/FinancialCalculatorKit.build/Debug/FinancialCalculatorKit.build/DerivedSources/GeneratedAssetSymbols.swift -emit-dependencies-path /Users/rogerlin/Library/Developer/Xcode/DerivedData/FinancialCalculatorKit-ackorybalcxbfocbkqsfdzcfkgmn/Build/Intermediates.noindex/FinancialCalculatorKit.build/Debug/FinancialCalculatorKit.build/Objects-normal/arm64/FREDDataView.d -emit-const-values-path /Users/rogerlin/Library/Developer/Xcode/DerivedData/FinancialCalculatorKit-ackorybalcxbfocbkqsfdzcfkgmn/Build/Intermediates.noindex/FinancialCalculatorKit.build/Debug/FinancialCalculatorKit.build/Objects-normal/arm64/FREDDataView.swiftconstvalues -emit-reference-dependencies-path /Users/rogerlin/Library/Developer/Xcode/DerivedData/FinancialCalculatorKit-ackorybalcxbfocbkqsfdzcfkgmn/Build/Intermediates.noindex/FinancialCalculatorKit.build/Debug/FinancialCalculatorKit.build/Objects-normal/arm64/FREDDataView.swiftdeps -serialize-diagnostics-path /Users/rogerlin/Library/Developer/Xcode/DerivedData/FinancialCalculatorKit-ackorybalcxbfocbkqsfdzcfkgmn/Build/Intermediates.noindex/FinancialCalculatorKit.build/Debug/FinancialCalculatorKit.build/Objects-normal/arm64/FREDDataView.dia -emit-dependencies-path /Users/rogerlin/Library/Developer/Xcode/DerivedData/FinancialCalculatorKit-ackorybalcxbfocbkqsfdzcfkgmn/Build/Intermediates.noindex/FinancialCalculatorKit.build/Debug/FinancialCalculatorKit.build/Objects-normal/arm64/FormulaReferenceView.d -emit-const-values-path /Users/rogerlin/Library/Developer/Xcode/DerivedData/FinancialCalculatorKit-ackorybalcxbfocbkqsfdzcfkgmn/Build/Intermediates.noindex/FinancialCalculatorKit.build/Debug/FinancialCalculatorKit.build/Objects-normal/arm64/FormulaReferenceView.swiftconstvalues -emit-reference-dependencies-path /Users/rogerlin/Library/Developer/Xcode/DerivedData/FinancialCalculatorKit-ackorybalcxbfocbkqsfdzcfkgmn/Build/Intermediates.noindex/FinancialCalculatorKit.build/Debug/FinancialCalculatorKit.build/Objects-normal/arm64/FormulaReferenceView.swiftdeps -serialize-diagnostics-path /Users/rogerlin/Library/Developer/Xcode/DerivedData/FinancialCalculatorKit-ackorybalcxbfocbkqsfdzcfkgmn/Build/Intermediates.noindex/FinancialCalculatorKit.build/Debug/FinancialCalculatorKit.build/Objects-normal/arm64/FormulaReferenceView.dia -emit-localized-strings -emit-localized-strings-path /Users/rogerlin/Library/Developer/Xcode/DerivedData/FinancialCalculatorKit-ackorybalcxbfocbkqsfdzcfkgmn/Build/Intermediates.noindex/FinancialCalculatorKit.build/Debug/FinancialCalculatorKit.build/Objects-normal/arm64 -target arm64-apple-macos14.0 -module-can-import-version AppKit 2685.20.119 2685.20.119 -module-can-import-version DeveloperToolsSupport 23.0.4 23.0.4 -module-can-import-version SwiftUI 7.1.13.1 7.1.13 -disable-cross-import-overlay-search -swift-module-cross-import SwiftData /Applications/Xcode.app/Contents/Developer/Platforms/MacOSX.platform/Developer/SDKs/MacOSX26.1.sdk/System/Library/Frameworks/SwiftData.framework/Modules/SwiftData.swiftcrossimport/CoreData.swiftoverlay -swift-module-cross-import SwiftData /Applications/Xcode.app/Contents/Developer/Platforms/MacOSX.platform/Developer/SDKs/MacOSX26.1.sdk/System/Library/Frameworks/SwiftData.framework/Modules/SwiftData.swiftcrossimport/SwiftUI.swiftoverlay -load-resolved-plugin \#/Users/rogerlin/Library/Developer/Xcode/DerivedData/FinancialCalculatorKit-ackorybalcxbfocbkqsfdzcfkgmn/Build/Products/Debug/CasePathsMacros\#CasePathsMacros -load-resolved-plugin /Applications/Xcode.app/Contents/Developer/Platforms/MacOSX.platform/Developer/usr/lib/swift/host/plugins/libFoundationMacros.dylib\#/Applications/Xcode.app/Contents/Developer/Platforms/MacOSX.platform/Developer/usr/bin/swift-plugin-server\#FoundationMacros -load-resolved-plugin /Applications/Xcode.app/Contents/Developer/Platforms/MacOSX.platform/Developer/usr/lib/swift/host/plugins/libObservationMacros.dylib\#/Applications/Xcode.app/Contents/Developer/Platforms/MacOSX.platform/Developer/usr/bin/swift-plugin-server\#ObservationMacros -load-resolved-plugin /Applications/Xcode.app/Contents/Developer/Platforms/MacOSX.platform/Developer/usr/lib/swift/host/plugins/libPreviewsMacros.dylib\#/Applications/Xcode.app/Contents/Developer/Platforms/MacOSX.platform/Developer/usr/bin/swift-plugin-server\#PreviewsMacros -load-resolved-plugin /Applications/Xcode.app/Contents/Developer/Platforms/MacOSX.platform/Developer/usr/lib/swift/host/plugins/libSwiftDataMacros.dylib\#/Applications/Xcode.app/Contents/Developer/Platforms/MacOSX.platform/Developer/usr/bin/swift-plugin-server\#SwiftDataMacros -load-resolved-plugin /Applications/Xcode.app/Contents/Developer/Platforms/MacOSX.platform/Developer/usr/lib/swift/host/plugins/libSwiftMacros.dylib\#/Applications/Xcode.app/Contents/Developer/Platforms/MacOSX.platform/Developer/usr/bin/swift-plugin-server\#SwiftMacros -load-resolved-plugin /Applications/Xcode.app/Contents/Developer/Platforms/MacOSX.platform/Developer/usr/lib/swift/host/plugins/libSwiftUIMacros.dylib\#/Applications/Xcode.app/Contents/Developer/Platforms/MacOSX.platform/Developer/usr/bin/swift-plugin-server\#SwiftUIMacros -disable-implicit-swift-modules -Xcc -fno-implicit-modules -Xcc -fno-implicit-module-maps -explicit-swift-module-map-file /Users/rogerlin/Library/Developer/Xcode/DerivedData/FinancialCalculatorKit-ackorybalcxbfocbkqsfdzcfkgmn/Build/Intermediates.noindex/FinancialCalculatorKit.build/Debug/FinancialCalculatorKit.build/Objects-normal/arm64/FinancialCalculatorKit-dependencies-1.json -Xllvm -aarch64-use-tbi -enable-objc-interop -stack-check -sdk /Applications/Xcode.app/Contents/Developer/Platforms/MacOSX.platform/Developer/SDKs/MacOSX26.1.sdk -I /Users/rogerlin/Library/Developer/Xcode/DerivedData/FinancialCalculatorKit-ackorybalcxbfocbkqsfdzcfkgmn/Build/Products/Debug -F /Users/rogerlin/Library/Developer/Xcode/DerivedData/FinancialCalculatorKit-ackorybalcxbfocbkqsfdzcfkgmn/Build/Products/Debug/PackageFrameworks -F /Users/rogerlin/Library/Developer/Xcode/DerivedData/FinancialCalculatorKit-ackorybalcxbfocbkqsfdzcfkgmn/Build/Products/Debug/PackageFrameworks -F /Users/rogerlin/Library/Developer/Xcode/DerivedData/FinancialCalculatorKit-ackorybalcxbfocbkqsfdzcfkgmn/Build/Products/Debug/PackageFrameworks -F /Users/rogerlin/Library/Developer/Xcode/DerivedData/FinancialCalculatorKit-ackorybalcxbfocbkqsfdzcfkgmn/Build/Products/Debug/PackageFrameworks -F /Users/rogerlin/Library/Developer/Xcode/DerivedData/FinancialCalculatorKit-ackorybalcxbfocbkqsfdzcfkgmn/Build/Products/Debug/PackageFrameworks -F /Users/rogerlin/Library/Developer/Xcode/DerivedData/FinancialCalculatorKit-ackorybalcxbfocbkqsfdzcfkgmn/Build/Products/Debug/PackageFrameworks -F /Users/rogerlin/Library/Developer/Xcode/DerivedData/FinancialCalculatorKit-ackorybalcxbfocbkqsfdzcfkgmn/Build/Products/Debug/PackageFrameworks -F /Users/rogerlin/Library/Developer/Xcode/DerivedData/FinancialCalculatorKit-ackorybalcxbfocbkqsfdzcfkgmn/Build/Products/Debug/PackageFrameworks -F /Users/rogerlin/Library/Developer/Xcode/DerivedData/FinancialCalculatorKit-ackorybalcxbfocbkqsfdzcfkgmn/Build/Products/Debug/PackageFrameworks -F /Users/rogerlin/Library/Developer/Xcode/DerivedData/FinancialCalculatorKit-ackorybalcxbfocbkqsfdzcfkgmn/Build/Products/Debug/PackageFrameworks -F /Users/rogerlin/Library/Developer/Xcode/DerivedData/FinancialCalculatorKit-ackorybalcxbfocbkqsfdzcfkgmn/Build/Products/Debug/PackageFrameworks -F /Users/rogerlin/Library/Developer/Xcode/DerivedData/FinancialCalculatorKit-ackorybalcxbfocbkqsfdzcfkgmn/Build/Products/Debug/PackageFrameworks -F /Users/rogerlin/Library/Developer/Xcode/DerivedData/FinancialCalculatorKit-ackorybalcxbfocbkqsfdzcfkgmn/Build/Products/Debug/PackageFrameworks -F /Users/rogerlin/Library/Developer/Xcode/DerivedData/FinancialCalculatorKit-ackorybalcxbfocbkqsfdzcfkgmn/Build/Products/Debug/PackageFrameworks -F /Users/rogerlin/Library/Developer/Xcode/DerivedData/FinancialCalculatorKit-ackorybalcxbfocbkqsfdzcfkgmn/Build/Products/Debug/PackageFrameworks -F /Users/rogerlin/Library/Developer/Xcode/DerivedData/FinancialCalculatorKit-ackorybalcxbfocbkqsfdzcfkgmn/Build/Products/Debug/PackageFrameworks -F /Users/rogerlin/Library/Developer/Xcode/DerivedData/FinancialCalculatorKit-ackorybalcxbfocbkqsfdzcfkgmn/Build/Products/Debug/PackageFrameworks -F /Users/rogerlin/Library/Developer/Xcode/DerivedData/FinancialCalculatorKit-ackorybalcxbfocbkqsfdzcfkgmn/Build/Products/Debug/PackageFrameworks -F /Users/rogerlin/Library/Developer/Xcode/DerivedData/FinancialCalculatorKit-ackorybalcxbfocbkqsfdzcfkgmn/Build/Products/Debug/PackageFrameworks -F /Users/rogerlin/Library/Developer/Xcode/DerivedData/FinancialCalculatorKit-ackorybalcxbfocbkqsfdzcfkgmn/Build/Products/Debug -no-color-diagnostics -Xcc -fno-color-diagnostics -enable-testing -g -debug-info-format\=dwarf -dwarf-version\=4 -module-cache-path /Users/rogerlin/Library/Developer/Xcode/DerivedData/FinancialCalculatorKit-ackorybalcxbfocbkqsfdzcfkgmn/Build/Intermediates.noindex/SwiftExplicitPrecompiledModules -profile-generate -profile-coverage-mapping -swift-version 5 -enforce-exclusivity\=checked -Onone -D DEBUG -serialize-debugging-options -load-plugin-executable /Users/rogerlin/Library/Developer/Xcode/DerivedData/FinancialCalculatorKit-ackorybalcxbfocbkqsfdzcfkgmn/Build/Products/Debug/CasePathsMacros\#CasePathsMacros -const-gather-protocols-file /Users/rogerlin/Library/Developer/Xcode/DerivedData/FinancialCalculatorKit-ackorybalcxbfocbkqsfdzcfkgmn/Build/Intermediates.noindex/FinancialCalculatorKit.build/Debug/FinancialCalculatorKit.build/Objects-normal/arm64/FinancialCalculatorKit_const_extract_protocols.json -enable-experimental-feature DebugDescriptionMacro -enable-bare-slash-regex -empty-abi-descriptor -validate-clang-modules-once -clang-build-session-file /Users/rogerlin/Library/Developer/Xcode/DerivedData/ModuleCache.noindex/Session.modulevalidation -Xcc -working-directory -Xcc /Users/rogerlin/XCode-Projects/FinancialCalculatorKit-5.0-updated-accent-colors -enable-anonymous-context-mangled-names -file-compilation-dir /Users/rogerlin/XCode-Projects/FinancialCalculatorKit-5.0-updated-accent-colors -Xcc -D_LIBCPP_HARDENING_MODE\=_LIBCPP_HARDENING_MODE_DEBUG -Xcc -ivfsstatcache -Xcc /Users/rogerlin/Library/Developer/Xcode/DerivedData/SDKStatCaches.noindex/macosx26.1-25B74-3ae1261907bdadc328169391a47051a6.sdkstatcache -Xcc -I/Users/rogerlin/Library/Developer/Xcode/DerivedData/FinancialCalculatorKit-ackorybalcxbfocbkqsfdzcfkgmn/Build/Intermediates.noindex/FinancialCalculatorKit.build/Debug/FinancialCalculatorKit.build/swift-overrides.hmap -Xcc -iquote -Xcc /Users/rogerlin/Library/Developer/Xcode/DerivedData/FinancialCalculatorKit-ackorybalcxbfocbkqsfdzcfkgmn/Build/Intermediates.noindex/FinancialCalculatorKit.build/Debug/FinancialCalculatorKit.build/FinancialCalculatorKit-generated-files.hmap -Xcc -I/Users/rogerlin/Library/Developer/Xcode/DerivedData/FinancialCalculatorKit-ackorybalcxbfocbkqsfdzcfkgmn/Build/Intermediates.noindex/FinancialCalculatorKit.build/Debug/FinancialCalculatorKit.build/FinancialCalculatorKit-own-target-headers.hmap -Xcc -I/Users/rogerlin/Library/Developer/Xcode/DerivedData/FinancialCalculatorKit-ackorybalcxbfocbkqsfdzcfkgmn/Build/Intermediates.noindex/FinancialCalculatorKit.build/Debug/FinancialCalculatorKit.build/FinancialCalculatorKit-all-non-framework-target-headers.hmap -Xcc -ivfsoverlay -Xcc /Users/rogerlin/Library/Developer/Xcode/DerivedData/FinancialCalculatorKit-ackorybalcxbfocbkqsfdzcfkgmn/Build/Intermediates.noindex/FinancialCalculatorKit.build/Debug/FinancialCalculatorKit-b796aaad08c4b307251b75ea7c01aae2-VFS/all-product-headers.yaml -Xcc -iquote -Xcc /Users/rogerlin/Library/Developer/Xcode/DerivedData/FinancialCalculatorKit-ackorybalcxbfocbkqsfdzcfkgmn/Build/Intermediates.noindex/FinancialCalculatorKit.build/Debug/FinancialCalculatorKit.build/FinancialCalculatorKit-project-headers.hmap -Xcc -I/Users/rogerlin/Library/Developer/Xcode/DerivedData/FinancialCalculatorKit-ackorybalcxbfocbkqsfdzcfkgmn/SourcePackages/checkouts/swift-numerics/Sources/_NumericsShims/include -Xcc -I/Users/rogerlin/Library/Developer/Xcode/DerivedData/FinancialCalculatorKit-ackorybalcxbfocbkqsfdzcfkgmn/Build/Products/Debug/include -Xcc -I/Users/rogerlin/Library/Developer/Xcode/DerivedData/FinancialCalculatorKit-ackorybalcxbfocbkqsfdzcfkgmn/Build/Intermediates.noindex/FinancialCalculatorKit.build/Debug/FinancialCalculatorKit.build/DerivedSources-normal/arm64 -Xcc -I/Users/rogerlin/Library/Developer/Xcode/DerivedData/FinancialCalculatorKit-ackorybalcxbfocbkqsfdzcfkgmn/Build/Intermediates.noindex/FinancialCalculatorKit.build/Debug/FinancialCalculatorKit.build/DerivedSources/arm64 -Xcc -I/Users/rogerlin/Library/Developer/Xcode/DerivedData/FinancialCalculatorKit-ackorybalcxbfocbkqsfdzcfkgmn/Build/Intermediates.noindex/FinancialCalculatorKit.build/Debug/FinancialCalculatorKit.build/DerivedSources -Xcc -DDEBUG\=1 -no-auto-bridging-header-chaining -module-name FinancialCalculatorKit -frontend-parseable-output -disable-clang-spi -target-sdk-version 26.1 -target-sdk-name macosx26.1 -clang-target arm64-apple-macos26.1 -in-process-plugin-server-path /Applications/Xcode.app/Contents/Developer/Toolchains/XcodeDefault.xctoolchain/usr/lib/swift/host/libSwiftInProcPluginServer.dylib -o /Users/rogerlin/Library/Developer/Xcode/DerivedData/FinancialCalculatorKit-ackorybalcxbfocbkqsfdzcfkgmn/Build/Intermediates.noindex/FinancialCalculatorKit.build/Debug/FinancialCalculatorKit.build/Objects-normal/arm64/FREDDataView.o -o /Users/rogerlin/Library/Developer/Xcode/DerivedData/FinancialCalculatorKit-ackorybalcxbfocbkqsfdzcfkgmn/Build/Intermediates.noindex/FinancialCalculatorKit.build/Debug/FinancialCalculatorKit.build/Objects-normal/arm64/FormulaReferenceView.o -index-unit-output-path /FinancialCalculatorKit.build/Debug/FinancialCalculatorKit.build/Objects-normal/arm64/FREDDataView.o -index-unit-output-path /FinancialCalculatorKit.build/Debug/FinancialCalculatorKit.build/Objects-normal/arm64/FormulaReferenceView.o -index-store-path /Users/rogerlin/Library/Developer/Xcode/DerivedData/FinancialCalculatorKit-ackorybalcxbfocbkqsfdzcfkgmn/Index.noindex/DataStore -index-system-modules

SwiftCompile normal arm64 /Users/rogerlin/XCode-Projects/FinancialCalculatorKit-5.0-updated-accent-colors/FinancialCalculatorKit/Views/FRED/FREDDataView.swift (in target 'FinancialCalculatorKit' from project 'FinancialCalculatorKit')
    cd /Users/rogerlin/XCode-Projects/FinancialCalculatorKit-5.0-updated-accent-colors
    

SwiftCompile normal arm64 /Users/rogerlin/XCode-Projects/FinancialCalculatorKit-5.0-updated-accent-colors/FinancialCalculatorKit/Views/Reference/FormulaReferenceView.swift (in target 'FinancialCalculatorKit' from project 'FinancialCalculatorKit')
    cd /Users/rogerlin/XCode-Projects/FinancialCalculatorKit-5.0-updated-accent-colors
    

SwiftEmitModule normal arm64 Emitting\ module\ for\ FinancialCalculatorKit (in target 'FinancialCalculatorKit' from project 'FinancialCalculatorKit')
/Applications/Xcode.app/Contents/Developer/Toolchains/XcodeDefault.xctoolchain/usr/bin/swift-frontend -frontend -emit-module -experimental-skip-non-inlinable-function-bodies-without-types /Users/rogerlin/XCode-Projects/FinancialCalculatorKit-5.0-updated-accent-colors/FinancialCalculatorKit/Models/Bond/AdvancedBondModels.swift /Users/rogerlin/XCode-Projects/FinancialCalculatorKit-5.0-updated-accent-colors/FinancialCalculatorKit/Models/Bond/YieldCurveTypes.swift /Users/rogerlin/XCode-Projects/FinancialCalculatorKit-5.0-updated-accent-colors/FinancialCalculatorKit/Models/Calculation/BondCalculation.swift /Users/rogerlin/XCode-Projects/FinancialCalculatorKit-5.0-updated-accent-colors/FinancialCalculatorKit/Models/Calculation/CalculationMetadata.swift /Users/rogerlin/XCode-Projects/FinancialCalculatorKit-5.0-updated-accent-colors/FinancialCalculatorKit/Models/Calculation/DepreciationCalculation.swift /Users/rogerlin/XCode-Projects/FinancialCalculatorKit-5.0-updated-accent-colors/FinancialCalculatorKit/Models/Calculation/FinancialCalculation.swift /Users/rogerlin/XCode-Projects/FinancialCalculatorKit-5.0-updated-accent-colors/FinancialCalculatorKit/Models/Calculation/InvestmentCalculation.swift /Users/rogerlin/XCode-Projects/FinancialCalculatorKit-5.0-updated-accent-colors/FinancialCalculatorKit/Models/Calculation/LoanCalculation.swift /Users/rogerlin/XCode-Projects/FinancialCalculatorKit-5.0-updated-accent-colors/FinancialCalculatorKit/Models/Calculation/TimeValueCalculation.swift /Users/rogerlin/XCode-Projects/FinancialCalculatorKit-5.0-updated-accent-colors/FinancialCalculatorKit/Models/Enums/CalculationType.swift /Users/rogerlin/XCode-Projects/FinancialCalculatorKit-5.0-updated-accent-colors/FinancialCalculatorKit/Models/Enums/Currency.swift /Users/rogerlin/XCode-Projects/FinancialCalculatorKit-5.0-updated-accent-colors/FinancialCalculatorKit/Models/Enums/LoanType.swift /Users/rogerlin/XCode-Projects/FinancialCalculatorKit-5.0-updated-accent-colors/FinancialCalculatorKit/Models/Enums/PaymentFrequency.swift /Users/rogerlin/XCode-Projects/FinancialCalculatorKit-5.0-updated-accent-colors/FinancialCalculatorKit/Models/Enums/TimeValueVariable.swift /Users/rogerlin/XCode-Projects/FinancialCalculatorKit-5.0-updated-accent-colors/FinancialCalculatorKit/Models/Formula/FormulaReference.swift /Users/rogerlin/XCode-Projects/FinancialCalculatorKit-5.0-updated-accent-colors/FinancialCalculatorKit/Models/FRED/FREDModels.swift /Users/rogerlin/XCode-Projects/FinancialCalculatorKit-5.0-updated-accent-colors/FinancialCalculatorKit/Models/Options/AdvancedOptionsModels.swift /Users/rogerlin/XCode-Projects/FinancialCalculatorKit-5.0-updated-accent-colors/FinancialCalculatorKit/Models/ScientificCalculator/EquationDocument.swift /Users/rogerlin/XCode-Projects/FinancialCalculatorKit-5.0-updated-accent-colors/FinancialCalculatorKit/Models/ScientificCalculator/VariableStore.swift /Users/rogerlin/XCode-Projects/FinancialCalculatorKit-5.0-updated-accent-colors/FinancialCalculatorKit/Protocols/FinancialComputable.swift /Users/rogerlin/XCode-Projects/FinancialCalculatorKit-5.0-updated-accent-colors/FinancialCalculatorKit/Services/Bond/AdvancedBondPricingEngine.swift /Users/rogerlin/XCode-Projects/FinancialCalculatorKit-5.0-updated-accent-colors/FinancialCalculatorKit/Services/Options/AdvancedOptionsPricingEngine.swift /Users/rogerlin/XCode-Projects/FinancialCalculatorKit-5.0-updated-accent-colors/FinancialCalculatorKit/Services/AdvancedExpressionParser.swift /Users/rogerlin/XCode-Projects/FinancialCalculatorKit-5.0-updated-accent-colors/FinancialCalculatorKit/Services/AdvancedIRRCalculator.swift /Users/rogerlin/XCode-Projects/FinancialCalculatorKit-5.0-updated-accent-colors/FinancialCalculatorKit/Services/AdvancedMathFunctions.swift /Users/rogerlin/XCode-Projects/FinancialCalculatorKit-5.0-updated-accent-colors/FinancialCalculatorKit/Services/CalculationEngine.swift /Users/rogerlin/XCode-Projects/FinancialCalculatorKit-5.0-updated-accent-colors/FinancialCalculatorKit/Services/CSVHelper.swift /Users/rogerlin/XCode-Projects/FinancialCalculatorKit-5.0-updated-accent-colors/FinancialCalculatorKit/Services/CurrencyConversionService.swift /Users/rogerlin/XCode-Projects/FinancialCalculatorKit-5.0-updated-accent-colors/FinancialCalculatorKit/Services/ExchangeRateService.swift /Users/rogerlin/XCode-Projects/FinancialCalculatorKit-5.0-updated-accent-colors/FinancialCalculatorKit/Services/FinancialCalculator.swift /Users/rogerlin/XCode-Projects/FinancialCalculatorKit-5.0-updated-accent-colors/FinancialCalculatorKit/Services/FinancialValidation.swift /Users/rogerlin/XCode-Projects/FinancialCalculatorKit-5.0-updated-accent-colors/FinancialCalculatorKit/Services/FormulaAutoComplete.swift /Users/rogerlin/XCode-Projects/FinancialCalculatorKit-5.0-updated-accent-colors/FinancialCalculatorKit/Services/FREDService.swift /Users/rogerlin/XCode-Projects/FinancialCalculatorKit-5.0-updated-accent-colors/FinancialCalculatorKit/Services/HighPrecisionMath.swift /Users/rogerlin/XCode-Projects/FinancialCalculatorKit-5.0-updated-accent-colors/FinancialCalculatorKit/Services/HighPrecisionTestSuite.swift /Users/rogerlin/XCode-Projects/FinancialCalculatorKit-5.0-updated-accent-colors/FinancialCalculatorKit/Services/HighPrecisionValidation.swift /Users/rogerlin/XCode-Projects/FinancialCalculatorKit-5.0-updated-accent-colors/FinancialCalculatorKit/Services/TickerHistoryService.swift /Users/rogerlin/XCode-Projects/FinancialCalculatorKit-5.0-updated-accent-colors/FinancialCalculatorKit/Services/ValidationExtensions.swift /Users/rogerlin/XCode-Projects/FinancialCalculatorKit-5.0-updated-accent-colors/FinancialCalculatorKit/Services/ValidationService.swift /Users/rogerlin/XCode-Projects/FinancialCalculatorKit-5.0-updated-accent-colors/FinancialCalculatorKit/Services/ValidationTestSuite.swift /Users/rogerlin/XCode-Projects/FinancialCalculatorKit-5.0-updated-accent-colors/FinancialCalculatorKit/Utilities/Extensions/Date+Financial.swift /Users/rogerlin/XCode-Projects/FinancialCalculatorKit-5.0-updated-accent-colors/FinancialCalculatorKit/Utilities/Extensions/Double+Financial.swift /Users/rogerlin/XCode-Projects/FinancialCalculatorKit-5.0-updated-accent-colors/FinancialCalculatorKit/Utilities/CashFlowsTransformer.swift /Users/rogerlin/XCode-Projects/FinancialCalculatorKit-5.0-updated-accent-colors/FinancialCalculatorKit/Utilities/Formatters.swift /Users/rogerlin/XCode-Projects/FinancialCalculatorKit-5.0-updated-accent-colors/FinancialCalculatorKit/ViewHelpers/FormulaViewHelper.swift /Users/rogerlin/XCode-Projects/FinancialCalculatorKit-5.0-updated-accent-colors/FinancialCalculatorKit/ViewModels/MainViewModel.swift /Users/rogerlin/XCode-Projects/FinancialCalculatorKit-5.0-updated-accent-colors/FinancialCalculatorKit/Views/Calculator/AdvancedBondCalculatorView.swift /Users/rogerlin/XCode-Projects/FinancialCalculatorKit-5.0-updated-accent-colors/FinancialCalculatorKit/Views/Calculator/AmortizationView.swift /Users/rogerlin/XCode-Projects/FinancialCalculatorKit-5.0-updated-accent-colors/FinancialCalculatorKit/Views/Calculator/BondCalculatorView.swift /Users/rogerlin/XCode-Projects/FinancialCalculatorKit-5.0-updated-accent-colors/FinancialCalculatorKit/Views/Calculator/CompactCalculatorView.swift /Users/rogerlin/XCode-Projects/FinancialCalculatorKit-5.0-updated-accent-colors/FinancialCalculatorKit/Views/Calculator/CurrencyConverterView.swift /Users/rogerlin/XCode-Projects/FinancialCalculatorKit-5.0-updated-accent-colors/FinancialCalculatorKit/Views/Calculator/CustomScientificKeyboard.swift /Users/rogerlin/XCode-Projects/FinancialCalculatorKit-5.0-updated-accent-colors/FinancialCalculatorKit/Views/Calculator/DepreciationCalculatorView.swift /Users/rogerlin/XCode-Projects/FinancialCalculatorKit-5.0-updated-accent-colors/FinancialCalculatorKit/Views/Calculator/DocumentListView.swift /Users/rogerlin/XCode-Projects/FinancialCalculatorKit-5.0-updated-accent-colors/FinancialCalculatorKit/Views/Calculator/EquityValuationView.swift /Users/rogerlin/XCode-Projects/FinancialCalculatorKit-5.0-updated-accent-colors/FinancialCalculatorKit/Views/Calculator/FixedIncomeAnalyticsView.swift /Users/rogerlin/XCode-Projects/FinancialCalculatorKit-5.0-updated-accent-colors/FinancialCalculatorKit/Views/Calculator/FormulaLibraryView.swift /Users/rogerlin/XCode-Projects/FinancialCalculatorKit-5.0-updated-accent-colors/FinancialCalculatorKit/Views/Calculator/ForwardsCalculatorView.swift /Users/rogerlin/XCode-Projects/FinancialCalculatorKit-5.0-updated-accent-colors/FinancialCalculatorKit/Views/Calculator/FuturesCalculatorView.swift /Users/rogerlin/XCode-Projects/FinancialCalculatorKit-5.0-updated-accent-colors/FinancialCalculatorKit/Views/Calculator/FutureValueView.swift /Users/rogerlin/XCode-Projects/FinancialCalculatorKit-5.0-updated-accent-colors/FinancialCalculatorKit/Views/Calculator/HighPrecisionCalculatorView.swift /Users/rogerlin/XCode-Projects/FinancialCalculatorKit-5.0-updated-accent-colors/FinancialCalculatorKit/Views/Calculator/InvestmentCalculatorView.swift /Users/rogerlin/XCode-Projects/FinancialCalculatorKit-5.0-updated-accent-colors/FinancialCalculatorKit/Views/Calculator/LoanCalculatorView.swift /Users/rogerlin/XCode-Projects/FinancialCalculatorKit-5.0-updated-accent-colors/FinancialCalculatorKit/Views/Calculator/LoanResultView.swift /Users/rogerlin/XCode-Projects/FinancialCalculatorKit-5.0-updated-accent-colors/FinancialCalculatorKit/Views/Calculator/MathExpressionCalculatorView.swift /Users/rogerlin/XCode-Projects/FinancialCalculatorKit-5.0-updated-accent-colors/FinancialCalculatorKit/Views/Calculator/OptionsCalculatorView.swift /Users/rogerlin/XCode-Projects/FinancialCalculatorKit-5.0-updated-accent-colors/FinancialCalculatorKit/Views/Calculator/OptionsStrategiesView.swift /Users/rogerlin/XCode-Projects/FinancialCalculatorKit-5.0-updated-accent-colors/FinancialCalculatorKit/Views/Calculator/PlaceholderViews.swift /Users/rogerlin/XCode-Projects/FinancialCalculatorKit-5.0-updated-accent-colors/FinancialCalculatorKit/Views/Calculator/PortfolioOptimizationView.swift /Users/rogerlin/XCode-Projects/FinancialCalculatorKit-5.0-updated-accent-colors/FinancialCalculatorKit/Views/Calculator/PrecisionDemoView.swift /Users/rogerlin/XCode-Projects/FinancialCalculatorKit-5.0-updated-accent-colors/FinancialCalculatorKit/Views/Calculator/RiskManagementView.swift /Users/rogerlin/XCode-Projects/FinancialCalculatorKit-5.0-updated-accent-colors/FinancialCalculatorKit/Views/Calculator/ScientificCalculatorView.swift /Users/rogerlin/XCode-Projects/FinancialCalculatorKit-5.0-updated-accent-colors/FinancialCalculatorKit/Views/Calculator/SwapsCalculatorView.swift /Users/rogerlin/XCode-Projects/FinancialCalculatorKit-5.0-updated-accent-colors/FinancialCalculatorKit/Views/Calculator/TemplateViews.swift /Users/rogerlin/XCode-Projects/FinancialCalculatorKit-5.0-updated-accent-colors/FinancialCalculatorKit/Views/Calculator/TickerHistoryView.swift /Users/rogerlin/XCode-Projects/FinancialCalculatorKit-5.0-updated-accent-colors/FinancialCalculatorKit/Views/Calculator/TimeValueCalculatorView.swift /Users/rogerlin/XCode-Projects/FinancialCalculatorKit-5.0-updated-accent-colors/FinancialCalculatorKit/Views/Calculator/TimeValueResultView.swift /Users/rogerlin/XCode-Projects/FinancialCalculatorKit-5.0-updated-accent-colors/FinancialCalculatorKit/Views/Calculator/UnitConverterView.swift /Users/rogerlin/XCode-Projects/FinancialCalculatorKit-5.0-updated-accent-colors/FinancialCalculatorKit/Views/Calculator/VariableManagementView.swift /Users/rogerlin/XCode-Projects/FinancialCalculatorKit-5.0-updated-accent-colors/FinancialCalculatorKit/Views/Charts/FinancialChartView.swift /Users/rogerlin/XCode-Projects/FinancialCalculatorKit-5.0-updated-accent-colors/FinancialCalculatorKit/Views/Charts/InteractiveFinancialCharts.swift /Users/rogerlin/XCode-Projects/FinancialCalculatorKit-5.0-updated-accent-colors/FinancialCalculatorKit/Views/Components/DetailRow.swift /Users/rogerlin/XCode-Projects/FinancialCalculatorKit-5.0-updated-accent-colors/FinancialCalculatorKit/Views/Components/DynamicInputSection.swift /Users/rogerlin/XCode-Projects/FinancialCalculatorKit-5.0-updated-accent-colors/FinancialCalculatorKit/Views/Components/EnhancedInputFields.swift /Users/rogerlin/XCode-Projects/FinancialCalculatorKit-5.0-updated-accent-colors/FinancialCalculatorKit/Views/Components/FinancialStyles.swift /Users/rogerlin/XCode-Projects/FinancialCalculatorKit-5.0-updated-accent-colors/FinancialCalculatorKit/Views/Components/InputFieldView.swift /Users/rogerlin/XCode-Projects/FinancialCalculatorKit-5.0-updated-accent-colors/FinancialCalculatorKit/Views/Components/InteractiveDataTables.swift /Users/rogerlin/XCode-Projects/FinancialCalculatorKit-5.0-updated-accent-colors/FinancialCalculatorKit/Views/Components/LoadingResultView.swift /Users/rogerlin/XCode-Projects/FinancialCalculatorKit-5.0-updated-accent-colors/FinancialCalculatorKit/Views/Components/NumbersOnlyViewModifier.swift /Users/rogerlin/XCode-Projects/FinancialCalculatorKit-5.0-updated-accent-colors/FinancialCalculatorKit/Views/Components/ResultDisplayView.swift /Users/rogerlin/XCode-Projects/FinancialCalculatorKit-5.0-updated-accent-colors/FinancialCalculatorKit/Views/Components/StatusIndicator.swift /Users/rogerlin/XCode-Projects/FinancialCalculatorKit-5.0-updated-accent-colors/FinancialCalculatorKit/Views/Components/ValidationSummaryView.swift /Users/rogerlin/XCode-Projects/FinancialCalculatorKit-5.0-updated-accent-colors/FinancialCalculatorKit/Views/FRED/FREDDataView.swift /Users/rogerlin/XCode-Projects/FinancialCalculatorKit-5.0-updated-accent-colors/FinancialCalculatorKit/Views/Reference/FormulaReferenceView.swift /Users/rogerlin/XCode-Projects/FinancialCalculatorKit-5.0-updated-accent-colors/FinancialCalculatorKit/Views/Reference/FormulaVariableView.swift /Users/rogerlin/XCode-Projects/FinancialCalculatorKit-5.0-updated-accent-colors/FinancialCalculatorKit/Views/Reference/FormulaVariantView.swift /Users/rogerlin/XCode-Projects/FinancialCalculatorKit-5.0-updated-accent-colors/FinancialCalculatorKit/ContentView.swift /Users/rogerlin/XCode-Projects/FinancialCalculatorKit-5.0-updated-accent-colors/FinancialCalculatorKit/FinancialCalculatorKitApp.swift /Users/rogerlin/XCode-Projects/FinancialCalculatorKit-5.0-updated-accent-colors/FinancialCalculatorKit/Item.swift /Users/rogerlin/Library/Developer/Xcode/DerivedData/FinancialCalculatorKit-ackorybalcxbfocbkqsfdzcfkgmn/Build/Intermediates.noindex/FinancialCalculatorKit.build/Debug/FinancialCalculatorKit.build/DerivedSources/GeneratedAssetSymbols.swift -target arm64-apple-macos14.0 -module-can-import-version AppKit 2685.20.119 2685.20.119 -module-can-import-version DeveloperToolsSupport 23.0.4 23.0.4 -module-can-import-version SwiftUI 7.1.13.1 7.1.13 -disable-cross-import-overlay-search -swift-module-cross-import SwiftData /Applications/Xcode.app/Contents/Developer/Platforms/MacOSX.platform/Developer/SDKs/MacOSX26.1.sdk/System/Library/Frameworks/SwiftData.framework/Modules/SwiftData.swiftcrossimport/CoreData.swiftoverlay -swift-module-cross-import SwiftData /Applications/Xcode.app/Contents/Developer/Platforms/MacOSX.platform/Developer/SDKs/MacOSX26.1.sdk/System/Library/Frameworks/SwiftData.framework/Modules/SwiftData.swiftcrossimport/SwiftUI.swiftoverlay -load-resolved-plugin \#/Users/rogerlin/Library/Developer/Xcode/DerivedData/FinancialCalculatorKit-ackorybalcxbfocbkqsfdzcfkgmn/Build/Products/Debug/CasePathsMacros\#CasePathsMacros -load-resolved-plugin /Applications/Xcode.app/Contents/Developer/Platforms/MacOSX.platform/Developer/usr/lib/swift/host/plugins/libFoundationMacros.dylib\#/Applications/Xcode.app/Contents/Developer/Platforms/MacOSX.platform/Developer/usr/bin/swift-plugin-server\#FoundationMacros -load-resolved-plugin /Applications/Xcode.app/Contents/Developer/Platforms/MacOSX.platform/Developer/usr/lib/swift/host/plugins/libObservationMacros.dylib\#/Applications/Xcode.app/Contents/Developer/Platforms/MacOSX.platform/Developer/usr/bin/swift-plugin-server\#ObservationMacros -load-resolved-plugin /Applications/Xcode.app/Contents/Developer/Platforms/MacOSX.platform/Developer/usr/lib/swift/host/plugins/libPreviewsMacros.dylib\#/Applications/Xcode.app/Contents/Developer/Platforms/MacOSX.platform/Developer/usr/bin/swift-plugin-server\#PreviewsMacros -load-resolved-plugin /Applications/Xcode.app/Contents/Developer/Platforms/MacOSX.platform/Developer/usr/lib/swift/host/plugins/libSwiftDataMacros.dylib\#/Applications/Xcode.app/Contents/Developer/Platforms/MacOSX.platform/Developer/usr/bin/swift-plugin-server\#SwiftDataMacros -load-resolved-plugin /Applications/Xcode.app/Contents/Developer/Platforms/MacOSX.platform/Developer/usr/lib/swift/host/plugins/libSwiftMacros.dylib\#/Applications/Xcode.app/Contents/Developer/Platforms/MacOSX.platform/Developer/usr/bin/swift-plugin-server\#SwiftMacros -load-resolved-plugin /Applications/Xcode.app/Contents/Developer/Platforms/MacOSX.platform/Developer/usr/lib/swift/host/plugins/libSwiftUIMacros.dylib\#/Applications/Xcode.app/Contents/Developer/Platforms/MacOSX.platform/Developer/usr/bin/swift-plugin-server\#SwiftUIMacros -disable-implicit-swift-modules -Xcc -fno-implicit-modules -Xcc -fno-implicit-module-maps -explicit-swift-module-map-file /Users/rogerlin/Library/Developer/Xcode/DerivedData/FinancialCalculatorKit-ackorybalcxbfocbkqsfdzcfkgmn/Build/Intermediates.noindex/FinancialCalculatorKit.build/Debug/FinancialCalculatorKit.build/Objects-normal/arm64/FinancialCalculatorKit-dependencies-1.json -Xllvm -aarch64-use-tbi -enable-objc-interop -stack-check -sdk /Applications/Xcode.app/Contents/Developer/Platforms/MacOSX.platform/Developer/SDKs/MacOSX26.1.sdk -I /Users/rogerlin/Library/Developer/Xcode/DerivedData/FinancialCalculatorKit-ackorybalcxbfocbkqsfdzcfkgmn/Build/Products/Debug -F /Users/rogerlin/Library/Developer/Xcode/DerivedData/FinancialCalculatorKit-ackorybalcxbfocbkqsfdzcfkgmn/Build/Products/Debug/PackageFrameworks -F /Users/rogerlin/Library/Developer/Xcode/DerivedData/FinancialCalculatorKit-ackorybalcxbfocbkqsfdzcfkgmn/Build/Products/Debug/PackageFrameworks -F /Users/rogerlin/Library/Developer/Xcode/DerivedData/FinancialCalculatorKit-ackorybalcxbfocbkqsfdzcfkgmn/Build/Products/Debug/PackageFrameworks -F /Users/rogerlin/Library/Developer/Xcode/DerivedData/FinancialCalculatorKit-ackorybalcxbfocbkqsfdzcfkgmn/Build/Products/Debug/PackageFrameworks -F /Users/rogerlin/Library/Developer/Xcode/DerivedData/FinancialCalculatorKit-ackorybalcxbfocbkqsfdzcfkgmn/Build/Products/Debug/PackageFrameworks -F /Users/rogerlin/Library/Developer/Xcode/DerivedData/FinancialCalculatorKit-ackorybalcxbfocbkqsfdzcfkgmn/Build/Products/Debug/PackageFrameworks -F /Users/rogerlin/Library/Developer/Xcode/DerivedData/FinancialCalculatorKit-ackorybalcxbfocbkqsfdzcfkgmn/Build/Products/Debug/PackageFrameworks -F /Users/rogerlin/Library/Developer/Xcode/DerivedData/FinancialCalculatorKit-ackorybalcxbfocbkqsfdzcfkgmn/Build/Products/Debug/PackageFrameworks -F /Users/rogerlin/Library/Developer/Xcode/DerivedData/FinancialCalculatorKit-ackorybalcxbfocbkqsfdzcfkgmn/Build/Products/Debug/PackageFrameworks -F /Users/rogerlin/Library/Developer/Xcode/DerivedData/FinancialCalculatorKit-ackorybalcxbfocbkqsfdzcfkgmn/Build/Products/Debug/PackageFrameworks -F /Users/rogerlin/Library/Developer/Xcode/DerivedData/FinancialCalculatorKit-ackorybalcxbfocbkqsfdzcfkgmn/Build/Products/Debug/PackageFrameworks -F /Users/rogerlin/Library/Developer/Xcode/DerivedData/FinancialCalculatorKit-ackorybalcxbfocbkqsfdzcfkgmn/Build/Products/Debug/PackageFrameworks -F /Users/rogerlin/Library/Developer/Xcode/DerivedData/FinancialCalculatorKit-ackorybalcxbfocbkqsfdzcfkgmn/Build/Products/Debug/PackageFrameworks -F /Users/rogerlin/Library/Developer/Xcode/DerivedData/FinancialCalculatorKit-ackorybalcxbfocbkqsfdzcfkgmn/Build/Products/Debug/PackageFrameworks -F /Users/rogerlin/Library/Developer/Xcode/DerivedData/FinancialCalculatorKit-ackorybalcxbfocbkqsfdzcfkgmn/Build/Products/Debug/PackageFrameworks -F /Users/rogerlin/Library/Developer/Xcode/DerivedData/FinancialCalculatorKit-ackorybalcxbfocbkqsfdzcfkgmn/Build/Products/Debug/PackageFrameworks -F /Users/rogerlin/Library/Developer/Xcode/DerivedData/FinancialCalculatorKit-ackorybalcxbfocbkqsfdzcfkgmn/Build/Products/Debug/PackageFrameworks -F /Users/rogerlin/Library/Developer/Xcode/DerivedData/FinancialCalculatorKit-ackorybalcxbfocbkqsfdzcfkgmn/Build/Products/Debug/PackageFrameworks -F /Users/rogerlin/Library/Developer/Xcode/DerivedData/FinancialCalculatorKit-ackorybalcxbfocbkqsfdzcfkgmn/Build/Products/Debug/PackageFrameworks -F /Users/rogerlin/Library/Developer/Xcode/DerivedData/FinancialCalculatorKit-ackorybalcxbfocbkqsfdzcfkgmn/Build/Products/Debug -no-color-diagnostics -Xcc -fno-color-diagnostics -enable-testing -g -debug-info-format\=dwarf -dwarf-version\=4 -module-cache-path /Users/rogerlin/Library/Developer/Xcode/DerivedData/FinancialCalculatorKit-ackorybalcxbfocbkqsfdzcfkgmn/Build/Intermediates.noindex/SwiftExplicitPrecompiledModules -profile-generate -profile-coverage-mapping -swift-version 5 -enforce-exclusivity\=checked -Onone -D DEBUG -serialize-debugging-options -load-plugin-executable /Users/rogerlin/Library/Developer/Xcode/DerivedData/FinancialCalculatorKit-ackorybalcxbfocbkqsfdzcfkgmn/Build/Products/Debug/CasePathsMacros\#CasePathsMacros -const-gather-protocols-file /Users/rogerlin/Library/Developer/Xcode/DerivedData/FinancialCalculatorKit-ackorybalcxbfocbkqsfdzcfkgmn/Build/Intermediates.noindex/FinancialCalculatorKit.build/Debug/FinancialCalculatorKit.build/Objects-normal/arm64/FinancialCalculatorKit_const_extract_protocols.json -enable-experimental-feature DebugDescriptionMacro -enable-bare-slash-regex -empty-abi-descriptor -validate-clang-modules-once -clang-build-session-file /Users/rogerlin/Library/Developer/Xcode/DerivedData/ModuleCache.noindex/Session.modulevalidation -Xcc -working-directory -Xcc /Users/rogerlin/XCode-Projects/FinancialCalculatorKit-5.0-updated-accent-colors -enable-anonymous-context-mangled-names -file-compilation-dir /Users/rogerlin/XCode-Projects/FinancialCalculatorKit-5.0-updated-accent-colors -Xcc -D_LIBCPP_HARDENING_MODE\=_LIBCPP_HARDENING_MODE_DEBUG -Xcc -ivfsstatcache -Xcc /Users/rogerlin/Library/Developer/Xcode/DerivedData/SDKStatCaches.noindex/macosx26.1-25B74-3ae1261907bdadc328169391a47051a6.sdkstatcache -Xcc -I/Users/rogerlin/Library/Developer/Xcode/DerivedData/FinancialCalculatorKit-ackorybalcxbfocbkqsfdzcfkgmn/Build/Intermediates.noindex/FinancialCalculatorKit.build/Debug/FinancialCalculatorKit.build/swift-overrides.hmap -Xcc -iquote -Xcc /Users/rogerlin/Library/Developer/Xcode/DerivedData/FinancialCalculatorKit-ackorybalcxbfocbkqsfdzcfkgmn/Build/Intermediates.noindex/FinancialCalculatorKit.build/Debug/FinancialCalculatorKit.build/FinancialCalculatorKit-generated-files.hmap -Xcc -I/Users/rogerlin/Library/Developer/Xcode/DerivedData/FinancialCalculatorKit-ackorybalcxbfocbkqsfdzcfkgmn/Build/Intermediates.noindex/FinancialCalculatorKit.build/Debug/FinancialCalculatorKit.build/FinancialCalculatorKit-own-target-headers.hmap -Xcc -I/Users/rogerlin/Library/Developer/Xcode/DerivedData/FinancialCalculatorKit-ackorybalcxbfocbkqsfdzcfkgmn/Build/Intermediates.noindex/FinancialCalculatorKit.build/Debug/FinancialCalculatorKit.build/FinancialCalculatorKit-all-non-framework-target-headers.hmap -Xcc -ivfsoverlay -Xcc /Users/rogerlin/Library/Developer/Xcode/DerivedData/FinancialCalculatorKit-ackorybalcxbfocbkqsfdzcfkgmn/Build/Intermediates.noindex/FinancialCalculatorKit.build/Debug/FinancialCalculatorKit-b796aaad08c4b307251b75ea7c01aae2-VFS/all-product-headers.yaml -Xcc -iquote -Xcc /Users/rogerlin/Library/Developer/Xcode/DerivedData/FinancialCalculatorKit-ackorybalcxbfocbkqsfdzcfkgmn/Build/Intermediates.noindex/FinancialCalculatorKit.build/Debug/FinancialCalculatorKit.build/FinancialCalculatorKit-project-headers.hmap -Xcc -I/Users/rogerlin/Library/Developer/Xcode/DerivedData/FinancialCalculatorKit-ackorybalcxbfocbkqsfdzcfkgmn/SourcePackages/checkouts/swift-numerics/Sources/_NumericsShims/include -Xcc -I/Users/rogerlin/Library/Developer/Xcode/DerivedData/FinancialCalculatorKit-ackorybalcxbfocbkqsfdzcfkgmn/Build/Products/Debug/include -Xcc -I/Users/rogerlin/Library/Developer/Xcode/DerivedData/FinancialCalculatorKit-ackorybalcxbfocbkqsfdzcfkgmn/Build/Intermediates.noindex/FinancialCalculatorKit.build/Debug/FinancialCalculatorKit.build/DerivedSources-normal/arm64 -Xcc -I/Users/rogerlin/Library/Developer/Xcode/DerivedData/FinancialCalculatorKit-ackorybalcxbfocbkqsfdzcfkgmn/Build/Intermediates.noindex/FinancialCalculatorKit.build/Debug/FinancialCalculatorKit.build/DerivedSources/arm64 -Xcc -I/Users/rogerlin/Library/Developer/Xcode/DerivedData/FinancialCalculatorKit-ackorybalcxbfocbkqsfdzcfkgmn/Build/Intermediates.noindex/FinancialCalculatorKit.build/Debug/FinancialCalculatorKit.build/DerivedSources -Xcc -DDEBUG\=1 -no-auto-bridging-header-chaining -module-name FinancialCalculatorKit -frontend-parseable-output -disable-clang-spi -target-sdk-version 26.1 -target-sdk-name macosx26.1 -clang-target arm64-apple-macos26.1 -in-process-plugin-server-path /Applications/Xcode.app/Contents/Developer/Toolchains/XcodeDefault.xctoolchain/usr/lib/swift/host/libSwiftInProcPluginServer.dylib -emit-module-doc-path /Users/rogerlin/Library/Developer/Xcode/DerivedData/FinancialCalculatorKit-ackorybalcxbfocbkqsfdzcfkgmn/Build/Intermediates.noindex/FinancialCalculatorKit.build/Debug/FinancialCalculatorKit.build/Objects-normal/arm64/FinancialCalculatorKit.swiftdoc -emit-module-source-info-path /Users/rogerlin/Library/Developer/Xcode/DerivedData/FinancialCalculatorKit-ackorybalcxbfocbkqsfdzcfkgmn/Build/Intermediates.noindex/FinancialCalculatorKit.build/Debug/FinancialCalculatorKit.build/Objects-normal/arm64/FinancialCalculatorKit.swiftsourceinfo -emit-objc-header-path /Users/rogerlin/Library/Developer/Xcode/DerivedData/FinancialCalculatorKit-ackorybalcxbfocbkqsfdzcfkgmn/Build/Intermediates.noindex/FinancialCalculatorKit.build/Debug/FinancialCalculatorKit.build/Objects-normal/arm64/FinancialCalculatorKit-Swift.h -serialize-diagnostics-path /Users/rogerlin/Library/Developer/Xcode/DerivedData/FinancialCalculatorKit-ackorybalcxbfocbkqsfdzcfkgmn/Build/Intermediates.noindex/FinancialCalculatorKit.build/Debug/FinancialCalculatorKit.build/Objects-normal/arm64/FinancialCalculatorKit-primary-emit-module.dia -emit-dependencies-path /Users/rogerlin/Library/Developer/Xcode/DerivedData/FinancialCalculatorKit-ackorybalcxbfocbkqsfdzcfkgmn/Build/Intermediates.noindex/FinancialCalculatorKit.build/Debug/FinancialCalculatorKit.build/Objects-normal/arm64/FinancialCalculatorKit-primary-emit-module.d -o /Users/rogerlin/Library/Developer/Xcode/DerivedData/FinancialCalculatorKit-ackorybalcxbfocbkqsfdzcfkgmn/Build/Intermediates.noindex/FinancialCalculatorKit.build/Debug/FinancialCalculatorKit.build/Objects-normal/arm64/FinancialCalculatorKit.swiftmodule -emit-abi-descriptor-path /Users/rogerlin/Library/Developer/Xcode/DerivedData/FinancialCalculatorKit-ackorybalcxbfocbkqsfdzcfkgmn/Build/Intermediates.noindex/FinancialCalculatorKit.build/Debug/FinancialCalculatorKit.build/Objects-normal/arm64/FinancialCalculatorKit.abi.json

EmitSwiftModule normal arm64 (in target 'FinancialCalculatorKit' from project 'FinancialCalculatorKit')
    cd /Users/rogerlin/XCode-Projects/FinancialCalculatorKit-5.0-updated-accent-colors
    

SwiftCompile normal arm64 Compiling\ PortfolioOptimizationView.swift,\ PrecisionDemoView.swift /Users/rogerlin/XCode-Projects/FinancialCalculatorKit-5.0-updated-accent-colors/FinancialCalculatorKit/Views/Calculator/PortfolioOptimizationView.swift /Users/rogerlin/XCode-Projects/FinancialCalculatorKit-5.0-updated-accent-colors/FinancialCalculatorKit/Views/Calculator/PrecisionDemoView.swift (in target 'FinancialCalculatorKit' from project 'FinancialCalculatorKit')
/Applications/Xcode.app/Contents/Developer/Toolchains/XcodeDefault.xctoolchain/usr/bin/swift-frontend -frontend -c /Users/rogerlin/XCode-Projects/FinancialCalculatorKit-5.0-updated-accent-colors/FinancialCalculatorKit/Models/Bond/AdvancedBondModels.swift /Users/rogerlin/XCode-Projects/FinancialCalculatorKit-5.0-updated-accent-colors/FinancialCalculatorKit/Models/Bond/YieldCurveTypes.swift /Users/rogerlin/XCode-Projects/FinancialCalculatorKit-5.0-updated-accent-colors/FinancialCalculatorKit/Models/Calculation/BondCalculation.swift /Users/rogerlin/XCode-Projects/FinancialCalculatorKit-5.0-updated-accent-colors/FinancialCalculatorKit/Models/Calculation/CalculationMetadata.swift /Users/rogerlin/XCode-Projects/FinancialCalculatorKit-5.0-updated-accent-colors/FinancialCalculatorKit/Models/Calculation/DepreciationCalculation.swift /Users/rogerlin/XCode-Projects/FinancialCalculatorKit-5.0-updated-accent-colors/FinancialCalculatorKit/Models/Calculation/FinancialCalculation.swift /Users/rogerlin/XCode-Projects/FinancialCalculatorKit-5.0-updated-accent-colors/FinancialCalculatorKit/Models/Calculation/InvestmentCalculation.swift /Users/rogerlin/XCode-Projects/FinancialCalculatorKit-5.0-updated-accent-colors/FinancialCalculatorKit/Models/Calculation/LoanCalculation.swift /Users/rogerlin/XCode-Projects/FinancialCalculatorKit-5.0-updated-accent-colors/FinancialCalculatorKit/Models/Calculation/TimeValueCalculation.swift /Users/rogerlin/XCode-Projects/FinancialCalculatorKit-5.0-updated-accent-colors/FinancialCalculatorKit/Models/Enums/CalculationType.swift /Users/rogerlin/XCode-Projects/FinancialCalculatorKit-5.0-updated-accent-colors/FinancialCalculatorKit/Models/Enums/Currency.swift /Users/rogerlin/XCode-Projects/FinancialCalculatorKit-5.0-updated-accent-colors/FinancialCalculatorKit/Models/Enums/LoanType.swift /Users/rogerlin/XCode-Projects/FinancialCalculatorKit-5.0-updated-accent-colors/FinancialCalculatorKit/Models/Enums/PaymentFrequency.swift /Users/rogerlin/XCode-Projects/FinancialCalculatorKit-5.0-updated-accent-colors/FinancialCalculatorKit/Models/Enums/TimeValueVariable.swift /Users/rogerlin/XCode-Projects/FinancialCalculatorKit-5.0-updated-accent-colors/FinancialCalculatorKit/Models/Formula/FormulaReference.swift /Users/rogerlin/XCode-Projects/FinancialCalculatorKit-5.0-updated-accent-colors/FinancialCalculatorKit/Models/FRED/FREDModels.swift /Users/rogerlin/XCode-Projects/FinancialCalculatorKit-5.0-updated-accent-colors/FinancialCalculatorKit/Models/Options/AdvancedOptionsModels.swift /Users/rogerlin/XCode-Projects/FinancialCalculatorKit-5.0-updated-accent-colors/FinancialCalculatorKit/Models/ScientificCalculator/EquationDocument.swift /Users/rogerlin/XCode-Projects/FinancialCalculatorKit-5.0-updated-accent-colors/FinancialCalculatorKit/Models/ScientificCalculator/VariableStore.swift /Users/rogerlin/XCode-Projects/FinancialCalculatorKit-5.0-updated-accent-colors/FinancialCalculatorKit/Protocols/FinancialComputable.swift /Users/rogerlin/XCode-Projects/FinancialCalculatorKit-5.0-updated-accent-colors/FinancialCalculatorKit/Services/Bond/AdvancedBondPricingEngine.swift /Users/rogerlin/XCode-Projects/FinancialCalculatorKit-5.0-updated-accent-colors/FinancialCalculatorKit/Services/Options/AdvancedOptionsPricingEngine.swift /Users/rogerlin/XCode-Projects/FinancialCalculatorKit-5.0-updated-accent-colors/FinancialCalculatorKit/Services/AdvancedExpressionParser.swift /Users/rogerlin/XCode-Projects/FinancialCalculatorKit-5.0-updated-accent-colors/FinancialCalculatorKit/Services/AdvancedIRRCalculator.swift /Users/rogerlin/XCode-Projects/FinancialCalculatorKit-5.0-updated-accent-colors/FinancialCalculatorKit/Services/AdvancedMathFunctions.swift /Users/rogerlin/XCode-Projects/FinancialCalculatorKit-5.0-updated-accent-colors/FinancialCalculatorKit/Services/CalculationEngine.swift /Users/rogerlin/XCode-Projects/FinancialCalculatorKit-5.0-updated-accent-colors/FinancialCalculatorKit/Services/CSVHelper.swift /Users/rogerlin/XCode-Projects/FinancialCalculatorKit-5.0-updated-accent-colors/FinancialCalculatorKit/Services/CurrencyConversionService.swift /Users/rogerlin/XCode-Projects/FinancialCalculatorKit-5.0-updated-accent-colors/FinancialCalculatorKit/Services/ExchangeRateService.swift /Users/rogerlin/XCode-Projects/FinancialCalculatorKit-5.0-updated-accent-colors/FinancialCalculatorKit/Services/FinancialCalculator.swift /Users/rogerlin/XCode-Projects/FinancialCalculatorKit-5.0-updated-accent-colors/FinancialCalculatorKit/Services/FinancialValidation.swift /Users/rogerlin/XCode-Projects/FinancialCalculatorKit-5.0-updated-accent-colors/FinancialCalculatorKit/Services/FormulaAutoComplete.swift /Users/rogerlin/XCode-Projects/FinancialCalculatorKit-5.0-updated-accent-colors/FinancialCalculatorKit/Services/FREDService.swift /Users/rogerlin/XCode-Projects/FinancialCalculatorKit-5.0-updated-accent-colors/FinancialCalculatorKit/Services/HighPrecisionMath.swift /Users/rogerlin/XCode-Projects/FinancialCalculatorKit-5.0-updated-accent-colors/FinancialCalculatorKit/Services/HighPrecisionTestSuite.swift /Users/rogerlin/XCode-Projects/FinancialCalculatorKit-5.0-updated-accent-colors/FinancialCalculatorKit/Services/HighPrecisionValidation.swift /Users/rogerlin/XCode-Projects/FinancialCalculatorKit-5.0-updated-accent-colors/FinancialCalculatorKit/Services/TickerHistoryService.swift /Users/rogerlin/XCode-Projects/FinancialCalculatorKit-5.0-updated-accent-colors/FinancialCalculatorKit/Services/ValidationExtensions.swift /Users/rogerlin/XCode-Projects/FinancialCalculatorKit-5.0-updated-accent-colors/FinancialCalculatorKit/Services/ValidationService.swift /Users/rogerlin/XCode-Projects/FinancialCalculatorKit-5.0-updated-accent-colors/FinancialCalculatorKit/Services/ValidationTestSuite.swift /Users/rogerlin/XCode-Projects/FinancialCalculatorKit-5.0-updated-accent-colors/FinancialCalculatorKit/Utilities/Extensions/Date+Financial.swift /Users/rogerlin/XCode-Projects/FinancialCalculatorKit-5.0-updated-accent-colors/FinancialCalculatorKit/Utilities/Extensions/Double+Financial.swift /Users/rogerlin/XCode-Projects/FinancialCalculatorKit-5.0-updated-accent-colors/FinancialCalculatorKit/Utilities/CashFlowsTransformer.swift /Users/rogerlin/XCode-Projects/FinancialCalculatorKit-5.0-updated-accent-colors/FinancialCalculatorKit/Utilities/Formatters.swift /Users/rogerlin/XCode-Projects/FinancialCalculatorKit-5.0-updated-accent-colors/FinancialCalculatorKit/ViewHelpers/FormulaViewHelper.swift /Users/rogerlin/XCode-Projects/FinancialCalculatorKit-5.0-updated-accent-colors/FinancialCalculatorKit/ViewModels/MainViewModel.swift /Users/rogerlin/XCode-Projects/FinancialCalculatorKit-5.0-updated-accent-colors/FinancialCalculatorKit/Views/Calculator/AdvancedBondCalculatorView.swift /Users/rogerlin/XCode-Projects/FinancialCalculatorKit-5.0-updated-accent-colors/FinancialCalculatorKit/Views/Calculator/AmortizationView.swift /Users/rogerlin/XCode-Projects/FinancialCalculatorKit-5.0-updated-accent-colors/FinancialCalculatorKit/Views/Calculator/BondCalculatorView.swift /Users/rogerlin/XCode-Projects/FinancialCalculatorKit-5.0-updated-accent-colors/FinancialCalculatorKit/Views/Calculator/CompactCalculatorView.swift /Users/rogerlin/XCode-Projects/FinancialCalculatorKit-5.0-updated-accent-colors/FinancialCalculatorKit/Views/Calculator/CurrencyConverterView.swift /Users/rogerlin/XCode-Projects/FinancialCalculatorKit-5.0-updated-accent-colors/FinancialCalculatorKit/Views/Calculator/CustomScientificKeyboard.swift /Users/rogerlin/XCode-Projects/FinancialCalculatorKit-5.0-updated-accent-colors/FinancialCalculatorKit/Views/Calculator/DepreciationCalculatorView.swift /Users/rogerlin/XCode-Projects/FinancialCalculatorKit-5.0-updated-accent-colors/FinancialCalculatorKit/Views/Calculator/DocumentListView.swift /Users/rogerlin/XCode-Projects/FinancialCalculatorKit-5.0-updated-accent-colors/FinancialCalculatorKit/Views/Calculator/EquityValuationView.swift /Users/rogerlin/XCode-Projects/FinancialCalculatorKit-5.0-updated-accent-colors/FinancialCalculatorKit/Views/Calculator/FixedIncomeAnalyticsView.swift /Users/rogerlin/XCode-Projects/FinancialCalculatorKit-5.0-updated-accent-colors/FinancialCalculatorKit/Views/Calculator/FormulaLibraryView.swift /Users/rogerlin/XCode-Projects/FinancialCalculatorKit-5.0-updated-accent-colors/FinancialCalculatorKit/Views/Calculator/ForwardsCalculatorView.swift /Users/rogerlin/XCode-Projects/FinancialCalculatorKit-5.0-updated-accent-colors/FinancialCalculatorKit/Views/Calculator/FuturesCalculatorView.swift /Users/rogerlin/XCode-Projects/FinancialCalculatorKit-5.0-updated-accent-colors/FinancialCalculatorKit/Views/Calculator/FutureValueView.swift /Users/rogerlin/XCode-Projects/FinancialCalculatorKit-5.0-updated-accent-colors/FinancialCalculatorKit/Views/Calculator/HighPrecisionCalculatorView.swift /Users/rogerlin/XCode-Projects/FinancialCalculatorKit-5.0-updated-accent-colors/FinancialCalculatorKit/Views/Calculator/InvestmentCalculatorView.swift /Users/rogerlin/XCode-Projects/FinancialCalculatorKit-5.0-updated-accent-colors/FinancialCalculatorKit/Views/Calculator/LoanCalculatorView.swift /Users/rogerlin/XCode-Projects/FinancialCalculatorKit-5.0-updated-accent-colors/FinancialCalculatorKit/Views/Calculator/LoanResultView.swift /Users/rogerlin/XCode-Projects/FinancialCalculatorKit-5.0-updated-accent-colors/FinancialCalculatorKit/Views/Calculator/MathExpressionCalculatorView.swift /Users/rogerlin/XCode-Projects/FinancialCalculatorKit-5.0-updated-accent-colors/FinancialCalculatorKit/Views/Calculator/OptionsCalculatorView.swift /Users/rogerlin/XCode-Projects/FinancialCalculatorKit-5.0-updated-accent-colors/FinancialCalculatorKit/Views/Calculator/OptionsStrategiesView.swift /Users/rogerlin/XCode-Projects/FinancialCalculatorKit-5.0-updated-accent-colors/FinancialCalculatorKit/Views/Calculator/PlaceholderViews.swift -primary-file /Users/rogerlin/XCode-Projects/FinancialCalculatorKit-5.0-updated-accent-colors/FinancialCalculatorKit/Views/Calculator/PortfolioOptimizationView.swift -primary-file /Users/rogerlin/XCode-Projects/FinancialCalculatorKit-5.0-updated-accent-colors/FinancialCalculatorKit/Views/Calculator/PrecisionDemoView.swift /Users/rogerlin/XCode-Projects/FinancialCalculatorKit-5.0-updated-accent-colors/FinancialCalculatorKit/Views/Calculator/RiskManagementView.swift /Users/rogerlin/XCode-Projects/FinancialCalculatorKit-5.0-updated-accent-colors/FinancialCalculatorKit/Views/Calculator/ScientificCalculatorView.swift /Users/rogerlin/XCode-Projects/FinancialCalculatorKit-5.0-updated-accent-colors/FinancialCalculatorKit/Views/Calculator/SwapsCalculatorView.swift /Users/rogerlin/XCode-Projects/FinancialCalculatorKit-5.0-updated-accent-colors/FinancialCalculatorKit/Views/Calculator/TemplateViews.swift /Users/rogerlin/XCode-Projects/FinancialCalculatorKit-5.0-updated-accent-colors/FinancialCalculatorKit/Views/Calculator/TickerHistoryView.swift /Users/rogerlin/XCode-Projects/FinancialCalculatorKit-5.0-updated-accent-colors/FinancialCalculatorKit/Views/Calculator/TimeValueCalculatorView.swift /Users/rogerlin/XCode-Projects/FinancialCalculatorKit-5.0-updated-accent-colors/FinancialCalculatorKit/Views/Calculator/TimeValueResultView.swift /Users/rogerlin/XCode-Projects/FinancialCalculatorKit-5.0-updated-accent-colors/FinancialCalculatorKit/Views/Calculator/UnitConverterView.swift /Users/rogerlin/XCode-Projects/FinancialCalculatorKit-5.0-updated-accent-colors/FinancialCalculatorKit/Views/Calculator/VariableManagementView.swift /Users/rogerlin/XCode-Projects/FinancialCalculatorKit-5.0-updated-accent-colors/FinancialCalculatorKit/Views/Charts/FinancialChartView.swift /Users/rogerlin/XCode-Projects/FinancialCalculatorKit-5.0-updated-accent-colors/FinancialCalculatorKit/Views/Charts/InteractiveFinancialCharts.swift /Users/rogerlin/XCode-Projects/FinancialCalculatorKit-5.0-updated-accent-colors/FinancialCalculatorKit/Views/Components/DetailRow.swift /Users/rogerlin/XCode-Projects/FinancialCalculatorKit-5.0-updated-accent-colors/FinancialCalculatorKit/Views/Components/DynamicInputSection.swift /Users/rogerlin/XCode-Projects/FinancialCalculatorKit-5.0-updated-accent-colors/FinancialCalculatorKit/Views/Components/EnhancedInputFields.swift /Users/rogerlin/XCode-Projects/FinancialCalculatorKit-5.0-updated-accent-colors/FinancialCalculatorKit/Views/Components/FinancialStyles.swift /Users/rogerlin/XCode-Projects/FinancialCalculatorKit-5.0-updated-accent-colors/FinancialCalculatorKit/Views/Components/InputFieldView.swift /Users/rogerlin/XCode-Projects/FinancialCalculatorKit-5.0-updated-accent-colors/FinancialCalculatorKit/Views/Components/InteractiveDataTables.swift /Users/rogerlin/XCode-Projects/FinancialCalculatorKit-5.0-updated-accent-colors/FinancialCalculatorKit/Views/Components/LoadingResultView.swift /Users/rogerlin/XCode-Projects/FinancialCalculatorKit-5.0-updated-accent-colors/FinancialCalculatorKit/Views/Components/NumbersOnlyViewModifier.swift /Users/rogerlin/XCode-Projects/FinancialCalculatorKit-5.0-updated-accent-colors/FinancialCalculatorKit/Views/Components/ResultDisplayView.swift /Users/rogerlin/XCode-Projects/FinancialCalculatorKit-5.0-updated-accent-colors/FinancialCalculatorKit/Views/Components/StatusIndicator.swift /Users/rogerlin/XCode-Projects/FinancialCalculatorKit-5.0-updated-accent-colors/FinancialCalculatorKit/Views/Components/ValidationSummaryView.swift /Users/rogerlin/XCode-Projects/FinancialCalculatorKit-5.0-updated-accent-colors/FinancialCalculatorKit/Views/FRED/FREDDataView.swift /Users/rogerlin/XCode-Projects/FinancialCalculatorKit-5.0-updated-accent-colors/FinancialCalculatorKit/Views/Reference/FormulaReferenceView.swift /Users/rogerlin/XCode-Projects/FinancialCalculatorKit-5.0-updated-accent-colors/FinancialCalculatorKit/Views/Reference/FormulaVariableView.swift /Users/rogerlin/XCode-Projects/FinancialCalculatorKit-5.0-updated-accent-colors/FinancialCalculatorKit/Views/Reference/FormulaVariantView.swift /Users/rogerlin/XCode-Projects/FinancialCalculatorKit-5.0-updated-accent-colors/FinancialCalculatorKit/ContentView.swift /Users/rogerlin/XCode-Projects/FinancialCalculatorKit-5.0-updated-accent-colors/FinancialCalculatorKit/FinancialCalculatorKitApp.swift /Users/rogerlin/XCode-Projects/FinancialCalculatorKit-5.0-updated-accent-colors/FinancialCalculatorKit/Item.swift /Users/rogerlin/Library/Developer/Xcode/DerivedData/FinancialCalculatorKit-ackorybalcxbfocbkqsfdzcfkgmn/Build/Intermediates.noindex/FinancialCalculatorKit.build/Debug/FinancialCalculatorKit.build/DerivedSources/GeneratedAssetSymbols.swift -emit-dependencies-path /Users/rogerlin/Library/Developer/Xcode/DerivedData/FinancialCalculatorKit-ackorybalcxbfocbkqsfdzcfkgmn/Build/Intermediates.noindex/FinancialCalculatorKit.build/Debug/FinancialCalculatorKit.build/Objects-normal/arm64/PortfolioOptimizationView.d -emit-const-values-path /Users/rogerlin/Library/Developer/Xcode/DerivedData/FinancialCalculatorKit-ackorybalcxbfocbkqsfdzcfkgmn/Build/Intermediates.noindex/FinancialCalculatorKit.build/Debug/FinancialCalculatorKit.build/Objects-normal/arm64/PortfolioOptimizationView.swiftconstvalues -emit-reference-dependencies-path /Users/rogerlin/Library/Developer/Xcode/DerivedData/FinancialCalculatorKit-ackorybalcxbfocbkqsfdzcfkgmn/Build/Intermediates.noindex/FinancialCalculatorKit.build/Debug/FinancialCalculatorKit.build/Objects-normal/arm64/PortfolioOptimizationView.swiftdeps -serialize-diagnostics-path /Users/rogerlin/Library/Developer/Xcode/DerivedData/FinancialCalculatorKit-ackorybalcxbfocbkqsfdzcfkgmn/Build/Intermediates.noindex/FinancialCalculatorKit.build/Debug/FinancialCalculatorKit.build/Objects-normal/arm64/PortfolioOptimizationView.dia -emit-dependencies-path /Users/rogerlin/Library/Developer/Xcode/DerivedData/FinancialCalculatorKit-ackorybalcxbfocbkqsfdzcfkgmn/Build/Intermediates.noindex/FinancialCalculatorKit.build/Debug/FinancialCalculatorKit.build/Objects-normal/arm64/PrecisionDemoView.d -emit-const-values-path /Users/rogerlin/Library/Developer/Xcode/DerivedData/FinancialCalculatorKit-ackorybalcxbfocbkqsfdzcfkgmn/Build/Intermediates.noindex/FinancialCalculatorKit.build/Debug/FinancialCalculatorKit.build/Objects-normal/arm64/PrecisionDemoView.swiftconstvalues -emit-reference-dependencies-path /Users/rogerlin/Library/Developer/Xcode/DerivedData/FinancialCalculatorKit-ackorybalcxbfocbkqsfdzcfkgmn/Build/Intermediates.noindex/FinancialCalculatorKit.build/Debug/FinancialCalculatorKit.build/Objects-normal/arm64/PrecisionDemoView.swiftdeps -serialize-diagnostics-path /Users/rogerlin/Library/Developer/Xcode/DerivedData/FinancialCalculatorKit-ackorybalcxbfocbkqsfdzcfkgmn/Build/Intermediates.noindex/FinancialCalculatorKit.build/Debug/FinancialCalculatorKit.build/Objects-normal/arm64/PrecisionDemoView.dia -emit-localized-strings -emit-localized-strings-path /Users/rogerlin/Library/Developer/Xcode/DerivedData/FinancialCalculatorKit-ackorybalcxbfocbkqsfdzcfkgmn/Build/Intermediates.noindex/FinancialCalculatorKit.build/Debug/FinancialCalculatorKit.build/Objects-normal/arm64 -target arm64-apple-macos14.0 -module-can-import-version AppKit 2685.20.119 2685.20.119 -module-can-import-version DeveloperToolsSupport 23.0.4 23.0.4 -module-can-import-version SwiftUI 7.1.13.1 7.1.13 -disable-cross-import-overlay-search -swift-module-cross-import SwiftData /Applications/Xcode.app/Contents/Developer/Platforms/MacOSX.platform/Developer/SDKs/MacOSX26.1.sdk/System/Library/Frameworks/SwiftData.framework/Modules/SwiftData.swiftcrossimport/CoreData.swiftoverlay -swift-module-cross-import SwiftData /Applications/Xcode.app/Contents/Developer/Platforms/MacOSX.platform/Developer/SDKs/MacOSX26.1.sdk/System/Library/Frameworks/SwiftData.framework/Modules/SwiftData.swiftcrossimport/SwiftUI.swiftoverlay -load-resolved-plugin \#/Users/rogerlin/Library/Developer/Xcode/DerivedData/FinancialCalculatorKit-ackorybalcxbfocbkqsfdzcfkgmn/Build/Products/Debug/CasePathsMacros\#CasePathsMacros -load-resolved-plugin /Applications/Xcode.app/Contents/Developer/Platforms/MacOSX.platform/Developer/usr/lib/swift/host/plugins/libFoundationMacros.dylib\#/Applications/Xcode.app/Contents/Developer/Platforms/MacOSX.platform/Developer/usr/bin/swift-plugin-server\#FoundationMacros -load-resolved-plugin /Applications/Xcode.app/Contents/Developer/Platforms/MacOSX.platform/Developer/usr/lib/swift/host/plugins/libObservationMacros.dylib\#/Applications/Xcode.app/Contents/Developer/Platforms/MacOSX.platform/Developer/usr/bin/swift-plugin-server\#ObservationMacros -load-resolved-plugin /Applications/Xcode.app/Contents/Developer/Platforms/MacOSX.platform/Developer/usr/lib/swift/host/plugins/libPreviewsMacros.dylib\#/Applications/Xcode.app/Contents/Developer/Platforms/MacOSX.platform/Developer/usr/bin/swift-plugin-server\#PreviewsMacros -load-resolved-plugin /Applications/Xcode.app/Contents/Developer/Platforms/MacOSX.platform/Developer/usr/lib/swift/host/plugins/libSwiftDataMacros.dylib\#/Applications/Xcode.app/Contents/Developer/Platforms/MacOSX.platform/Developer/usr/bin/swift-plugin-server\#SwiftDataMacros -load-resolved-plugin /Applications/Xcode.app/Contents/Developer/Platforms/MacOSX.platform/Developer/usr/lib/swift/host/plugins/libSwiftMacros.dylib\#/Applications/Xcode.app/Contents/Developer/Platforms/MacOSX.platform/Developer/usr/bin/swift-plugin-server\#SwiftMacros -load-resolved-plugin /Applications/Xcode.app/Contents/Developer/Platforms/MacOSX.platform/Developer/usr/lib/swift/host/plugins/libSwiftUIMacros.dylib\#/Applications/Xcode.app/Contents/Developer/Platforms/MacOSX.platform/Developer/usr/bin/swift-plugin-server\#SwiftUIMacros -disable-implicit-swift-modules -Xcc -fno-implicit-modules -Xcc -fno-implicit-module-maps -explicit-swift-module-map-file /Users/rogerlin/Library/Developer/Xcode/DerivedData/FinancialCalculatorKit-ackorybalcxbfocbkqsfdzcfkgmn/Build/Intermediates.noindex/FinancialCalculatorKit.build/Debug/FinancialCalculatorKit.build/Objects-normal/arm64/FinancialCalculatorKit-dependencies-1.json -Xllvm -aarch64-use-tbi -enable-objc-interop -stack-check -sdk /Applications/Xcode.app/Contents/Developer/Platforms/MacOSX.platform/Developer/SDKs/MacOSX26.1.sdk -I /Users/rogerlin/Library/Developer/Xcode/DerivedData/FinancialCalculatorKit-ackorybalcxbfocbkqsfdzcfkgmn/Build/Products/Debug -F /Users/rogerlin/Library/Developer/Xcode/DerivedData/FinancialCalculatorKit-ackorybalcxbfocbkqsfdzcfkgmn/Build/Products/Debug/PackageFrameworks -F /Users/rogerlin/Library/Developer/Xcode/DerivedData/FinancialCalculatorKit-ackorybalcxbfocbkqsfdzcfkgmn/Build/Products/Debug/PackageFrameworks -F /Users/rogerlin/Library/Developer/Xcode/DerivedData/FinancialCalculatorKit-ackorybalcxbfocbkqsfdzcfkgmn/Build/Products/Debug/PackageFrameworks -F /Users/rogerlin/Library/Developer/Xcode/DerivedData/FinancialCalculatorKit-ackorybalcxbfocbkqsfdzcfkgmn/Build/Products/Debug/PackageFrameworks -F /Users/rogerlin/Library/Developer/Xcode/DerivedData/FinancialCalculatorKit-ackorybalcxbfocbkqsfdzcfkgmn/Build/Products/Debug/PackageFrameworks -F /Users/rogerlin/Library/Developer/Xcode/DerivedData/FinancialCalculatorKit-ackorybalcxbfocbkqsfdzcfkgmn/Build/Products/Debug/PackageFrameworks -F /Users/rogerlin/Library/Developer/Xcode/DerivedData/FinancialCalculatorKit-ackorybalcxbfocbkqsfdzcfkgmn/Build/Products/Debug/PackageFrameworks -F /Users/rogerlin/Library/Developer/Xcode/DerivedData/FinancialCalculatorKit-ackorybalcxbfocbkqsfdzcfkgmn/Build/Products/Debug/PackageFrameworks -F /Users/rogerlin/Library/Developer/Xcode/DerivedData/FinancialCalculatorKit-ackorybalcxbfocbkqsfdzcfkgmn/Build/Products/Debug/PackageFrameworks -F /Users/rogerlin/Library/Developer/Xcode/DerivedData/FinancialCalculatorKit-ackorybalcxbfocbkqsfdzcfkgmn/Build/Products/Debug/PackageFrameworks -F /Users/rogerlin/Library/Developer/Xcode/DerivedData/FinancialCalculatorKit-ackorybalcxbfocbkqsfdzcfkgmn/Build/Products/Debug/PackageFrameworks -F /Users/rogerlin/Library/Developer/Xcode/DerivedData/FinancialCalculatorKit-ackorybalcxbfocbkqsfdzcfkgmn/Build/Products/Debug/PackageFrameworks -F /Users/rogerlin/Library/Developer/Xcode/DerivedData/FinancialCalculatorKit-ackorybalcxbfocbkqsfdzcfkgmn/Build/Products/Debug/PackageFrameworks -F /Users/rogerlin/Library/Developer/Xcode/DerivedData/FinancialCalculatorKit-ackorybalcxbfocbkqsfdzcfkgmn/Build/Products/Debug/PackageFrameworks -F /Users/rogerlin/Library/Developer/Xcode/DerivedData/FinancialCalculatorKit-ackorybalcxbfocbkqsfdzcfkgmn/Build/Products/Debug/PackageFrameworks -F /Users/rogerlin/Library/Developer/Xcode/DerivedData/FinancialCalculatorKit-ackorybalcxbfocbkqsfdzcfkgmn/Build/Products/Debug/PackageFrameworks -F /Users/rogerlin/Library/Developer/Xcode/DerivedData/FinancialCalculatorKit-ackorybalcxbfocbkqsfdzcfkgmn/Build/Products/Debug/PackageFrameworks -F /Users/rogerlin/Library/Developer/Xcode/DerivedData/FinancialCalculatorKit-ackorybalcxbfocbkqsfdzcfkgmn/Build/Products/Debug/PackageFrameworks -F /Users/rogerlin/Library/Developer/Xcode/DerivedData/FinancialCalculatorKit-ackorybalcxbfocbkqsfdzcfkgmn/Build/Products/Debug/PackageFrameworks -F /Users/rogerlin/Library/Developer/Xcode/DerivedData/FinancialCalculatorKit-ackorybalcxbfocbkqsfdzcfkgmn/Build/Products/Debug -no-color-diagnostics -Xcc -fno-color-diagnostics -enable-testing -g -debug-info-format\=dwarf -dwarf-version\=4 -module-cache-path /Users/rogerlin/Library/Developer/Xcode/DerivedData/FinancialCalculatorKit-ackorybalcxbfocbkqsfdzcfkgmn/Build/Intermediates.noindex/SwiftExplicitPrecompiledModules -profile-generate -profile-coverage-mapping -swift-version 5 -enforce-exclusivity\=checked -Onone -D DEBUG -serialize-debugging-options -load-plugin-executable /Users/rogerlin/Library/Developer/Xcode/DerivedData/FinancialCalculatorKit-ackorybalcxbfocbkqsfdzcfkgmn/Build/Products/Debug/CasePathsMacros\#CasePathsMacros -const-gather-protocols-file /Users/rogerlin/Library/Developer/Xcode/DerivedData/FinancialCalculatorKit-ackorybalcxbfocbkqsfdzcfkgmn/Build/Intermediates.noindex/FinancialCalculatorKit.build/Debug/FinancialCalculatorKit.build/Objects-normal/arm64/FinancialCalculatorKit_const_extract_protocols.json -enable-experimental-feature DebugDescriptionMacro -enable-bare-slash-regex -empty-abi-descriptor -validate-clang-modules-once -clang-build-session-file /Users/rogerlin/Library/Developer/Xcode/DerivedData/ModuleCache.noindex/Session.modulevalidation -Xcc -working-directory -Xcc /Users/rogerlin/XCode-Projects/FinancialCalculatorKit-5.0-updated-accent-colors -enable-anonymous-context-mangled-names -file-compilation-dir /Users/rogerlin/XCode-Projects/FinancialCalculatorKit-5.0-updated-accent-colors -Xcc -D_LIBCPP_HARDENING_MODE\=_LIBCPP_HARDENING_MODE_DEBUG -Xcc -ivfsstatcache -Xcc /Users/rogerlin/Library/Developer/Xcode/DerivedData/SDKStatCaches.noindex/macosx26.1-25B74-3ae1261907bdadc328169391a47051a6.sdkstatcache -Xcc -I/Users/rogerlin/Library/Developer/Xcode/DerivedData/FinancialCalculatorKit-ackorybalcxbfocbkqsfdzcfkgmn/Build/Intermediates.noindex/FinancialCalculatorKit.build/Debug/FinancialCalculatorKit.build/swift-overrides.hmap -Xcc -iquote -Xcc /Users/rogerlin/Library/Developer/Xcode/DerivedData/FinancialCalculatorKit-ackorybalcxbfocbkqsfdzcfkgmn/Build/Intermediates.noindex/FinancialCalculatorKit.build/Debug/FinancialCalculatorKit.build/FinancialCalculatorKit-generated-files.hmap -Xcc -I/Users/rogerlin/Library/Developer/Xcode/DerivedData/FinancialCalculatorKit-ackorybalcxbfocbkqsfdzcfkgmn/Build/Intermediates.noindex/FinancialCalculatorKit.build/Debug/FinancialCalculatorKit.build/FinancialCalculatorKit-own-target-headers.hmap -Xcc -I/Users/rogerlin/Library/Developer/Xcode/DerivedData/FinancialCalculatorKit-ackorybalcxbfocbkqsfdzcfkgmn/Build/Intermediates.noindex/FinancialCalculatorKit.build/Debug/FinancialCalculatorKit.build/FinancialCalculatorKit-all-non-framework-target-headers.hmap -Xcc -ivfsoverlay -Xcc /Users/rogerlin/Library/Developer/Xcode/DerivedData/FinancialCalculatorKit-ackorybalcxbfocbkqsfdzcfkgmn/Build/Intermediates.noindex/FinancialCalculatorKit.build/Debug/FinancialCalculatorKit-b796aaad08c4b307251b75ea7c01aae2-VFS/all-product-headers.yaml -Xcc -iquote -Xcc /Users/rogerlin/Library/Developer/Xcode/DerivedData/FinancialCalculatorKit-ackorybalcxbfocbkqsfdzcfkgmn/Build/Intermediates.noindex/FinancialCalculatorKit.build/Debug/FinancialCalculatorKit.build/FinancialCalculatorKit-project-headers.hmap -Xcc -I/Users/rogerlin/Library/Developer/Xcode/DerivedData/FinancialCalculatorKit-ackorybalcxbfocbkqsfdzcfkgmn/SourcePackages/checkouts/swift-numerics/Sources/_NumericsShims/include -Xcc -I/Users/rogerlin/Library/Developer/Xcode/DerivedData/FinancialCalculatorKit-ackorybalcxbfocbkqsfdzcfkgmn/Build/Products/Debug/include -Xcc -I/Users/rogerlin/Library/Developer/Xcode/DerivedData/FinancialCalculatorKit-ackorybalcxbfocbkqsfdzcfkgmn/Build/Intermediates.noindex/FinancialCalculatorKit.build/Debug/FinancialCalculatorKit.build/DerivedSources-normal/arm64 -Xcc -I/Users/rogerlin/Library/Developer/Xcode/DerivedData/FinancialCalculatorKit-ackorybalcxbfocbkqsfdzcfkgmn/Build/Intermediates.noindex/FinancialCalculatorKit.build/Debug/FinancialCalculatorKit.build/DerivedSources/arm64 -Xcc -I/Users/rogerlin/Library/Developer/Xcode/DerivedData/FinancialCalculatorKit-ackorybalcxbfocbkqsfdzcfkgmn/Build/Intermediates.noindex/FinancialCalculatorKit.build/Debug/FinancialCalculatorKit.build/DerivedSources -Xcc -DDEBUG\=1 -no-auto-bridging-header-chaining -module-name FinancialCalculatorKit -frontend-parseable-output -disable-clang-spi -target-sdk-version 26.1 -target-sdk-name macosx26.1 -clang-target arm64-apple-macos26.1 -in-process-plugin-server-path /Applications/Xcode.app/Contents/Developer/Toolchains/XcodeDefault.xctoolchain/usr/lib/swift/host/libSwiftInProcPluginServer.dylib -o /Users/rogerlin/Library/Developer/Xcode/DerivedData/FinancialCalculatorKit-ackorybalcxbfocbkqsfdzcfkgmn/Build/Intermediates.noindex/FinancialCalculatorKit.build/Debug/FinancialCalculatorKit.build/Objects-normal/arm64/PortfolioOptimizationView.o -o /Users/rogerlin/Library/Developer/Xcode/DerivedData/FinancialCalculatorKit-ackorybalcxbfocbkqsfdzcfkgmn/Build/Intermediates.noindex/FinancialCalculatorKit.build/Debug/FinancialCalculatorKit.build/Objects-normal/arm64/PrecisionDemoView.o -index-unit-output-path /FinancialCalculatorKit.build/Debug/FinancialCalculatorKit.build/Objects-normal/arm64/PortfolioOptimizationView.o -index-unit-output-path /FinancialCalculatorKit.build/Debug/FinancialCalculatorKit.build/Objects-normal/arm64/PrecisionDemoView.o -index-store-path /Users/rogerlin/Library/Developer/Xcode/DerivedData/FinancialCalculatorKit-ackorybalcxbfocbkqsfdzcfkgmn/Index.noindex/DataStore -index-system-modules

SwiftCompile normal arm64 /Users/rogerlin/XCode-Projects/FinancialCalculatorKit-5.0-updated-accent-colors/FinancialCalculatorKit/Views/Calculator/PortfolioOptimizationView.swift (in target 'FinancialCalculatorKit' from project 'FinancialCalculatorKit')
    cd /Users/rogerlin/XCode-Projects/FinancialCalculatorKit-5.0-updated-accent-colors
    

SwiftCompile normal arm64 /Users/rogerlin/XCode-Projects/FinancialCalculatorKit-5.0-updated-accent-colors/FinancialCalculatorKit/Views/Calculator/PrecisionDemoView.swift (in target 'FinancialCalculatorKit' from project 'FinancialCalculatorKit')
    cd /Users/rogerlin/XCode-Projects/FinancialCalculatorKit-5.0-updated-accent-colors
    

SwiftDriverJobDiscovery normal arm64 Compiling StatusIndicator.swift, ValidationSummaryView.swift (in target 'FinancialCalculatorKit' from project 'FinancialCalculatorKit')

SwiftCompile normal arm64 Compiling\ RiskManagementView.swift /Users/rogerlin/XCode-Projects/FinancialCalculatorKit-5.0-updated-accent-colors/FinancialCalculatorKit/Views/Calculator/RiskManagementView.swift (in target 'FinancialCalculatorKit' from project 'FinancialCalculatorKit')
/Applications/Xcode.app/Contents/Developer/Toolchains/XcodeDefault.xctoolchain/usr/bin/swift-frontend -frontend -c /Users/rogerlin/XCode-Projects/FinancialCalculatorKit-5.0-updated-accent-colors/FinancialCalculatorKit/Models/Bond/AdvancedBondModels.swift /Users/rogerlin/XCode-Projects/FinancialCalculatorKit-5.0-updated-accent-colors/FinancialCalculatorKit/Models/Bond/YieldCurveTypes.swift /Users/rogerlin/XCode-Projects/FinancialCalculatorKit-5.0-updated-accent-colors/FinancialCalculatorKit/Models/Calculation/BondCalculation.swift /Users/rogerlin/XCode-Projects/FinancialCalculatorKit-5.0-updated-accent-colors/FinancialCalculatorKit/Models/Calculation/CalculationMetadata.swift /Users/rogerlin/XCode-Projects/FinancialCalculatorKit-5.0-updated-accent-colors/FinancialCalculatorKit/Models/Calculation/DepreciationCalculation.swift /Users/rogerlin/XCode-Projects/FinancialCalculatorKit-5.0-updated-accent-colors/FinancialCalculatorKit/Models/Calculation/FinancialCalculation.swift /Users/rogerlin/XCode-Projects/FinancialCalculatorKit-5.0-updated-accent-colors/FinancialCalculatorKit/Models/Calculation/InvestmentCalculation.swift /Users/rogerlin/XCode-Projects/FinancialCalculatorKit-5.0-updated-accent-colors/FinancialCalculatorKit/Models/Calculation/LoanCalculation.swift /Users/rogerlin/XCode-Projects/FinancialCalculatorKit-5.0-updated-accent-colors/FinancialCalculatorKit/Models/Calculation/TimeValueCalculation.swift /Users/rogerlin/XCode-Projects/FinancialCalculatorKit-5.0-updated-accent-colors/FinancialCalculatorKit/Models/Enums/CalculationType.swift /Users/rogerlin/XCode-Projects/FinancialCalculatorKit-5.0-updated-accent-colors/FinancialCalculatorKit/Models/Enums/Currency.swift /Users/rogerlin/XCode-Projects/FinancialCalculatorKit-5.0-updated-accent-colors/FinancialCalculatorKit/Models/Enums/LoanType.swift /Users/rogerlin/XCode-Projects/FinancialCalculatorKit-5.0-updated-accent-colors/FinancialCalculatorKit/Models/Enums/PaymentFrequency.swift /Users/rogerlin/XCode-Projects/FinancialCalculatorKit-5.0-updated-accent-colors/FinancialCalculatorKit/Models/Enums/TimeValueVariable.swift /Users/rogerlin/XCode-Projects/FinancialCalculatorKit-5.0-updated-accent-colors/FinancialCalculatorKit/Models/Formula/FormulaReference.swift /Users/rogerlin/XCode-Projects/FinancialCalculatorKit-5.0-updated-accent-colors/FinancialCalculatorKit/Models/FRED/FREDModels.swift /Users/rogerlin/XCode-Projects/FinancialCalculatorKit-5.0-updated-accent-colors/FinancialCalculatorKit/Models/Options/AdvancedOptionsModels.swift /Users/rogerlin/XCode-Projects/FinancialCalculatorKit-5.0-updated-accent-colors/FinancialCalculatorKit/Models/ScientificCalculator/EquationDocument.swift /Users/rogerlin/XCode-Projects/FinancialCalculatorKit-5.0-updated-accent-colors/FinancialCalculatorKit/Models/ScientificCalculator/VariableStore.swift /Users/rogerlin/XCode-Projects/FinancialCalculatorKit-5.0-updated-accent-colors/FinancialCalculatorKit/Protocols/FinancialComputable.swift /Users/rogerlin/XCode-Projects/FinancialCalculatorKit-5.0-updated-accent-colors/FinancialCalculatorKit/Services/Bond/AdvancedBondPricingEngine.swift /Users/rogerlin/XCode-Projects/FinancialCalculatorKit-5.0-updated-accent-colors/FinancialCalculatorKit/Services/Options/AdvancedOptionsPricingEngine.swift /Users/rogerlin/XCode-Projects/FinancialCalculatorKit-5.0-updated-accent-colors/FinancialCalculatorKit/Services/AdvancedExpressionParser.swift /Users/rogerlin/XCode-Projects/FinancialCalculatorKit-5.0-updated-accent-colors/FinancialCalculatorKit/Services/AdvancedIRRCalculator.swift /Users/rogerlin/XCode-Projects/FinancialCalculatorKit-5.0-updated-accent-colors/FinancialCalculatorKit/Services/AdvancedMathFunctions.swift /Users/rogerlin/XCode-Projects/FinancialCalculatorKit-5.0-updated-accent-colors/FinancialCalculatorKit/Services/CalculationEngine.swift /Users/rogerlin/XCode-Projects/FinancialCalculatorKit-5.0-updated-accent-colors/FinancialCalculatorKit/Services/CSVHelper.swift /Users/rogerlin/XCode-Projects/FinancialCalculatorKit-5.0-updated-accent-colors/FinancialCalculatorKit/Services/CurrencyConversionService.swift /Users/rogerlin/XCode-Projects/FinancialCalculatorKit-5.0-updated-accent-colors/FinancialCalculatorKit/Services/ExchangeRateService.swift /Users/rogerlin/XCode-Projects/FinancialCalculatorKit-5.0-updated-accent-colors/FinancialCalculatorKit/Services/FinancialCalculator.swift /Users/rogerlin/XCode-Projects/FinancialCalculatorKit-5.0-updated-accent-colors/FinancialCalculatorKit/Services/FinancialValidation.swift /Users/rogerlin/XCode-Projects/FinancialCalculatorKit-5.0-updated-accent-colors/FinancialCalculatorKit/Services/FormulaAutoComplete.swift /Users/rogerlin/XCode-Projects/FinancialCalculatorKit-5.0-updated-accent-colors/FinancialCalculatorKit/Services/FREDService.swift /Users/rogerlin/XCode-Projects/FinancialCalculatorKit-5.0-updated-accent-colors/FinancialCalculatorKit/Services/HighPrecisionMath.swift /Users/rogerlin/XCode-Projects/FinancialCalculatorKit-5.0-updated-accent-colors/FinancialCalculatorKit/Services/HighPrecisionTestSuite.swift /Users/rogerlin/XCode-Projects/FinancialCalculatorKit-5.0-updated-accent-colors/FinancialCalculatorKit/Services/HighPrecisionValidation.swift /Users/rogerlin/XCode-Projects/FinancialCalculatorKit-5.0-updated-accent-colors/FinancialCalculatorKit/Services/TickerHistoryService.swift /Users/rogerlin/XCode-Projects/FinancialCalculatorKit-5.0-updated-accent-colors/FinancialCalculatorKit/Services/ValidationExtensions.swift /Users/rogerlin/XCode-Projects/FinancialCalculatorKit-5.0-updated-accent-colors/FinancialCalculatorKit/Services/ValidationService.swift /Users/rogerlin/XCode-Projects/FinancialCalculatorKit-5.0-updated-accent-colors/FinancialCalculatorKit/Services/ValidationTestSuite.swift /Users/rogerlin/XCode-Projects/FinancialCalculatorKit-5.0-updated-accent-colors/FinancialCalculatorKit/Utilities/Extensions/Date+Financial.swift /Users/rogerlin/XCode-Projects/FinancialCalculatorKit-5.0-updated-accent-colors/FinancialCalculatorKit/Utilities/Extensions/Double+Financial.swift /Users/rogerlin/XCode-Projects/FinancialCalculatorKit-5.0-updated-accent-colors/FinancialCalculatorKit/Utilities/CashFlowsTransformer.swift /Users/rogerlin/XCode-Projects/FinancialCalculatorKit-5.0-updated-accent-colors/FinancialCalculatorKit/Utilities/Formatters.swift /Users/rogerlin/XCode-Projects/FinancialCalculatorKit-5.0-updated-accent-colors/FinancialCalculatorKit/ViewHelpers/FormulaViewHelper.swift /Users/rogerlin/XCode-Projects/FinancialCalculatorKit-5.0-updated-accent-colors/FinancialCalculatorKit/ViewModels/MainViewModel.swift /Users/rogerlin/XCode-Projects/FinancialCalculatorKit-5.0-updated-accent-colors/FinancialCalculatorKit/Views/Calculator/AdvancedBondCalculatorView.swift /Users/rogerlin/XCode-Projects/FinancialCalculatorKit-5.0-updated-accent-colors/FinancialCalculatorKit/Views/Calculator/AmortizationView.swift /Users/rogerlin/XCode-Projects/FinancialCalculatorKit-5.0-updated-accent-colors/FinancialCalculatorKit/Views/Calculator/BondCalculatorView.swift /Users/rogerlin/XCode-Projects/FinancialCalculatorKit-5.0-updated-accent-colors/FinancialCalculatorKit/Views/Calculator/CompactCalculatorView.swift /Users/rogerlin/XCode-Projects/FinancialCalculatorKit-5.0-updated-accent-colors/FinancialCalculatorKit/Views/Calculator/CurrencyConverterView.swift /Users/rogerlin/XCode-Projects/FinancialCalculatorKit-5.0-updated-accent-colors/FinancialCalculatorKit/Views/Calculator/CustomScientificKeyboard.swift /Users/rogerlin/XCode-Projects/FinancialCalculatorKit-5.0-updated-accent-colors/FinancialCalculatorKit/Views/Calculator/DepreciationCalculatorView.swift /Users/rogerlin/XCode-Projects/FinancialCalculatorKit-5.0-updated-accent-colors/FinancialCalculatorKit/Views/Calculator/DocumentListView.swift /Users/rogerlin/XCode-Projects/FinancialCalculatorKit-5.0-updated-accent-colors/FinancialCalculatorKit/Views/Calculator/EquityValuationView.swift /Users/rogerlin/XCode-Projects/FinancialCalculatorKit-5.0-updated-accent-colors/FinancialCalculatorKit/Views/Calculator/FixedIncomeAnalyticsView.swift /Users/rogerlin/XCode-Projects/FinancialCalculatorKit-5.0-updated-accent-colors/FinancialCalculatorKit/Views/Calculator/FormulaLibraryView.swift /Users/rogerlin/XCode-Projects/FinancialCalculatorKit-5.0-updated-accent-colors/FinancialCalculatorKit/Views/Calculator/ForwardsCalculatorView.swift /Users/rogerlin/XCode-Projects/FinancialCalculatorKit-5.0-updated-accent-colors/FinancialCalculatorKit/Views/Calculator/FuturesCalculatorView.swift /Users/rogerlin/XCode-Projects/FinancialCalculatorKit-5.0-updated-accent-colors/FinancialCalculatorKit/Views/Calculator/FutureValueView.swift /Users/rogerlin/XCode-Projects/FinancialCalculatorKit-5.0-updated-accent-colors/FinancialCalculatorKit/Views/Calculator/HighPrecisionCalculatorView.swift /Users/rogerlin/XCode-Projects/FinancialCalculatorKit-5.0-updated-accent-colors/FinancialCalculatorKit/Views/Calculator/InvestmentCalculatorView.swift /Users/rogerlin/XCode-Projects/FinancialCalculatorKit-5.0-updated-accent-colors/FinancialCalculatorKit/Views/Calculator/LoanCalculatorView.swift /Users/rogerlin/XCode-Projects/FinancialCalculatorKit-5.0-updated-accent-colors/FinancialCalculatorKit/Views/Calculator/LoanResultView.swift /Users/rogerlin/XCode-Projects/FinancialCalculatorKit-5.0-updated-accent-colors/FinancialCalculatorKit/Views/Calculator/MathExpressionCalculatorView.swift /Users/rogerlin/XCode-Projects/FinancialCalculatorKit-5.0-updated-accent-colors/FinancialCalculatorKit/Views/Calculator/OptionsCalculatorView.swift /Users/rogerlin/XCode-Projects/FinancialCalculatorKit-5.0-updated-accent-colors/FinancialCalculatorKit/Views/Calculator/OptionsStrategiesView.swift /Users/rogerlin/XCode-Projects/FinancialCalculatorKit-5.0-updated-accent-colors/FinancialCalculatorKit/Views/Calculator/PlaceholderViews.swift /Users/rogerlin/XCode-Projects/FinancialCalculatorKit-5.0-updated-accent-colors/FinancialCalculatorKit/Views/Calculator/PortfolioOptimizationView.swift /Users/rogerlin/XCode-Projects/FinancialCalculatorKit-5.0-updated-accent-colors/FinancialCalculatorKit/Views/Calculator/PrecisionDemoView.swift -primary-file /Users/rogerlin/XCode-Projects/FinancialCalculatorKit-5.0-updated-accent-colors/FinancialCalculatorKit/Views/Calculator/RiskManagementView.swift /Users/rogerlin/XCode-Projects/FinancialCalculatorKit-5.0-updated-accent-colors/FinancialCalculatorKit/Views/Calculator/ScientificCalculatorView.swift /Users/rogerlin/XCode-Projects/FinancialCalculatorKit-5.0-updated-accent-colors/FinancialCalculatorKit/Views/Calculator/SwapsCalculatorView.swift /Users/rogerlin/XCode-Projects/FinancialCalculatorKit-5.0-updated-accent-colors/FinancialCalculatorKit/Views/Calculator/TemplateViews.swift /Users/rogerlin/XCode-Projects/FinancialCalculatorKit-5.0-updated-accent-colors/FinancialCalculatorKit/Views/Calculator/TickerHistoryView.swift /Users/rogerlin/XCode-Projects/FinancialCalculatorKit-5.0-updated-accent-colors/FinancialCalculatorKit/Views/Calculator/TimeValueCalculatorView.swift /Users/rogerlin/XCode-Projects/FinancialCalculatorKit-5.0-updated-accent-colors/FinancialCalculatorKit/Views/Calculator/TimeValueResultView.swift /Users/rogerlin/XCode-Projects/FinancialCalculatorKit-5.0-updated-accent-colors/FinancialCalculatorKit/Views/Calculator/UnitConverterView.swift /Users/rogerlin/XCode-Projects/FinancialCalculatorKit-5.0-updated-accent-colors/FinancialCalculatorKit/Views/Calculator/VariableManagementView.swift /Users/rogerlin/XCode-Projects/FinancialCalculatorKit-5.0-updated-accent-colors/FinancialCalculatorKit/Views/Charts/FinancialChartView.swift /Users/rogerlin/XCode-Projects/FinancialCalculatorKit-5.0-updated-accent-colors/FinancialCalculatorKit/Views/Charts/InteractiveFinancialCharts.swift /Users/rogerlin/XCode-Projects/FinancialCalculatorKit-5.0-updated-accent-colors/FinancialCalculatorKit/Views/Components/DetailRow.swift /Users/rogerlin/XCode-Projects/FinancialCalculatorKit-5.0-updated-accent-colors/FinancialCalculatorKit/Views/Components/DynamicInputSection.swift /Users/rogerlin/XCode-Projects/FinancialCalculatorKit-5.0-updated-accent-colors/FinancialCalculatorKit/Views/Components/EnhancedInputFields.swift /Users/rogerlin/XCode-Projects/FinancialCalculatorKit-5.0-updated-accent-colors/FinancialCalculatorKit/Views/Components/FinancialStyles.swift /Users/rogerlin/XCode-Projects/FinancialCalculatorKit-5.0-updated-accent-colors/FinancialCalculatorKit/Views/Components/InputFieldView.swift /Users/rogerlin/XCode-Projects/FinancialCalculatorKit-5.0-updated-accent-colors/FinancialCalculatorKit/Views/Components/InteractiveDataTables.swift /Users/rogerlin/XCode-Projects/FinancialCalculatorKit-5.0-updated-accent-colors/FinancialCalculatorKit/Views/Components/LoadingResultView.swift /Users/rogerlin/XCode-Projects/FinancialCalculatorKit-5.0-updated-accent-colors/FinancialCalculatorKit/Views/Components/NumbersOnlyViewModifier.swift /Users/rogerlin/XCode-Projects/FinancialCalculatorKit-5.0-updated-accent-colors/FinancialCalculatorKit/Views/Components/ResultDisplayView.swift /Users/rogerlin/XCode-Projects/FinancialCalculatorKit-5.0-updated-accent-colors/FinancialCalculatorKit/Views/Components/StatusIndicator.swift /Users/rogerlin/XCode-Projects/FinancialCalculatorKit-5.0-updated-accent-colors/FinancialCalculatorKit/Views/Components/ValidationSummaryView.swift /Users/rogerlin/XCode-Projects/FinancialCalculatorKit-5.0-updated-accent-colors/FinancialCalculatorKit/Views/FRED/FREDDataView.swift /Users/rogerlin/XCode-Projects/FinancialCalculatorKit-5.0-updated-accent-colors/FinancialCalculatorKit/Views/Reference/FormulaReferenceView.swift /Users/rogerlin/XCode-Projects/FinancialCalculatorKit-5.0-updated-accent-colors/FinancialCalculatorKit/Views/Reference/FormulaVariableView.swift /Users/rogerlin/XCode-Projects/FinancialCalculatorKit-5.0-updated-accent-colors/FinancialCalculatorKit/Views/Reference/FormulaVariantView.swift /Users/rogerlin/XCode-Projects/FinancialCalculatorKit-5.0-updated-accent-colors/FinancialCalculatorKit/ContentView.swift /Users/rogerlin/XCode-Projects/FinancialCalculatorKit-5.0-updated-accent-colors/FinancialCalculatorKit/FinancialCalculatorKitApp.swift /Users/rogerlin/XCode-Projects/FinancialCalculatorKit-5.0-updated-accent-colors/FinancialCalculatorKit/Item.swift /Users/rogerlin/Library/Developer/Xcode/DerivedData/FinancialCalculatorKit-ackorybalcxbfocbkqsfdzcfkgmn/Build/Intermediates.noindex/FinancialCalculatorKit.build/Debug/FinancialCalculatorKit.build/DerivedSources/GeneratedAssetSymbols.swift -emit-dependencies-path /Users/rogerlin/Library/Developer/Xcode/DerivedData/FinancialCalculatorKit-ackorybalcxbfocbkqsfdzcfkgmn/Build/Intermediates.noindex/FinancialCalculatorKit.build/Debug/FinancialCalculatorKit.build/Objects-normal/arm64/RiskManagementView.d -emit-const-values-path /Users/rogerlin/Library/Developer/Xcode/DerivedData/FinancialCalculatorKit-ackorybalcxbfocbkqsfdzcfkgmn/Build/Intermediates.noindex/FinancialCalculatorKit.build/Debug/FinancialCalculatorKit.build/Objects-normal/arm64/RiskManagementView.swiftconstvalues -emit-reference-dependencies-path /Users/rogerlin/Library/Developer/Xcode/DerivedData/FinancialCalculatorKit-ackorybalcxbfocbkqsfdzcfkgmn/Build/Intermediates.noindex/FinancialCalculatorKit.build/Debug/FinancialCalculatorKit.build/Objects-normal/arm64/RiskManagementView.swiftdeps -serialize-diagnostics-path /Users/rogerlin/Library/Developer/Xcode/DerivedData/FinancialCalculatorKit-ackorybalcxbfocbkqsfdzcfkgmn/Build/Intermediates.noindex/FinancialCalculatorKit.build/Debug/FinancialCalculatorKit.build/Objects-normal/arm64/RiskManagementView.dia -emit-localized-strings -emit-localized-strings-path /Users/rogerlin/Library/Developer/Xcode/DerivedData/FinancialCalculatorKit-ackorybalcxbfocbkqsfdzcfkgmn/Build/Intermediates.noindex/FinancialCalculatorKit.build/Debug/FinancialCalculatorKit.build/Objects-normal/arm64 -target arm64-apple-macos14.0 -module-can-import-version AppKit 2685.20.119 2685.20.119 -module-can-import-version DeveloperToolsSupport 23.0.4 23.0.4 -module-can-import-version SwiftUI 7.1.13.1 7.1.13 -disable-cross-import-overlay-search -swift-module-cross-import SwiftData /Applications/Xcode.app/Contents/Developer/Platforms/MacOSX.platform/Developer/SDKs/MacOSX26.1.sdk/System/Library/Frameworks/SwiftData.framework/Modules/SwiftData.swiftcrossimport/CoreData.swiftoverlay -swift-module-cross-import SwiftData /Applications/Xcode.app/Contents/Developer/Platforms/MacOSX.platform/Developer/SDKs/MacOSX26.1.sdk/System/Library/Frameworks/SwiftData.framework/Modules/SwiftData.swiftcrossimport/SwiftUI.swiftoverlay -load-resolved-plugin \#/Users/rogerlin/Library/Developer/Xcode/DerivedData/FinancialCalculatorKit-ackorybalcxbfocbkqsfdzcfkgmn/Build/Products/Debug/CasePathsMacros\#CasePathsMacros -load-resolved-plugin /Applications/Xcode.app/Contents/Developer/Platforms/MacOSX.platform/Developer/usr/lib/swift/host/plugins/libFoundationMacros.dylib\#/Applications/Xcode.app/Contents/Developer/Platforms/MacOSX.platform/Developer/usr/bin/swift-plugin-server\#FoundationMacros -load-resolved-plugin /Applications/Xcode.app/Contents/Developer/Platforms/MacOSX.platform/Developer/usr/lib/swift/host/plugins/libObservationMacros.dylib\#/Applications/Xcode.app/Contents/Developer/Platforms/MacOSX.platform/Developer/usr/bin/swift-plugin-server\#ObservationMacros -load-resolved-plugin /Applications/Xcode.app/Contents/Developer/Platforms/MacOSX.platform/Developer/usr/lib/swift/host/plugins/libPreviewsMacros.dylib\#/Applications/Xcode.app/Contents/Developer/Platforms/MacOSX.platform/Developer/usr/bin/swift-plugin-server\#PreviewsMacros -load-resolved-plugin /Applications/Xcode.app/Contents/Developer/Platforms/MacOSX.platform/Developer/usr/lib/swift/host/plugins/libSwiftDataMacros.dylib\#/Applications/Xcode.app/Contents/Developer/Platforms/MacOSX.platform/Developer/usr/bin/swift-plugin-server\#SwiftDataMacros -load-resolved-plugin /Applications/Xcode.app/Contents/Developer/Platforms/MacOSX.platform/Developer/usr/lib/swift/host/plugins/libSwiftMacros.dylib\#/Applications/Xcode.app/Contents/Developer/Platforms/MacOSX.platform/Developer/usr/bin/swift-plugin-server\#SwiftMacros -load-resolved-plugin /Applications/Xcode.app/Contents/Developer/Platforms/MacOSX.platform/Developer/usr/lib/swift/host/plugins/libSwiftUIMacros.dylib\#/Applications/Xcode.app/Contents/Developer/Platforms/MacOSX.platform/Developer/usr/bin/swift-plugin-server\#SwiftUIMacros -disable-implicit-swift-modules -Xcc -fno-implicit-modules -Xcc -fno-implicit-module-maps -explicit-swift-module-map-file /Users/rogerlin/Library/Developer/Xcode/DerivedData/FinancialCalculatorKit-ackorybalcxbfocbkqsfdzcfkgmn/Build/Intermediates.noindex/FinancialCalculatorKit.build/Debug/FinancialCalculatorKit.build/Objects-normal/arm64/FinancialCalculatorKit-dependencies-1.json -Xllvm -aarch64-use-tbi -enable-objc-interop -stack-check -sdk /Applications/Xcode.app/Contents/Developer/Platforms/MacOSX.platform/Developer/SDKs/MacOSX26.1.sdk -I /Users/rogerlin/Library/Developer/Xcode/DerivedData/FinancialCalculatorKit-ackorybalcxbfocbkqsfdzcfkgmn/Build/Products/Debug -F /Users/rogerlin/Library/Developer/Xcode/DerivedData/FinancialCalculatorKit-ackorybalcxbfocbkqsfdzcfkgmn/Build/Products/Debug/PackageFrameworks -F /Users/rogerlin/Library/Developer/Xcode/DerivedData/FinancialCalculatorKit-ackorybalcxbfocbkqsfdzcfkgmn/Build/Products/Debug/PackageFrameworks -F /Users/rogerlin/Library/Developer/Xcode/DerivedData/FinancialCalculatorKit-ackorybalcxbfocbkqsfdzcfkgmn/Build/Products/Debug/PackageFrameworks -F /Users/rogerlin/Library/Developer/Xcode/DerivedData/FinancialCalculatorKit-ackorybalcxbfocbkqsfdzcfkgmn/Build/Products/Debug/PackageFrameworks -F /Users/rogerlin/Library/Developer/Xcode/DerivedData/FinancialCalculatorKit-ackorybalcxbfocbkqsfdzcfkgmn/Build/Products/Debug/PackageFrameworks -F /Users/rogerlin/Library/Developer/Xcode/DerivedData/FinancialCalculatorKit-ackorybalcxbfocbkqsfdzcfkgmn/Build/Products/Debug/PackageFrameworks -F /Users/rogerlin/Library/Developer/Xcode/DerivedData/FinancialCalculatorKit-ackorybalcxbfocbkqsfdzcfkgmn/Build/Products/Debug/PackageFrameworks -F /Users/rogerlin/Library/Developer/Xcode/DerivedData/FinancialCalculatorKit-ackorybalcxbfocbkqsfdzcfkgmn/Build/Products/Debug/PackageFrameworks -F /Users/rogerlin/Library/Developer/Xcode/DerivedData/FinancialCalculatorKit-ackorybalcxbfocbkqsfdzcfkgmn/Build/Products/Debug/PackageFrameworks -F /Users/rogerlin/Library/Developer/Xcode/DerivedData/FinancialCalculatorKit-ackorybalcxbfocbkqsfdzcfkgmn/Build/Products/Debug/PackageFrameworks -F /Users/rogerlin/Library/Developer/Xcode/DerivedData/FinancialCalculatorKit-ackorybalcxbfocbkqsfdzcfkgmn/Build/Products/Debug/PackageFrameworks -F /Users/rogerlin/Library/Developer/Xcode/DerivedData/FinancialCalculatorKit-ackorybalcxbfocbkqsfdzcfkgmn/Build/Products/Debug/PackageFrameworks -F /Users/rogerlin/Library/Developer/Xcode/DerivedData/FinancialCalculatorKit-ackorybalcxbfocbkqsfdzcfkgmn/Build/Products/Debug/PackageFrameworks -F /Users/rogerlin/Library/Developer/Xcode/DerivedData/FinancialCalculatorKit-ackorybalcxbfocbkqsfdzcfkgmn/Build/Products/Debug/PackageFrameworks -F /Users/rogerlin/Library/Developer/Xcode/DerivedData/FinancialCalculatorKit-ackorybalcxbfocbkqsfdzcfkgmn/Build/Products/Debug/PackageFrameworks -F /Users/rogerlin/Library/Developer/Xcode/DerivedData/FinancialCalculatorKit-ackorybalcxbfocbkqsfdzcfkgmn/Build/Products/Debug/PackageFrameworks -F /Users/rogerlin/Library/Developer/Xcode/DerivedData/FinancialCalculatorKit-ackorybalcxbfocbkqsfdzcfkgmn/Build/Products/Debug/PackageFrameworks -F /Users/rogerlin/Library/Developer/Xcode/DerivedData/FinancialCalculatorKit-ackorybalcxbfocbkqsfdzcfkgmn/Build/Products/Debug/PackageFrameworks -F /Users/rogerlin/Library/Developer/Xcode/DerivedData/FinancialCalculatorKit-ackorybalcxbfocbkqsfdzcfkgmn/Build/Products/Debug/PackageFrameworks -F /Users/rogerlin/Library/Developer/Xcode/DerivedData/FinancialCalculatorKit-ackorybalcxbfocbkqsfdzcfkgmn/Build/Products/Debug -no-color-diagnostics -Xcc -fno-color-diagnostics -enable-testing -g -debug-info-format\=dwarf -dwarf-version\=4 -module-cache-path /Users/rogerlin/Library/Developer/Xcode/DerivedData/FinancialCalculatorKit-ackorybalcxbfocbkqsfdzcfkgmn/Build/Intermediates.noindex/SwiftExplicitPrecompiledModules -profile-generate -profile-coverage-mapping -swift-version 5 -enforce-exclusivity\=checked -Onone -D DEBUG -serialize-debugging-options -load-plugin-executable /Users/rogerlin/Library/Developer/Xcode/DerivedData/FinancialCalculatorKit-ackorybalcxbfocbkqsfdzcfkgmn/Build/Products/Debug/CasePathsMacros\#CasePathsMacros -const-gather-protocols-file /Users/rogerlin/Library/Developer/Xcode/DerivedData/FinancialCalculatorKit-ackorybalcxbfocbkqsfdzcfkgmn/Build/Intermediates.noindex/FinancialCalculatorKit.build/Debug/FinancialCalculatorKit.build/Objects-normal/arm64/FinancialCalculatorKit_const_extract_protocols.json -enable-experimental-feature DebugDescriptionMacro -enable-bare-slash-regex -empty-abi-descriptor -validate-clang-modules-once -clang-build-session-file /Users/rogerlin/Library/Developer/Xcode/DerivedData/ModuleCache.noindex/Session.modulevalidation -Xcc -working-directory -Xcc /Users/rogerlin/XCode-Projects/FinancialCalculatorKit-5.0-updated-accent-colors -enable-anonymous-context-mangled-names -file-compilation-dir /Users/rogerlin/XCode-Projects/FinancialCalculatorKit-5.0-updated-accent-colors -Xcc -D_LIBCPP_HARDENING_MODE\=_LIBCPP_HARDENING_MODE_DEBUG -Xcc -ivfsstatcache -Xcc /Users/rogerlin/Library/Developer/Xcode/DerivedData/SDKStatCaches.noindex/macosx26.1-25B74-3ae1261907bdadc328169391a47051a6.sdkstatcache -Xcc -I/Users/rogerlin/Library/Developer/Xcode/DerivedData/FinancialCalculatorKit-ackorybalcxbfocbkqsfdzcfkgmn/Build/Intermediates.noindex/FinancialCalculatorKit.build/Debug/FinancialCalculatorKit.build/swift-overrides.hmap -Xcc -iquote -Xcc /Users/rogerlin/Library/Developer/Xcode/DerivedData/FinancialCalculatorKit-ackorybalcxbfocbkqsfdzcfkgmn/Build/Intermediates.noindex/FinancialCalculatorKit.build/Debug/FinancialCalculatorKit.build/FinancialCalculatorKit-generated-files.hmap -Xcc -I/Users/rogerlin/Library/Developer/Xcode/DerivedData/FinancialCalculatorKit-ackorybalcxbfocbkqsfdzcfkgmn/Build/Intermediates.noindex/FinancialCalculatorKit.build/Debug/FinancialCalculatorKit.build/FinancialCalculatorKit-own-target-headers.hmap -Xcc -I/Users/rogerlin/Library/Developer/Xcode/DerivedData/FinancialCalculatorKit-ackorybalcxbfocbkqsfdzcfkgmn/Build/Intermediates.noindex/FinancialCalculatorKit.build/Debug/FinancialCalculatorKit.build/FinancialCalculatorKit-all-non-framework-target-headers.hmap -Xcc -ivfsoverlay -Xcc /Users/rogerlin/Library/Developer/Xcode/DerivedData/FinancialCalculatorKit-ackorybalcxbfocbkqsfdzcfkgmn/Build/Intermediates.noindex/FinancialCalculatorKit.build/Debug/FinancialCalculatorKit-b796aaad08c4b307251b75ea7c01aae2-VFS/all-product-headers.yaml -Xcc -iquote -Xcc /Users/rogerlin/Library/Developer/Xcode/DerivedData/FinancialCalculatorKit-ackorybalcxbfocbkqsfdzcfkgmn/Build/Intermediates.noindex/FinancialCalculatorKit.build/Debug/FinancialCalculatorKit.build/FinancialCalculatorKit-project-headers.hmap -Xcc -I/Users/rogerlin/Library/Developer/Xcode/DerivedData/FinancialCalculatorKit-ackorybalcxbfocbkqsfdzcfkgmn/SourcePackages/checkouts/swift-numerics/Sources/_NumericsShims/include -Xcc -I/Users/rogerlin/Library/Developer/Xcode/DerivedData/FinancialCalculatorKit-ackorybalcxbfocbkqsfdzcfkgmn/Build/Products/Debug/include -Xcc -I/Users/rogerlin/Library/Developer/Xcode/DerivedData/FinancialCalculatorKit-ackorybalcxbfocbkqsfdzcfkgmn/Build/Intermediates.noindex/FinancialCalculatorKit.build/Debug/FinancialCalculatorKit.build/DerivedSources-normal/arm64 -Xcc -I/Users/rogerlin/Library/Developer/Xcode/DerivedData/FinancialCalculatorKit-ackorybalcxbfocbkqsfdzcfkgmn/Build/Intermediates.noindex/FinancialCalculatorKit.build/Debug/FinancialCalculatorKit.build/DerivedSources/arm64 -Xcc -I/Users/rogerlin/Library/Developer/Xcode/DerivedData/FinancialCalculatorKit-ackorybalcxbfocbkqsfdzcfkgmn/Build/Intermediates.noindex/FinancialCalculatorKit.build/Debug/FinancialCalculatorKit.build/DerivedSources -Xcc -DDEBUG\=1 -no-auto-bridging-header-chaining -module-name FinancialCalculatorKit -frontend-parseable-output -disable-clang-spi -target-sdk-version 26.1 -target-sdk-name macosx26.1 -clang-target arm64-apple-macos26.1 -in-process-plugin-server-path /Applications/Xcode.app/Contents/Developer/Toolchains/XcodeDefault.xctoolchain/usr/lib/swift/host/libSwiftInProcPluginServer.dylib -o /Users/rogerlin/Library/Developer/Xcode/DerivedData/FinancialCalculatorKit-ackorybalcxbfocbkqsfdzcfkgmn/Build/Intermediates.noindex/FinancialCalculatorKit.build/Debug/FinancialCalculatorKit.build/Objects-normal/arm64/RiskManagementView.o -index-unit-output-path /FinancialCalculatorKit.build/Debug/FinancialCalculatorKit.build/Objects-normal/arm64/RiskManagementView.o -index-store-path /Users/rogerlin/Library/Developer/Xcode/DerivedData/FinancialCalculatorKit-ackorybalcxbfocbkqsfdzcfkgmn/Index.noindex/DataStore -index-system-modules

SwiftCompile normal arm64 /Users/rogerlin/XCode-Projects/FinancialCalculatorKit-5.0-updated-accent-colors/FinancialCalculatorKit/Views/Calculator/RiskManagementView.swift (in target 'FinancialCalculatorKit' from project 'FinancialCalculatorKit')
    cd /Users/rogerlin/XCode-Projects/FinancialCalculatorKit-5.0-updated-accent-colors
    

SwiftDriverJobDiscovery normal arm64 Compiling NumbersOnlyViewModifier.swift, ResultDisplayView.swift (in target 'FinancialCalculatorKit' from project 'FinancialCalculatorKit')

SwiftCompile normal arm64 Compiling\ Formatters.swift,\ FormulaViewHelper.swift,\ MainViewModel.swift /Users/rogerlin/XCode-Projects/FinancialCalculatorKit-5.0-updated-accent-colors/FinancialCalculatorKit/Utilities/Formatters.swift /Users/rogerlin/XCode-Projects/FinancialCalculatorKit-5.0-updated-accent-colors/FinancialCalculatorKit/ViewHelpers/FormulaViewHelper.swift /Users/rogerlin/XCode-Projects/FinancialCalculatorKit-5.0-updated-accent-colors/FinancialCalculatorKit/ViewModels/MainViewModel.swift (in target 'FinancialCalculatorKit' from project 'FinancialCalculatorKit')
/Applications/Xcode.app/Contents/Developer/Toolchains/XcodeDefault.xctoolchain/usr/bin/swift-frontend -frontend -c /Users/rogerlin/XCode-Projects/FinancialCalculatorKit-5.0-updated-accent-colors/FinancialCalculatorKit/Models/Bond/AdvancedBondModels.swift /Users/rogerlin/XCode-Projects/FinancialCalculatorKit-5.0-updated-accent-colors/FinancialCalculatorKit/Models/Bond/YieldCurveTypes.swift /Users/rogerlin/XCode-Projects/FinancialCalculatorKit-5.0-updated-accent-colors/FinancialCalculatorKit/Models/Calculation/BondCalculation.swift /Users/rogerlin/XCode-Projects/FinancialCalculatorKit-5.0-updated-accent-colors/FinancialCalculatorKit/Models/Calculation/CalculationMetadata.swift /Users/rogerlin/XCode-Projects/FinancialCalculatorKit-5.0-updated-accent-colors/FinancialCalculatorKit/Models/Calculation/DepreciationCalculation.swift /Users/rogerlin/XCode-Projects/FinancialCalculatorKit-5.0-updated-accent-colors/FinancialCalculatorKit/Models/Calculation/FinancialCalculation.swift /Users/rogerlin/XCode-Projects/FinancialCalculatorKit-5.0-updated-accent-colors/FinancialCalculatorKit/Models/Calculation/InvestmentCalculation.swift /Users/rogerlin/XCode-Projects/FinancialCalculatorKit-5.0-updated-accent-colors/FinancialCalculatorKit/Models/Calculation/LoanCalculation.swift /Users/rogerlin/XCode-Projects/FinancialCalculatorKit-5.0-updated-accent-colors/FinancialCalculatorKit/Models/Calculation/TimeValueCalculation.swift /Users/rogerlin/XCode-Projects/FinancialCalculatorKit-5.0-updated-accent-colors/FinancialCalculatorKit/Models/Enums/CalculationType.swift /Users/rogerlin/XCode-Projects/FinancialCalculatorKit-5.0-updated-accent-colors/FinancialCalculatorKit/Models/Enums/Currency.swift /Users/rogerlin/XCode-Projects/FinancialCalculatorKit-5.0-updated-accent-colors/FinancialCalculatorKit/Models/Enums/LoanType.swift /Users/rogerlin/XCode-Projects/FinancialCalculatorKit-5.0-updated-accent-colors/FinancialCalculatorKit/Models/Enums/PaymentFrequency.swift /Users/rogerlin/XCode-Projects/FinancialCalculatorKit-5.0-updated-accent-colors/FinancialCalculatorKit/Models/Enums/TimeValueVariable.swift /Users/rogerlin/XCode-Projects/FinancialCalculatorKit-5.0-updated-accent-colors/FinancialCalculatorKit/Models/Formula/FormulaReference.swift /Users/rogerlin/XCode-Projects/FinancialCalculatorKit-5.0-updated-accent-colors/FinancialCalculatorKit/Models/FRED/FREDModels.swift /Users/rogerlin/XCode-Projects/FinancialCalculatorKit-5.0-updated-accent-colors/FinancialCalculatorKit/Models/Options/AdvancedOptionsModels.swift /Users/rogerlin/XCode-Projects/FinancialCalculatorKit-5.0-updated-accent-colors/FinancialCalculatorKit/Models/ScientificCalculator/EquationDocument.swift /Users/rogerlin/XCode-Projects/FinancialCalculatorKit-5.0-updated-accent-colors/FinancialCalculatorKit/Models/ScientificCalculator/VariableStore.swift /Users/rogerlin/XCode-Projects/FinancialCalculatorKit-5.0-updated-accent-colors/FinancialCalculatorKit/Protocols/FinancialComputable.swift /Users/rogerlin/XCode-Projects/FinancialCalculatorKit-5.0-updated-accent-colors/FinancialCalculatorKit/Services/Bond/AdvancedBondPricingEngine.swift /Users/rogerlin/XCode-Projects/FinancialCalculatorKit-5.0-updated-accent-colors/FinancialCalculatorKit/Services/Options/AdvancedOptionsPricingEngine.swift /Users/rogerlin/XCode-Projects/FinancialCalculatorKit-5.0-updated-accent-colors/FinancialCalculatorKit/Services/AdvancedExpressionParser.swift /Users/rogerlin/XCode-Projects/FinancialCalculatorKit-5.0-updated-accent-colors/FinancialCalculatorKit/Services/AdvancedIRRCalculator.swift /Users/rogerlin/XCode-Projects/FinancialCalculatorKit-5.0-updated-accent-colors/FinancialCalculatorKit/Services/AdvancedMathFunctions.swift /Users/rogerlin/XCode-Projects/FinancialCalculatorKit-5.0-updated-accent-colors/FinancialCalculatorKit/Services/CalculationEngine.swift /Users/rogerlin/XCode-Projects/FinancialCalculatorKit-5.0-updated-accent-colors/FinancialCalculatorKit/Services/CSVHelper.swift /Users/rogerlin/XCode-Projects/FinancialCalculatorKit-5.0-updated-accent-colors/FinancialCalculatorKit/Services/CurrencyConversionService.swift /Users/rogerlin/XCode-Projects/FinancialCalculatorKit-5.0-updated-accent-colors/FinancialCalculatorKit/Services/ExchangeRateService.swift /Users/rogerlin/XCode-Projects/FinancialCalculatorKit-5.0-updated-accent-colors/FinancialCalculatorKit/Services/FinancialCalculator.swift /Users/rogerlin/XCode-Projects/FinancialCalculatorKit-5.0-updated-accent-colors/FinancialCalculatorKit/Services/FinancialValidation.swift /Users/rogerlin/XCode-Projects/FinancialCalculatorKit-5.0-updated-accent-colors/FinancialCalculatorKit/Services/FormulaAutoComplete.swift /Users/rogerlin/XCode-Projects/FinancialCalculatorKit-5.0-updated-accent-colors/FinancialCalculatorKit/Services/FREDService.swift /Users/rogerlin/XCode-Projects/FinancialCalculatorKit-5.0-updated-accent-colors/FinancialCalculatorKit/Services/HighPrecisionMath.swift /Users/rogerlin/XCode-Projects/FinancialCalculatorKit-5.0-updated-accent-colors/FinancialCalculatorKit/Services/HighPrecisionTestSuite.swift /Users/rogerlin/XCode-Projects/FinancialCalculatorKit-5.0-updated-accent-colors/FinancialCalculatorKit/Services/HighPrecisionValidation.swift /Users/rogerlin/XCode-Projects/FinancialCalculatorKit-5.0-updated-accent-colors/FinancialCalculatorKit/Services/TickerHistoryService.swift /Users/rogerlin/XCode-Projects/FinancialCalculatorKit-5.0-updated-accent-colors/FinancialCalculatorKit/Services/ValidationExtensions.swift /Users/rogerlin/XCode-Projects/FinancialCalculatorKit-5.0-updated-accent-colors/FinancialCalculatorKit/Services/ValidationService.swift /Users/rogerlin/XCode-Projects/FinancialCalculatorKit-5.0-updated-accent-colors/FinancialCalculatorKit/Services/ValidationTestSuite.swift /Users/rogerlin/XCode-Projects/FinancialCalculatorKit-5.0-updated-accent-colors/FinancialCalculatorKit/Utilities/Extensions/Date+Financial.swift /Users/rogerlin/XCode-Projects/FinancialCalculatorKit-5.0-updated-accent-colors/FinancialCalculatorKit/Utilities/Extensions/Double+Financial.swift /Users/rogerlin/XCode-Projects/FinancialCalculatorKit-5.0-updated-accent-colors/FinancialCalculatorKit/Utilities/CashFlowsTransformer.swift -primary-file /Users/rogerlin/XCode-Projects/FinancialCalculatorKit-5.0-updated-accent-colors/FinancialCalculatorKit/Utilities/Formatters.swift -primary-file /Users/rogerlin/XCode-Projects/FinancialCalculatorKit-5.0-updated-accent-colors/FinancialCalculatorKit/ViewHelpers/FormulaViewHelper.swift -primary-file /Users/rogerlin/XCode-Projects/FinancialCalculatorKit-5.0-updated-accent-colors/FinancialCalculatorKit/ViewModels/MainViewModel.swift /Users/rogerlin/XCode-Projects/FinancialCalculatorKit-5.0-updated-accent-colors/FinancialCalculatorKit/Views/Calculator/AdvancedBondCalculatorView.swift /Users/rogerlin/XCode-Projects/FinancialCalculatorKit-5.0-updated-accent-colors/FinancialCalculatorKit/Views/Calculator/AmortizationView.swift /Users/rogerlin/XCode-Projects/FinancialCalculatorKit-5.0-updated-accent-colors/FinancialCalculatorKit/Views/Calculator/BondCalculatorView.swift /Users/rogerlin/XCode-Projects/FinancialCalculatorKit-5.0-updated-accent-colors/FinancialCalculatorKit/Views/Calculator/CompactCalculatorView.swift /Users/rogerlin/XCode-Projects/FinancialCalculatorKit-5.0-updated-accent-colors/FinancialCalculatorKit/Views/Calculator/CurrencyConverterView.swift /Users/rogerlin/XCode-Projects/FinancialCalculatorKit-5.0-updated-accent-colors/FinancialCalculatorKit/Views/Calculator/CustomScientificKeyboard.swift /Users/rogerlin/XCode-Projects/FinancialCalculatorKit-5.0-updated-accent-colors/FinancialCalculatorKit/Views/Calculator/DepreciationCalculatorView.swift /Users/rogerlin/XCode-Projects/FinancialCalculatorKit-5.0-updated-accent-colors/FinancialCalculatorKit/Views/Calculator/DocumentListView.swift /Users/rogerlin/XCode-Projects/FinancialCalculatorKit-5.0-updated-accent-colors/FinancialCalculatorKit/Views/Calculator/EquityValuationView.swift /Users/rogerlin/XCode-Projects/FinancialCalculatorKit-5.0-updated-accent-colors/FinancialCalculatorKit/Views/Calculator/FixedIncomeAnalyticsView.swift /Users/rogerlin/XCode-Projects/FinancialCalculatorKit-5.0-updated-accent-colors/FinancialCalculatorKit/Views/Calculator/FormulaLibraryView.swift /Users/rogerlin/XCode-Projects/FinancialCalculatorKit-5.0-updated-accent-colors/FinancialCalculatorKit/Views/Calculator/ForwardsCalculatorView.swift /Users/rogerlin/XCode-Projects/FinancialCalculatorKit-5.0-updated-accent-colors/FinancialCalculatorKit/Views/Calculator/FuturesCalculatorView.swift /Users/rogerlin/XCode-Projects/FinancialCalculatorKit-5.0-updated-accent-colors/FinancialCalculatorKit/Views/Calculator/FutureValueView.swift /Users/rogerlin/XCode-Projects/FinancialCalculatorKit-5.0-updated-accent-colors/FinancialCalculatorKit/Views/Calculator/HighPrecisionCalculatorView.swift /Users/rogerlin/XCode-Projects/FinancialCalculatorKit-5.0-updated-accent-colors/FinancialCalculatorKit/Views/Calculator/InvestmentCalculatorView.swift /Users/rogerlin/XCode-Projects/FinancialCalculatorKit-5.0-updated-accent-colors/FinancialCalculatorKit/Views/Calculator/LoanCalculatorView.swift /Users/rogerlin/XCode-Projects/FinancialCalculatorKit-5.0-updated-accent-colors/FinancialCalculatorKit/Views/Calculator/LoanResultView.swift /Users/rogerlin/XCode-Projects/FinancialCalculatorKit-5.0-updated-accent-colors/FinancialCalculatorKit/Views/Calculator/MathExpressionCalculatorView.swift /Users/rogerlin/XCode-Projects/FinancialCalculatorKit-5.0-updated-accent-colors/FinancialCalculatorKit/Views/Calculator/OptionsCalculatorView.swift /Users/rogerlin/XCode-Projects/FinancialCalculatorKit-5.0-updated-accent-colors/FinancialCalculatorKit/Views/Calculator/OptionsStrategiesView.swift /Users/rogerlin/XCode-Projects/FinancialCalculatorKit-5.0-updated-accent-colors/FinancialCalculatorKit/Views/Calculator/PlaceholderViews.swift /Users/rogerlin/XCode-Projects/FinancialCalculatorKit-5.0-updated-accent-colors/FinancialCalculatorKit/Views/Calculator/PortfolioOptimizationView.swift /Users/rogerlin/XCode-Projects/FinancialCalculatorKit-5.0-updated-accent-colors/FinancialCalculatorKit/Views/Calculator/PrecisionDemoView.swift /Users/rogerlin/XCode-Projects/FinancialCalculatorKit-5.0-updated-accent-colors/FinancialCalculatorKit/Views/Calculator/RiskManagementView.swift /Users/rogerlin/XCode-Projects/FinancialCalculatorKit-5.0-updated-accent-colors/FinancialCalculatorKit/Views/Calculator/ScientificCalculatorView.swift /Users/rogerlin/XCode-Projects/FinancialCalculatorKit-5.0-updated-accent-colors/FinancialCalculatorKit/Views/Calculator/SwapsCalculatorView.swift /Users/rogerlin/XCode-Projects/FinancialCalculatorKit-5.0-updated-accent-colors/FinancialCalculatorKit/Views/Calculator/TemplateViews.swift /Users/rogerlin/XCode-Projects/FinancialCalculatorKit-5.0-updated-accent-colors/FinancialCalculatorKit/Views/Calculator/TickerHistoryView.swift /Users/rogerlin/XCode-Projects/FinancialCalculatorKit-5.0-updated-accent-colors/FinancialCalculatorKit/Views/Calculator/TimeValueCalculatorView.swift /Users/rogerlin/XCode-Projects/FinancialCalculatorKit-5.0-updated-accent-colors/FinancialCalculatorKit/Views/Calculator/TimeValueResultView.swift /Users/rogerlin/XCode-Projects/FinancialCalculatorKit-5.0-updated-accent-colors/FinancialCalculatorKit/Views/Calculator/UnitConverterView.swift /Users/rogerlin/XCode-Projects/FinancialCalculatorKit-5.0-updated-accent-colors/FinancialCalculatorKit/Views/Calculator/VariableManagementView.swift /Users/rogerlin/XCode-Projects/FinancialCalculatorKit-5.0-updated-accent-colors/FinancialCalculatorKit/Views/Charts/FinancialChartView.swift /Users/rogerlin/XCode-Projects/FinancialCalculatorKit-5.0-updated-accent-colors/FinancialCalculatorKit/Views/Charts/InteractiveFinancialCharts.swift /Users/rogerlin/XCode-Projects/FinancialCalculatorKit-5.0-updated-accent-colors/FinancialCalculatorKit/Views/Components/DetailRow.swift /Users/rogerlin/XCode-Projects/FinancialCalculatorKit-5.0-updated-accent-colors/FinancialCalculatorKit/Views/Components/DynamicInputSection.swift /Users/rogerlin/XCode-Projects/FinancialCalculatorKit-5.0-updated-accent-colors/FinancialCalculatorKit/Views/Components/EnhancedInputFields.swift /Users/rogerlin/XCode-Projects/FinancialCalculatorKit-5.0-updated-accent-colors/FinancialCalculatorKit/Views/Components/FinancialStyles.swift /Users/rogerlin/XCode-Projects/FinancialCalculatorKit-5.0-updated-accent-colors/FinancialCalculatorKit/Views/Components/InputFieldView.swift /Users/rogerlin/XCode-Projects/FinancialCalculatorKit-5.0-updated-accent-colors/FinancialCalculatorKit/Views/Components/InteractiveDataTables.swift /Users/rogerlin/XCode-Projects/FinancialCalculatorKit-5.0-updated-accent-colors/FinancialCalculatorKit/Views/Components/LoadingResultView.swift /Users/rogerlin/XCode-Projects/FinancialCalculatorKit-5.0-updated-accent-colors/FinancialCalculatorKit/Views/Components/NumbersOnlyViewModifier.swift /Users/rogerlin/XCode-Projects/FinancialCalculatorKit-5.0-updated-accent-colors/FinancialCalculatorKit/Views/Components/ResultDisplayView.swift /Users/rogerlin/XCode-Projects/FinancialCalculatorKit-5.0-updated-accent-colors/FinancialCalculatorKit/Views/Components/StatusIndicator.swift /Users/rogerlin/XCode-Projects/FinancialCalculatorKit-5.0-updated-accent-colors/FinancialCalculatorKit/Views/Components/ValidationSummaryView.swift /Users/rogerlin/XCode-Projects/FinancialCalculatorKit-5.0-updated-accent-colors/FinancialCalculatorKit/Views/FRED/FREDDataView.swift /Users/rogerlin/XCode-Projects/FinancialCalculatorKit-5.0-updated-accent-colors/FinancialCalculatorKit/Views/Reference/FormulaReferenceView.swift /Users/rogerlin/XCode-Projects/FinancialCalculatorKit-5.0-updated-accent-colors/FinancialCalculatorKit/Views/Reference/FormulaVariableView.swift /Users/rogerlin/XCode-Projects/FinancialCalculatorKit-5.0-updated-accent-colors/FinancialCalculatorKit/Views/Reference/FormulaVariantView.swift /Users/rogerlin/XCode-Projects/FinancialCalculatorKit-5.0-updated-accent-colors/FinancialCalculatorKit/ContentView.swift /Users/rogerlin/XCode-Projects/FinancialCalculatorKit-5.0-updated-accent-colors/FinancialCalculatorKit/FinancialCalculatorKitApp.swift /Users/rogerlin/XCode-Projects/FinancialCalculatorKit-5.0-updated-accent-colors/FinancialCalculatorKit/Item.swift /Users/rogerlin/Library/Developer/Xcode/DerivedData/FinancialCalculatorKit-ackorybalcxbfocbkqsfdzcfkgmn/Build/Intermediates.noindex/FinancialCalculatorKit.build/Debug/FinancialCalculatorKit.build/DerivedSources/GeneratedAssetSymbols.swift -supplementary-output-file-map /Users/rogerlin/Library/Developer/Xcode/DerivedData/FinancialCalculatorKit-ackorybalcxbfocbkqsfdzcfkgmn/Build/Intermediates.noindex/FinancialCalculatorKit.build/Debug/FinancialCalculatorKit.build/Objects-normal/arm64/supplementaryOutputs-18 -emit-localized-strings -emit-localized-strings-path /Users/rogerlin/Library/Developer/Xcode/DerivedData/FinancialCalculatorKit-ackorybalcxbfocbkqsfdzcfkgmn/Build/Intermediates.noindex/FinancialCalculatorKit.build/Debug/FinancialCalculatorKit.build/Objects-normal/arm64 -target arm64-apple-macos14.0 -module-can-import-version AppKit 2685.20.119 2685.20.119 -module-can-import-version DeveloperToolsSupport 23.0.4 23.0.4 -module-can-import-version SwiftUI 7.1.13.1 7.1.13 -disable-cross-import-overlay-search -swift-module-cross-import SwiftData /Applications/Xcode.app/Contents/Developer/Platforms/MacOSX.platform/Developer/SDKs/MacOSX26.1.sdk/System/Library/Frameworks/SwiftData.framework/Modules/SwiftData.swiftcrossimport/CoreData.swiftoverlay -swift-module-cross-import SwiftData /Applications/Xcode.app/Contents/Developer/Platforms/MacOSX.platform/Developer/SDKs/MacOSX26.1.sdk/System/Library/Frameworks/SwiftData.framework/Modules/SwiftData.swiftcrossimport/SwiftUI.swiftoverlay -load-resolved-plugin \#/Users/rogerlin/Library/Developer/Xcode/DerivedData/FinancialCalculatorKit-ackorybalcxbfocbkqsfdzcfkgmn/Build/Products/Debug/CasePathsMacros\#CasePathsMacros -load-resolved-plugin /Applications/Xcode.app/Contents/Developer/Platforms/MacOSX.platform/Developer/usr/lib/swift/host/plugins/libFoundationMacros.dylib\#/Applications/Xcode.app/Contents/Developer/Platforms/MacOSX.platform/Developer/usr/bin/swift-plugin-server\#FoundationMacros -load-resolved-plugin /Applications/Xcode.app/Contents/Developer/Platforms/MacOSX.platform/Developer/usr/lib/swift/host/plugins/libObservationMacros.dylib\#/Applications/Xcode.app/Contents/Developer/Platforms/MacOSX.platform/Developer/usr/bin/swift-plugin-server\#ObservationMacros -load-resolved-plugin /Applications/Xcode.app/Contents/Developer/Platforms/MacOSX.platform/Developer/usr/lib/swift/host/plugins/libPreviewsMacros.dylib\#/Applications/Xcode.app/Contents/Developer/Platforms/MacOSX.platform/Developer/usr/bin/swift-plugin-server\#PreviewsMacros -load-resolved-plugin /Applications/Xcode.app/Contents/Developer/Platforms/MacOSX.platform/Developer/usr/lib/swift/host/plugins/libSwiftDataMacros.dylib\#/Applications/Xcode.app/Contents/Developer/Platforms/MacOSX.platform/Developer/usr/bin/swift-plugin-server\#SwiftDataMacros -load-resolved-plugin /Applications/Xcode.app/Contents/Developer/Platforms/MacOSX.platform/Developer/usr/lib/swift/host/plugins/libSwiftMacros.dylib\#/Applications/Xcode.app/Contents/Developer/Platforms/MacOSX.platform/Developer/usr/bin/swift-plugin-server\#SwiftMacros -load-resolved-plugin /Applications/Xcode.app/Contents/Developer/Platforms/MacOSX.platform/Developer/usr/lib/swift/host/plugins/libSwiftUIMacros.dylib\#/Applications/Xcode.app/Contents/Developer/Platforms/MacOSX.platform/Developer/usr/bin/swift-plugin-server\#SwiftUIMacros -disable-implicit-swift-modules -Xcc -fno-implicit-modules -Xcc -fno-implicit-module-maps -explicit-swift-module-map-file /Users/rogerlin/Library/Developer/Xcode/DerivedData/FinancialCalculatorKit-ackorybalcxbfocbkqsfdzcfkgmn/Build/Intermediates.noindex/FinancialCalculatorKit.build/Debug/FinancialCalculatorKit.build/Objects-normal/arm64/FinancialCalculatorKit-dependencies-1.json -Xllvm -aarch64-use-tbi -enable-objc-interop -stack-check -sdk /Applications/Xcode.app/Contents/Developer/Platforms/MacOSX.platform/Developer/SDKs/MacOSX26.1.sdk -I /Users/rogerlin/Library/Developer/Xcode/DerivedData/FinancialCalculatorKit-ackorybalcxbfocbkqsfdzcfkgmn/Build/Products/Debug -F /Users/rogerlin/Library/Developer/Xcode/DerivedData/FinancialCalculatorKit-ackorybalcxbfocbkqsfdzcfkgmn/Build/Products/Debug/PackageFrameworks -F /Users/rogerlin/Library/Developer/Xcode/DerivedData/FinancialCalculatorKit-ackorybalcxbfocbkqsfdzcfkgmn/Build/Products/Debug/PackageFrameworks -F /Users/rogerlin/Library/Developer/Xcode/DerivedData/FinancialCalculatorKit-ackorybalcxbfocbkqsfdzcfkgmn/Build/Products/Debug/PackageFrameworks -F /Users/rogerlin/Library/Developer/Xcode/DerivedData/FinancialCalculatorKit-ackorybalcxbfocbkqsfdzcfkgmn/Build/Products/Debug/PackageFrameworks -F /Users/rogerlin/Library/Developer/Xcode/DerivedData/FinancialCalculatorKit-ackorybalcxbfocbkqsfdzcfkgmn/Build/Products/Debug/PackageFrameworks -F /Users/rogerlin/Library/Developer/Xcode/DerivedData/FinancialCalculatorKit-ackorybalcxbfocbkqsfdzcfkgmn/Build/Products/Debug/PackageFrameworks -F /Users/rogerlin/Library/Developer/Xcode/DerivedData/FinancialCalculatorKit-ackorybalcxbfocbkqsfdzcfkgmn/Build/Products/Debug/PackageFrameworks -F /Users/rogerlin/Library/Developer/Xcode/DerivedData/FinancialCalculatorKit-ackorybalcxbfocbkqsfdzcfkgmn/Build/Products/Debug/PackageFrameworks -F /Users/rogerlin/Library/Developer/Xcode/DerivedData/FinancialCalculatorKit-ackorybalcxbfocbkqsfdzcfkgmn/Build/Products/Debug/PackageFrameworks -F /Users/rogerlin/Library/Developer/Xcode/DerivedData/FinancialCalculatorKit-ackorybalcxbfocbkqsfdzcfkgmn/Build/Products/Debug/PackageFrameworks -F /Users/rogerlin/Library/Developer/Xcode/DerivedData/FinancialCalculatorKit-ackorybalcxbfocbkqsfdzcfkgmn/Build/Products/Debug/PackageFrameworks -F /Users/rogerlin/Library/Developer/Xcode/DerivedData/FinancialCalculatorKit-ackorybalcxbfocbkqsfdzcfkgmn/Build/Products/Debug/PackageFrameworks -F /Users/rogerlin/Library/Developer/Xcode/DerivedData/FinancialCalculatorKit-ackorybalcxbfocbkqsfdzcfkgmn/Build/Products/Debug/PackageFrameworks -F /Users/rogerlin/Library/Developer/Xcode/DerivedData/FinancialCalculatorKit-ackorybalcxbfocbkqsfdzcfkgmn/Build/Products/Debug/PackageFrameworks -F /Users/rogerlin/Library/Developer/Xcode/DerivedData/FinancialCalculatorKit-ackorybalcxbfocbkqsfdzcfkgmn/Build/Products/Debug/PackageFrameworks -F /Users/rogerlin/Library/Developer/Xcode/DerivedData/FinancialCalculatorKit-ackorybalcxbfocbkqsfdzcfkgmn/Build/Products/Debug/PackageFrameworks -F /Users/rogerlin/Library/Developer/Xcode/DerivedData/FinancialCalculatorKit-ackorybalcxbfocbkqsfdzcfkgmn/Build/Products/Debug/PackageFrameworks -F /Users/rogerlin/Library/Developer/Xcode/DerivedData/FinancialCalculatorKit-ackorybalcxbfocbkqsfdzcfkgmn/Build/Products/Debug/PackageFrameworks -F /Users/rogerlin/Library/Developer/Xcode/DerivedData/FinancialCalculatorKit-ackorybalcxbfocbkqsfdzcfkgmn/Build/Products/Debug/PackageFrameworks -F /Users/rogerlin/Library/Developer/Xcode/DerivedData/FinancialCalculatorKit-ackorybalcxbfocbkqsfdzcfkgmn/Build/Products/Debug -no-color-diagnostics -Xcc -fno-color-diagnostics -enable-testing -g -debug-info-format\=dwarf -dwarf-version\=4 -module-cache-path /Users/rogerlin/Library/Developer/Xcode/DerivedData/FinancialCalculatorKit-ackorybalcxbfocbkqsfdzcfkgmn/Build/Intermediates.noindex/SwiftExplicitPrecompiledModules -profile-generate -profile-coverage-mapping -swift-version 5 -enforce-exclusivity\=checked -Onone -D DEBUG -serialize-debugging-options -load-plugin-executable /Users/rogerlin/Library/Developer/Xcode/DerivedData/FinancialCalculatorKit-ackorybalcxbfocbkqsfdzcfkgmn/Build/Products/Debug/CasePathsMacros\#CasePathsMacros -const-gather-protocols-file /Users/rogerlin/Library/Developer/Xcode/DerivedData/FinancialCalculatorKit-ackorybalcxbfocbkqsfdzcfkgmn/Build/Intermediates.noindex/FinancialCalculatorKit.build/Debug/FinancialCalculatorKit.build/Objects-normal/arm64/FinancialCalculatorKit_const_extract_protocols.json -enable-experimental-feature DebugDescriptionMacro -enable-bare-slash-regex -empty-abi-descriptor -validate-clang-modules-once -clang-build-session-file /Users/rogerlin/Library/Developer/Xcode/DerivedData/ModuleCache.noindex/Session.modulevalidation -Xcc -working-directory -Xcc /Users/rogerlin/XCode-Projects/FinancialCalculatorKit-5.0-updated-accent-colors -enable-anonymous-context-mangled-names -file-compilation-dir /Users/rogerlin/XCode-Projects/FinancialCalculatorKit-5.0-updated-accent-colors -Xcc -D_LIBCPP_HARDENING_MODE\=_LIBCPP_HARDENING_MODE_DEBUG -Xcc -ivfsstatcache -Xcc /Users/rogerlin/Library/Developer/Xcode/DerivedData/SDKStatCaches.noindex/macosx26.1-25B74-3ae1261907bdadc328169391a47051a6.sdkstatcache -Xcc -I/Users/rogerlin/Library/Developer/Xcode/DerivedData/FinancialCalculatorKit-ackorybalcxbfocbkqsfdzcfkgmn/Build/Intermediates.noindex/FinancialCalculatorKit.build/Debug/FinancialCalculatorKit.build/swift-overrides.hmap -Xcc -iquote -Xcc /Users/rogerlin/Library/Developer/Xcode/DerivedData/FinancialCalculatorKit-ackorybalcxbfocbkqsfdzcfkgmn/Build/Intermediates.noindex/FinancialCalculatorKit.build/Debug/FinancialCalculatorKit.build/FinancialCalculatorKit-generated-files.hmap -Xcc -I/Users/rogerlin/Library/Developer/Xcode/DerivedData/FinancialCalculatorKit-ackorybalcxbfocbkqsfdzcfkgmn/Build/Intermediates.noindex/FinancialCalculatorKit.build/Debug/FinancialCalculatorKit.build/FinancialCalculatorKit-own-target-headers.hmap -Xcc -I/Users/rogerlin/Library/Developer/Xcode/DerivedData/FinancialCalculatorKit-ackorybalcxbfocbkqsfdzcfkgmn/Build/Intermediates.noindex/FinancialCalculatorKit.build/Debug/FinancialCalculatorKit.build/FinancialCalculatorKit-all-non-framework-target-headers.hmap -Xcc -ivfsoverlay -Xcc /Users/rogerlin/Library/Developer/Xcode/DerivedData/FinancialCalculatorKit-ackorybalcxbfocbkqsfdzcfkgmn/Build/Intermediates.noindex/FinancialCalculatorKit.build/Debug/FinancialCalculatorKit-b796aaad08c4b307251b75ea7c01aae2-VFS/all-product-headers.yaml -Xcc -iquote -Xcc /Users/rogerlin/Library/Developer/Xcode/DerivedData/FinancialCalculatorKit-ackorybalcxbfocbkqsfdzcfkgmn/Build/Intermediates.noindex/FinancialCalculatorKit.build/Debug/FinancialCalculatorKit.build/FinancialCalculatorKit-project-headers.hmap -Xcc -I/Users/rogerlin/Library/Developer/Xcode/DerivedData/FinancialCalculatorKit-ackorybalcxbfocbkqsfdzcfkgmn/SourcePackages/checkouts/swift-numerics/Sources/_NumericsShims/include -Xcc -I/Users/rogerlin/Library/Developer/Xcode/DerivedData/FinancialCalculatorKit-ackorybalcxbfocbkqsfdzcfkgmn/Build/Products/Debug/include -Xcc -I/Users/rogerlin/Library/Developer/Xcode/DerivedData/FinancialCalculatorKit-ackorybalcxbfocbkqsfdzcfkgmn/Build/Intermediates.noindex/FinancialCalculatorKit.build/Debug/FinancialCalculatorKit.build/DerivedSources-normal/arm64 -Xcc -I/Users/rogerlin/Library/Developer/Xcode/DerivedData/FinancialCalculatorKit-ackorybalcxbfocbkqsfdzcfkgmn/Build/Intermediates.noindex/FinancialCalculatorKit.build/Debug/FinancialCalculatorKit.build/DerivedSources/arm64 -Xcc -I/Users/rogerlin/Library/Developer/Xcode/DerivedData/FinancialCalculatorKit-ackorybalcxbfocbkqsfdzcfkgmn/Build/Intermediates.noindex/FinancialCalculatorKit.build/Debug/FinancialCalculatorKit.build/DerivedSources -Xcc -DDEBUG\=1 -no-auto-bridging-header-chaining -module-name FinancialCalculatorKit -frontend-parseable-output -disable-clang-spi -target-sdk-version 26.1 -target-sdk-name macosx26.1 -clang-target arm64-apple-macos26.1 -in-process-plugin-server-path /Applications/Xcode.app/Contents/Developer/Toolchains/XcodeDefault.xctoolchain/usr/lib/swift/host/libSwiftInProcPluginServer.dylib -o /Users/rogerlin/Library/Developer/Xcode/DerivedData/FinancialCalculatorKit-ackorybalcxbfocbkqsfdzcfkgmn/Build/Intermediates.noindex/FinancialCalculatorKit.build/Debug/FinancialCalculatorKit.build/Objects-normal/arm64/Formatters.o -o /Users/rogerlin/Library/Developer/Xcode/DerivedData/FinancialCalculatorKit-ackorybalcxbfocbkqsfdzcfkgmn/Build/Intermediates.noindex/FinancialCalculatorKit.build/Debug/FinancialCalculatorKit.build/Objects-normal/arm64/FormulaViewHelper.o -o /Users/rogerlin/Library/Developer/Xcode/DerivedData/FinancialCalculatorKit-ackorybalcxbfocbkqsfdzcfkgmn/Build/Intermediates.noindex/FinancialCalculatorKit.build/Debug/FinancialCalculatorKit.build/Objects-normal/arm64/MainViewModel.o -index-unit-output-path /FinancialCalculatorKit.build/Debug/FinancialCalculatorKit.build/Objects-normal/arm64/Formatters.o -index-unit-output-path /FinancialCalculatorKit.build/Debug/FinancialCalculatorKit.build/Objects-normal/arm64/FormulaViewHelper.o -index-unit-output-path /FinancialCalculatorKit.build/Debug/FinancialCalculatorKit.build/Objects-normal/arm64/MainViewModel.o -index-store-path /Users/rogerlin/Library/Developer/Xcode/DerivedData/FinancialCalculatorKit-ackorybalcxbfocbkqsfdzcfkgmn/Index.noindex/DataStore -index-system-modules

SwiftCompile normal arm64 /Users/rogerlin/XCode-Projects/FinancialCalculatorKit-5.0-updated-accent-colors/FinancialCalculatorKit/Utilities/Formatters.swift (in target 'FinancialCalculatorKit' from project 'FinancialCalculatorKit')
    cd /Users/rogerlin/XCode-Projects/FinancialCalculatorKit-5.0-updated-accent-colors
    

SwiftCompile normal arm64 /Users/rogerlin/XCode-Projects/FinancialCalculatorKit-5.0-updated-accent-colors/FinancialCalculatorKit/ViewHelpers/FormulaViewHelper.swift (in target 'FinancialCalculatorKit' from project 'FinancialCalculatorKit')
    cd /Users/rogerlin/XCode-Projects/FinancialCalculatorKit-5.0-updated-accent-colors
    

SwiftCompile normal arm64 /Users/rogerlin/XCode-Projects/FinancialCalculatorKit-5.0-updated-accent-colors/FinancialCalculatorKit/ViewModels/MainViewModel.swift (in target 'FinancialCalculatorKit' from project 'FinancialCalculatorKit')
    cd /Users/rogerlin/XCode-Projects/FinancialCalculatorKit-5.0-updated-accent-colors
    

SwiftDriverJobDiscovery normal arm64 Compiling FinancialStyles.swift, InputFieldView.swift (in target 'FinancialCalculatorKit' from project 'FinancialCalculatorKit')

SwiftCompile normal arm64 Compiling\ AdvancedBondModels.swift,\ YieldCurveTypes.swift,\ BondCalculation.swift /Users/rogerlin/XCode-Projects/FinancialCalculatorKit-5.0-updated-accent-colors/FinancialCalculatorKit/Models/Bond/AdvancedBondModels.swift /Users/rogerlin/XCode-Projects/FinancialCalculatorKit-5.0-updated-accent-colors/FinancialCalculatorKit/Models/Bond/YieldCurveTypes.swift /Users/rogerlin/XCode-Projects/FinancialCalculatorKit-5.0-updated-accent-colors/FinancialCalculatorKit/Models/Calculation/BondCalculation.swift (in target 'FinancialCalculatorKit' from project 'FinancialCalculatorKit')
/Applications/Xcode.app/Contents/Developer/Toolchains/XcodeDefault.xctoolchain/usr/bin/swift-frontend -frontend -c -primary-file /Users/rogerlin/XCode-Projects/FinancialCalculatorKit-5.0-updated-accent-colors/FinancialCalculatorKit/Models/Bond/AdvancedBondModels.swift -primary-file /Users/rogerlin/XCode-Projects/FinancialCalculatorKit-5.0-updated-accent-colors/FinancialCalculatorKit/Models/Bond/YieldCurveTypes.swift -primary-file /Users/rogerlin/XCode-Projects/FinancialCalculatorKit-5.0-updated-accent-colors/FinancialCalculatorKit/Models/Calculation/BondCalculation.swift /Users/rogerlin/XCode-Projects/FinancialCalculatorKit-5.0-updated-accent-colors/FinancialCalculatorKit/Models/Calculation/CalculationMetadata.swift /Users/rogerlin/XCode-Projects/FinancialCalculatorKit-5.0-updated-accent-colors/FinancialCalculatorKit/Models/Calculation/DepreciationCalculation.swift /Users/rogerlin/XCode-Projects/FinancialCalculatorKit-5.0-updated-accent-colors/FinancialCalculatorKit/Models/Calculation/FinancialCalculation.swift /Users/rogerlin/XCode-Projects/FinancialCalculatorKit-5.0-updated-accent-colors/FinancialCalculatorKit/Models/Calculation/InvestmentCalculation.swift /Users/rogerlin/XCode-Projects/FinancialCalculatorKit-5.0-updated-accent-colors/FinancialCalculatorKit/Models/Calculation/LoanCalculation.swift /Users/rogerlin/XCode-Projects/FinancialCalculatorKit-5.0-updated-accent-colors/FinancialCalculatorKit/Models/Calculation/TimeValueCalculation.swift /Users/rogerlin/XCode-Projects/FinancialCalculatorKit-5.0-updated-accent-colors/FinancialCalculatorKit/Models/Enums/CalculationType.swift /Users/rogerlin/XCode-Projects/FinancialCalculatorKit-5.0-updated-accent-colors/FinancialCalculatorKit/Models/Enums/Currency.swift /Users/rogerlin/XCode-Projects/FinancialCalculatorKit-5.0-updated-accent-colors/FinancialCalculatorKit/Models/Enums/LoanType.swift /Users/rogerlin/XCode-Projects/FinancialCalculatorKit-5.0-updated-accent-colors/FinancialCalculatorKit/Models/Enums/PaymentFrequency.swift /Users/rogerlin/XCode-Projects/FinancialCalculatorKit-5.0-updated-accent-colors/FinancialCalculatorKit/Models/Enums/TimeValueVariable.swift /Users/rogerlin/XCode-Projects/FinancialCalculatorKit-5.0-updated-accent-colors/FinancialCalculatorKit/Models/Formula/FormulaReference.swift /Users/rogerlin/XCode-Projects/FinancialCalculatorKit-5.0-updated-accent-colors/FinancialCalculatorKit/Models/FRED/FREDModels.swift /Users/rogerlin/XCode-Projects/FinancialCalculatorKit-5.0-updated-accent-colors/FinancialCalculatorKit/Models/Options/AdvancedOptionsModels.swift /Users/rogerlin/XCode-Projects/FinancialCalculatorKit-5.0-updated-accent-colors/FinancialCalculatorKit/Models/ScientificCalculator/EquationDocument.swift /Users/rogerlin/XCode-Projects/FinancialCalculatorKit-5.0-updated-accent-colors/FinancialCalculatorKit/Models/ScientificCalculator/VariableStore.swift /Users/rogerlin/XCode-Projects/FinancialCalculatorKit-5.0-updated-accent-colors/FinancialCalculatorKit/Protocols/FinancialComputable.swift /Users/rogerlin/XCode-Projects/FinancialCalculatorKit-5.0-updated-accent-colors/FinancialCalculatorKit/Services/Bond/AdvancedBondPricingEngine.swift /Users/rogerlin/XCode-Projects/FinancialCalculatorKit-5.0-updated-accent-colors/FinancialCalculatorKit/Services/Options/AdvancedOptionsPricingEngine.swift /Users/rogerlin/XCode-Projects/FinancialCalculatorKit-5.0-updated-accent-colors/FinancialCalculatorKit/Services/AdvancedExpressionParser.swift /Users/rogerlin/XCode-Projects/FinancialCalculatorKit-5.0-updated-accent-colors/FinancialCalculatorKit/Services/AdvancedIRRCalculator.swift /Users/rogerlin/XCode-Projects/FinancialCalculatorKit-5.0-updated-accent-colors/FinancialCalculatorKit/Services/AdvancedMathFunctions.swift /Users/rogerlin/XCode-Projects/FinancialCalculatorKit-5.0-updated-accent-colors/FinancialCalculatorKit/Services/CalculationEngine.swift /Users/rogerlin/XCode-Projects/FinancialCalculatorKit-5.0-updated-accent-colors/FinancialCalculatorKit/Services/CSVHelper.swift /Users/rogerlin/XCode-Projects/FinancialCalculatorKit-5.0-updated-accent-colors/FinancialCalculatorKit/Services/CurrencyConversionService.swift /Users/rogerlin/XCode-Projects/FinancialCalculatorKit-5.0-updated-accent-colors/FinancialCalculatorKit/Services/ExchangeRateService.swift /Users/rogerlin/XCode-Projects/FinancialCalculatorKit-5.0-updated-accent-colors/FinancialCalculatorKit/Services/FinancialCalculator.swift /Users/rogerlin/XCode-Projects/FinancialCalculatorKit-5.0-updated-accent-colors/FinancialCalculatorKit/Services/FinancialValidation.swift /Users/rogerlin/XCode-Projects/FinancialCalculatorKit-5.0-updated-accent-colors/FinancialCalculatorKit/Services/FormulaAutoComplete.swift /Users/rogerlin/XCode-Projects/FinancialCalculatorKit-5.0-updated-accent-colors/FinancialCalculatorKit/Services/FREDService.swift /Users/rogerlin/XCode-Projects/FinancialCalculatorKit-5.0-updated-accent-colors/FinancialCalculatorKit/Services/HighPrecisionMath.swift /Users/rogerlin/XCode-Projects/FinancialCalculatorKit-5.0-updated-accent-colors/FinancialCalculatorKit/Services/HighPrecisionTestSuite.swift /Users/rogerlin/XCode-Projects/FinancialCalculatorKit-5.0-updated-accent-colors/FinancialCalculatorKit/Services/HighPrecisionValidation.swift /Users/rogerlin/XCode-Projects/FinancialCalculatorKit-5.0-updated-accent-colors/FinancialCalculatorKit/Services/TickerHistoryService.swift /Users/rogerlin/XCode-Projects/FinancialCalculatorKit-5.0-updated-accent-colors/FinancialCalculatorKit/Services/ValidationExtensions.swift /Users/rogerlin/XCode-Projects/FinancialCalculatorKit-5.0-updated-accent-colors/FinancialCalculatorKit/Services/ValidationService.swift /Users/rogerlin/XCode-Projects/FinancialCalculatorKit-5.0-updated-accent-colors/FinancialCalculatorKit/Services/ValidationTestSuite.swift /Users/rogerlin/XCode-Projects/FinancialCalculatorKit-5.0-updated-accent-colors/FinancialCalculatorKit/Utilities/Extensions/Date+Financial.swift /Users/rogerlin/XCode-Projects/FinancialCalculatorKit-5.0-updated-accent-colors/FinancialCalculatorKit/Utilities/Extensions/Double+Financial.swift /Users/rogerlin/XCode-Projects/FinancialCalculatorKit-5.0-updated-accent-colors/FinancialCalculatorKit/Utilities/CashFlowsTransformer.swift /Users/rogerlin/XCode-Projects/FinancialCalculatorKit-5.0-updated-accent-colors/FinancialCalculatorKit/Utilities/Formatters.swift /Users/rogerlin/XCode-Projects/FinancialCalculatorKit-5.0-updated-accent-colors/FinancialCalculatorKit/ViewHelpers/FormulaViewHelper.swift /Users/rogerlin/XCode-Projects/FinancialCalculatorKit-5.0-updated-accent-colors/FinancialCalculatorKit/ViewModels/MainViewModel.swift /Users/rogerlin/XCode-Projects/FinancialCalculatorKit-5.0-updated-accent-colors/FinancialCalculatorKit/Views/Calculator/AdvancedBondCalculatorView.swift /Users/rogerlin/XCode-Projects/FinancialCalculatorKit-5.0-updated-accent-colors/FinancialCalculatorKit/Views/Calculator/AmortizationView.swift /Users/rogerlin/XCode-Projects/FinancialCalculatorKit-5.0-updated-accent-colors/FinancialCalculatorKit/Views/Calculator/BondCalculatorView.swift /Users/rogerlin/XCode-Projects/FinancialCalculatorKit-5.0-updated-accent-colors/FinancialCalculatorKit/Views/Calculator/CompactCalculatorView.swift /Users/rogerlin/XCode-Projects/FinancialCalculatorKit-5.0-updated-accent-colors/FinancialCalculatorKit/Views/Calculator/CurrencyConverterView.swift /Users/rogerlin/XCode-Projects/FinancialCalculatorKit-5.0-updated-accent-colors/FinancialCalculatorKit/Views/Calculator/CustomScientificKeyboard.swift /Users/rogerlin/XCode-Projects/FinancialCalculatorKit-5.0-updated-accent-colors/FinancialCalculatorKit/Views/Calculator/DepreciationCalculatorView.swift /Users/rogerlin/XCode-Projects/FinancialCalculatorKit-5.0-updated-accent-colors/FinancialCalculatorKit/Views/Calculator/DocumentListView.swift /Users/rogerlin/XCode-Projects/FinancialCalculatorKit-5.0-updated-accent-colors/FinancialCalculatorKit/Views/Calculator/EquityValuationView.swift /Users/rogerlin/XCode-Projects/FinancialCalculatorKit-5.0-updated-accent-colors/FinancialCalculatorKit/Views/Calculator/FixedIncomeAnalyticsView.swift /Users/rogerlin/XCode-Projects/FinancialCalculatorKit-5.0-updated-accent-colors/FinancialCalculatorKit/Views/Calculator/FormulaLibraryView.swift /Users/rogerlin/XCode-Projects/FinancialCalculatorKit-5.0-updated-accent-colors/FinancialCalculatorKit/Views/Calculator/ForwardsCalculatorView.swift /Users/rogerlin/XCode-Projects/FinancialCalculatorKit-5.0-updated-accent-colors/FinancialCalculatorKit/Views/Calculator/FuturesCalculatorView.swift /Users/rogerlin/XCode-Projects/FinancialCalculatorKit-5.0-updated-accent-colors/FinancialCalculatorKit/Views/Calculator/FutureValueView.swift /Users/rogerlin/XCode-Projects/FinancialCalculatorKit-5.0-updated-accent-colors/FinancialCalculatorKit/Views/Calculator/HighPrecisionCalculatorView.swift /Users/rogerlin/XCode-Projects/FinancialCalculatorKit-5.0-updated-accent-colors/FinancialCalculatorKit/Views/Calculator/InvestmentCalculatorView.swift /Users/rogerlin/XCode-Projects/FinancialCalculatorKit-5.0-updated-accent-colors/FinancialCalculatorKit/Views/Calculator/LoanCalculatorView.swift /Users/rogerlin/XCode-Projects/FinancialCalculatorKit-5.0-updated-accent-colors/FinancialCalculatorKit/Views/Calculator/LoanResultView.swift /Users/rogerlin/XCode-Projects/FinancialCalculatorKit-5.0-updated-accent-colors/FinancialCalculatorKit/Views/Calculator/MathExpressionCalculatorView.swift /Users/rogerlin/XCode-Projects/FinancialCalculatorKit-5.0-updated-accent-colors/FinancialCalculatorKit/Views/Calculator/OptionsCalculatorView.swift /Users/rogerlin/XCode-Projects/FinancialCalculatorKit-5.0-updated-accent-colors/FinancialCalculatorKit/Views/Calculator/OptionsStrategiesView.swift /Users/rogerlin/XCode-Projects/FinancialCalculatorKit-5.0-updated-accent-colors/FinancialCalculatorKit/Views/Calculator/PlaceholderViews.swift /Users/rogerlin/XCode-Projects/FinancialCalculatorKit-5.0-updated-accent-colors/FinancialCalculatorKit/Views/Calculator/PortfolioOptimizationView.swift /Users/rogerlin/XCode-Projects/FinancialCalculatorKit-5.0-updated-accent-colors/FinancialCalculatorKit/Views/Calculator/PrecisionDemoView.swift /Users/rogerlin/XCode-Projects/FinancialCalculatorKit-5.0-updated-accent-colors/FinancialCalculatorKit/Views/Calculator/RiskManagementView.swift /Users/rogerlin/XCode-Projects/FinancialCalculatorKit-5.0-updated-accent-colors/FinancialCalculatorKit/Views/Calculator/ScientificCalculatorView.swift /Users/rogerlin/XCode-Projects/FinancialCalculatorKit-5.0-updated-accent-colors/FinancialCalculatorKit/Views/Calculator/SwapsCalculatorView.swift /Users/rogerlin/XCode-Projects/FinancialCalculatorKit-5.0-updated-accent-colors/FinancialCalculatorKit/Views/Calculator/TemplateViews.swift /Users/rogerlin/XCode-Projects/FinancialCalculatorKit-5.0-updated-accent-colors/FinancialCalculatorKit/Views/Calculator/TickerHistoryView.swift /Users/rogerlin/XCode-Projects/FinancialCalculatorKit-5.0-updated-accent-colors/FinancialCalculatorKit/Views/Calculator/TimeValueCalculatorView.swift /Users/rogerlin/XCode-Projects/FinancialCalculatorKit-5.0-updated-accent-colors/FinancialCalculatorKit/Views/Calculator/TimeValueResultView.swift /Users/rogerlin/XCode-Projects/FinancialCalculatorKit-5.0-updated-accent-colors/FinancialCalculatorKit/Views/Calculator/UnitConverterView.swift /Users/rogerlin/XCode-Projects/FinancialCalculatorKit-5.0-updated-accent-colors/FinancialCalculatorKit/Views/Calculator/VariableManagementView.swift /Users/rogerlin/XCode-Projects/FinancialCalculatorKit-5.0-updated-accent-colors/FinancialCalculatorKit/Views/Charts/FinancialChartView.swift /Users/rogerlin/XCode-Projects/FinancialCalculatorKit-5.0-updated-accent-colors/FinancialCalculatorKit/Views/Charts/InteractiveFinancialCharts.swift /Users/rogerlin/XCode-Projects/FinancialCalculatorKit-5.0-updated-accent-colors/FinancialCalculatorKit/Views/Components/DetailRow.swift /Users/rogerlin/XCode-Projects/FinancialCalculatorKit-5.0-updated-accent-colors/FinancialCalculatorKit/Views/Components/DynamicInputSection.swift /Users/rogerlin/XCode-Projects/FinancialCalculatorKit-5.0-updated-accent-colors/FinancialCalculatorKit/Views/Components/EnhancedInputFields.swift /Users/rogerlin/XCode-Projects/FinancialCalculatorKit-5.0-updated-accent-colors/FinancialCalculatorKit/Views/Components/FinancialStyles.swift /Users/rogerlin/XCode-Projects/FinancialCalculatorKit-5.0-updated-accent-colors/FinancialCalculatorKit/Views/Components/InputFieldView.swift /Users/rogerlin/XCode-Projects/FinancialCalculatorKit-5.0-updated-accent-colors/FinancialCalculatorKit/Views/Components/InteractiveDataTables.swift /Users/rogerlin/XCode-Projects/FinancialCalculatorKit-5.0-updated-accent-colors/FinancialCalculatorKit/Views/Components/LoadingResultView.swift /Users/rogerlin/XCode-Projects/FinancialCalculatorKit-5.0-updated-accent-colors/FinancialCalculatorKit/Views/Components/NumbersOnlyViewModifier.swift /Users/rogerlin/XCode-Projects/FinancialCalculatorKit-5.0-updated-accent-colors/FinancialCalculatorKit/Views/Components/ResultDisplayView.swift /Users/rogerlin/XCode-Projects/FinancialCalculatorKit-5.0-updated-accent-colors/FinancialCalculatorKit/Views/Components/StatusIndicator.swift /Users/rogerlin/XCode-Projects/FinancialCalculatorKit-5.0-updated-accent-colors/FinancialCalculatorKit/Views/Components/ValidationSummaryView.swift /Users/rogerlin/XCode-Projects/FinancialCalculatorKit-5.0-updated-accent-colors/FinancialCalculatorKit/Views/FRED/FREDDataView.swift /Users/rogerlin/XCode-Projects/FinancialCalculatorKit-5.0-updated-accent-colors/FinancialCalculatorKit/Views/Reference/FormulaReferenceView.swift /Users/rogerlin/XCode-Projects/FinancialCalculatorKit-5.0-updated-accent-colors/FinancialCalculatorKit/Views/Reference/FormulaVariableView.swift /Users/rogerlin/XCode-Projects/FinancialCalculatorKit-5.0-updated-accent-colors/FinancialCalculatorKit/Views/Reference/FormulaVariantView.swift /Users/rogerlin/XCode-Projects/FinancialCalculatorKit-5.0-updated-accent-colors/FinancialCalculatorKit/ContentView.swift /Users/rogerlin/XCode-Projects/FinancialCalculatorKit-5.0-updated-accent-colors/FinancialCalculatorKit/FinancialCalculatorKitApp.swift /Users/rogerlin/XCode-Projects/FinancialCalculatorKit-5.0-updated-accent-colors/FinancialCalculatorKit/Item.swift /Users/rogerlin/Library/Developer/Xcode/DerivedData/FinancialCalculatorKit-ackorybalcxbfocbkqsfdzcfkgmn/Build/Intermediates.noindex/FinancialCalculatorKit.build/Debug/FinancialCalculatorKit.build/DerivedSources/GeneratedAssetSymbols.swift -supplementary-output-file-map /Users/rogerlin/Library/Developer/Xcode/DerivedData/FinancialCalculatorKit-ackorybalcxbfocbkqsfdzcfkgmn/Build/Intermediates.noindex/FinancialCalculatorKit.build/Debug/FinancialCalculatorKit.build/Objects-normal/arm64/supplementaryOutputs-5 -emit-localized-strings -emit-localized-strings-path /Users/rogerlin/Library/Developer/Xcode/DerivedData/FinancialCalculatorKit-ackorybalcxbfocbkqsfdzcfkgmn/Build/Intermediates.noindex/FinancialCalculatorKit.build/Debug/FinancialCalculatorKit.build/Objects-normal/arm64 -target arm64-apple-macos14.0 -module-can-import-version AppKit 2685.20.119 2685.20.119 -module-can-import-version DeveloperToolsSupport 23.0.4 23.0.4 -module-can-import-version SwiftUI 7.1.13.1 7.1.13 -disable-cross-import-overlay-search -swift-module-cross-import SwiftData /Applications/Xcode.app/Contents/Developer/Platforms/MacOSX.platform/Developer/SDKs/MacOSX26.1.sdk/System/Library/Frameworks/SwiftData.framework/Modules/SwiftData.swiftcrossimport/CoreData.swiftoverlay -swift-module-cross-import SwiftData /Applications/Xcode.app/Contents/Developer/Platforms/MacOSX.platform/Developer/SDKs/MacOSX26.1.sdk/System/Library/Frameworks/SwiftData.framework/Modules/SwiftData.swiftcrossimport/SwiftUI.swiftoverlay -load-resolved-plugin \#/Users/rogerlin/Library/Developer/Xcode/DerivedData/FinancialCalculatorKit-ackorybalcxbfocbkqsfdzcfkgmn/Build/Products/Debug/CasePathsMacros\#CasePathsMacros -load-resolved-plugin /Applications/Xcode.app/Contents/Developer/Platforms/MacOSX.platform/Developer/usr/lib/swift/host/plugins/libFoundationMacros.dylib\#/Applications/Xcode.app/Contents/Developer/Platforms/MacOSX.platform/Developer/usr/bin/swift-plugin-server\#FoundationMacros -load-resolved-plugin /Applications/Xcode.app/Contents/Developer/Platforms/MacOSX.platform/Developer/usr/lib/swift/host/plugins/libObservationMacros.dylib\#/Applications/Xcode.app/Contents/Developer/Platforms/MacOSX.platform/Developer/usr/bin/swift-plugin-server\#ObservationMacros -load-resolved-plugin /Applications/Xcode.app/Contents/Developer/Platforms/MacOSX.platform/Developer/usr/lib/swift/host/plugins/libPreviewsMacros.dylib\#/Applications/Xcode.app/Contents/Developer/Platforms/MacOSX.platform/Developer/usr/bin/swift-plugin-server\#PreviewsMacros -load-resolved-plugin /Applications/Xcode.app/Contents/Developer/Platforms/MacOSX.platform/Developer/usr/lib/swift/host/plugins/libSwiftDataMacros.dylib\#/Applications/Xcode.app/Contents/Developer/Platforms/MacOSX.platform/Developer/usr/bin/swift-plugin-server\#SwiftDataMacros -load-resolved-plugin /Applications/Xcode.app/Contents/Developer/Platforms/MacOSX.platform/Developer/usr/lib/swift/host/plugins/libSwiftMacros.dylib\#/Applications/Xcode.app/Contents/Developer/Platforms/MacOSX.platform/Developer/usr/bin/swift-plugin-server\#SwiftMacros -load-resolved-plugin /Applications/Xcode.app/Contents/Developer/Platforms/MacOSX.platform/Developer/usr/lib/swift/host/plugins/libSwiftUIMacros.dylib\#/Applications/Xcode.app/Contents/Developer/Platforms/MacOSX.platform/Developer/usr/bin/swift-plugin-server\#SwiftUIMacros -disable-implicit-swift-modules -Xcc -fno-implicit-modules -Xcc -fno-implicit-module-maps -explicit-swift-module-map-file /Users/rogerlin/Library/Developer/Xcode/DerivedData/FinancialCalculatorKit-ackorybalcxbfocbkqsfdzcfkgmn/Build/Intermediates.noindex/FinancialCalculatorKit.build/Debug/FinancialCalculatorKit.build/Objects-normal/arm64/FinancialCalculatorKit-dependencies-1.json -Xllvm -aarch64-use-tbi -enable-objc-interop -stack-check -sdk /Applications/Xcode.app/Contents/Developer/Platforms/MacOSX.platform/Developer/SDKs/MacOSX26.1.sdk -I /Users/rogerlin/Library/Developer/Xcode/DerivedData/FinancialCalculatorKit-ackorybalcxbfocbkqsfdzcfkgmn/Build/Products/Debug -F /Users/rogerlin/Library/Developer/Xcode/DerivedData/FinancialCalculatorKit-ackorybalcxbfocbkqsfdzcfkgmn/Build/Products/Debug/PackageFrameworks -F /Users/rogerlin/Library/Developer/Xcode/DerivedData/FinancialCalculatorKit-ackorybalcxbfocbkqsfdzcfkgmn/Build/Products/Debug/PackageFrameworks -F /Users/rogerlin/Library/Developer/Xcode/DerivedData/FinancialCalculatorKit-ackorybalcxbfocbkqsfdzcfkgmn/Build/Products/Debug/PackageFrameworks -F /Users/rogerlin/Library/Developer/Xcode/DerivedData/FinancialCalculatorKit-ackorybalcxbfocbkqsfdzcfkgmn/Build/Products/Debug/PackageFrameworks -F /Users/rogerlin/Library/Developer/Xcode/DerivedData/FinancialCalculatorKit-ackorybalcxbfocbkqsfdzcfkgmn/Build/Products/Debug/PackageFrameworks -F /Users/rogerlin/Library/Developer/Xcode/DerivedData/FinancialCalculatorKit-ackorybalcxbfocbkqsfdzcfkgmn/Build/Products/Debug/PackageFrameworks -F /Users/rogerlin/Library/Developer/Xcode/DerivedData/FinancialCalculatorKit-ackorybalcxbfocbkqsfdzcfkgmn/Build/Products/Debug/PackageFrameworks -F /Users/rogerlin/Library/Developer/Xcode/DerivedData/FinancialCalculatorKit-ackorybalcxbfocbkqsfdzcfkgmn/Build/Products/Debug/PackageFrameworks -F /Users/rogerlin/Library/Developer/Xcode/DerivedData/FinancialCalculatorKit-ackorybalcxbfocbkqsfdzcfkgmn/Build/Products/Debug/PackageFrameworks -F /Users/rogerlin/Library/Developer/Xcode/DerivedData/FinancialCalculatorKit-ackorybalcxbfocbkqsfdzcfkgmn/Build/Products/Debug/PackageFrameworks -F /Users/rogerlin/Library/Developer/Xcode/DerivedData/FinancialCalculatorKit-ackorybalcxbfocbkqsfdzcfkgmn/Build/Products/Debug/PackageFrameworks -F /Users/rogerlin/Library/Developer/Xcode/DerivedData/FinancialCalculatorKit-ackorybalcxbfocbkqsfdzcfkgmn/Build/Products/Debug/PackageFrameworks -F /Users/rogerlin/Library/Developer/Xcode/DerivedData/FinancialCalculatorKit-ackorybalcxbfocbkqsfdzcfkgmn/Build/Products/Debug/PackageFrameworks -F /Users/rogerlin/Library/Developer/Xcode/DerivedData/FinancialCalculatorKit-ackorybalcxbfocbkqsfdzcfkgmn/Build/Products/Debug/PackageFrameworks -F /Users/rogerlin/Library/Developer/Xcode/DerivedData/FinancialCalculatorKit-ackorybalcxbfocbkqsfdzcfkgmn/Build/Products/Debug/PackageFrameworks -F /Users/rogerlin/Library/Developer/Xcode/DerivedData/FinancialCalculatorKit-ackorybalcxbfocbkqsfdzcfkgmn/Build/Products/Debug/PackageFrameworks -F /Users/rogerlin/Library/Developer/Xcode/DerivedData/FinancialCalculatorKit-ackorybalcxbfocbkqsfdzcfkgmn/Build/Products/Debug/PackageFrameworks -F /Users/rogerlin/Library/Developer/Xcode/DerivedData/FinancialCalculatorKit-ackorybalcxbfocbkqsfdzcfkgmn/Build/Products/Debug/PackageFrameworks -F /Users/rogerlin/Library/Developer/Xcode/DerivedData/FinancialCalculatorKit-ackorybalcxbfocbkqsfdzcfkgmn/Build/Products/Debug/PackageFrameworks -F /Users/rogerlin/Library/Developer/Xcode/DerivedData/FinancialCalculatorKit-ackorybalcxbfocbkqsfdzcfkgmn/Build/Products/Debug -no-color-diagnostics -Xcc -fno-color-diagnostics -enable-testing -g -debug-info-format\=dwarf -dwarf-version\=4 -module-cache-path /Users/rogerlin/Library/Developer/Xcode/DerivedData/FinancialCalculatorKit-ackorybalcxbfocbkqsfdzcfkgmn/Build/Intermediates.noindex/SwiftExplicitPrecompiledModules -profile-generate -profile-coverage-mapping -swift-version 5 -enforce-exclusivity\=checked -Onone -D DEBUG -serialize-debugging-options -load-plugin-executable /Users/rogerlin/Library/Developer/Xcode/DerivedData/FinancialCalculatorKit-ackorybalcxbfocbkqsfdzcfkgmn/Build/Products/Debug/CasePathsMacros\#CasePathsMacros -const-gather-protocols-file /Users/rogerlin/Library/Developer/Xcode/DerivedData/FinancialCalculatorKit-ackorybalcxbfocbkqsfdzcfkgmn/Build/Intermediates.noindex/FinancialCalculatorKit.build/Debug/FinancialCalculatorKit.build/Objects-normal/arm64/FinancialCalculatorKit_const_extract_protocols.json -enable-experimental-feature DebugDescriptionMacro -enable-bare-slash-regex -empty-abi-descriptor -validate-clang-modules-once -clang-build-session-file /Users/rogerlin/Library/Developer/Xcode/DerivedData/ModuleCache.noindex/Session.modulevalidation -Xcc -working-directory -Xcc /Users/rogerlin/XCode-Projects/FinancialCalculatorKit-5.0-updated-accent-colors -enable-anonymous-context-mangled-names -file-compilation-dir /Users/rogerlin/XCode-Projects/FinancialCalculatorKit-5.0-updated-accent-colors -Xcc -D_LIBCPP_HARDENING_MODE\=_LIBCPP_HARDENING_MODE_DEBUG -Xcc -ivfsstatcache -Xcc /Users/rogerlin/Library/Developer/Xcode/DerivedData/SDKStatCaches.noindex/macosx26.1-25B74-3ae1261907bdadc328169391a47051a6.sdkstatcache -Xcc -I/Users/rogerlin/Library/Developer/Xcode/DerivedData/FinancialCalculatorKit-ackorybalcxbfocbkqsfdzcfkgmn/Build/Intermediates.noindex/FinancialCalculatorKit.build/Debug/FinancialCalculatorKit.build/swift-overrides.hmap -Xcc -iquote -Xcc /Users/rogerlin/Library/Developer/Xcode/DerivedData/FinancialCalculatorKit-ackorybalcxbfocbkqsfdzcfkgmn/Build/Intermediates.noindex/FinancialCalculatorKit.build/Debug/FinancialCalculatorKit.build/FinancialCalculatorKit-generated-files.hmap -Xcc -I/Users/rogerlin/Library/Developer/Xcode/DerivedData/FinancialCalculatorKit-ackorybalcxbfocbkqsfdzcfkgmn/Build/Intermediates.noindex/FinancialCalculatorKit.build/Debug/FinancialCalculatorKit.build/FinancialCalculatorKit-own-target-headers.hmap -Xcc -I/Users/rogerlin/Library/Developer/Xcode/DerivedData/FinancialCalculatorKit-ackorybalcxbfocbkqsfdzcfkgmn/Build/Intermediates.noindex/FinancialCalculatorKit.build/Debug/FinancialCalculatorKit.build/FinancialCalculatorKit-all-non-framework-target-headers.hmap -Xcc -ivfsoverlay -Xcc /Users/rogerlin/Library/Developer/Xcode/DerivedData/FinancialCalculatorKit-ackorybalcxbfocbkqsfdzcfkgmn/Build/Intermediates.noindex/FinancialCalculatorKit.build/Debug/FinancialCalculatorKit-b796aaad08c4b307251b75ea7c01aae2-VFS/all-product-headers.yaml -Xcc -iquote -Xcc /Users/rogerlin/Library/Developer/Xcode/DerivedData/FinancialCalculatorKit-ackorybalcxbfocbkqsfdzcfkgmn/Build/Intermediates.noindex/FinancialCalculatorKit.build/Debug/FinancialCalculatorKit.build/FinancialCalculatorKit-project-headers.hmap -Xcc -I/Users/rogerlin/Library/Developer/Xcode/DerivedData/FinancialCalculatorKit-ackorybalcxbfocbkqsfdzcfkgmn/SourcePackages/checkouts/swift-numerics/Sources/_NumericsShims/include -Xcc -I/Users/rogerlin/Library/Developer/Xcode/DerivedData/FinancialCalculatorKit-ackorybalcxbfocbkqsfdzcfkgmn/Build/Products/Debug/include -Xcc -I/Users/rogerlin/Library/Developer/Xcode/DerivedData/FinancialCalculatorKit-ackorybalcxbfocbkqsfdzcfkgmn/Build/Intermediates.noindex/FinancialCalculatorKit.build/Debug/FinancialCalculatorKit.build/DerivedSources-normal/arm64 -Xcc -I/Users/rogerlin/Library/Developer/Xcode/DerivedData/FinancialCalculatorKit-ackorybalcxbfocbkqsfdzcfkgmn/Build/Intermediates.noindex/FinancialCalculatorKit.build/Debug/FinancialCalculatorKit.build/DerivedSources/arm64 -Xcc -I/Users/rogerlin/Library/Developer/Xcode/DerivedData/FinancialCalculatorKit-ackorybalcxbfocbkqsfdzcfkgmn/Build/Intermediates.noindex/FinancialCalculatorKit.build/Debug/FinancialCalculatorKit.build/DerivedSources -Xcc -DDEBUG\=1 -no-auto-bridging-header-chaining -module-name FinancialCalculatorKit -frontend-parseable-output -disable-clang-spi -target-sdk-version 26.1 -target-sdk-name macosx26.1 -clang-target arm64-apple-macos26.1 -in-process-plugin-server-path /Applications/Xcode.app/Contents/Developer/Toolchains/XcodeDefault.xctoolchain/usr/lib/swift/host/libSwiftInProcPluginServer.dylib -o /Users/rogerlin/Library/Developer/Xcode/DerivedData/FinancialCalculatorKit-ackorybalcxbfocbkqsfdzcfkgmn/Build/Intermediates.noindex/FinancialCalculatorKit.build/Debug/FinancialCalculatorKit.build/Objects-normal/arm64/AdvancedBondModels.o -o /Users/rogerlin/Library/Developer/Xcode/DerivedData/FinancialCalculatorKit-ackorybalcxbfocbkqsfdzcfkgmn/Build/Intermediates.noindex/FinancialCalculatorKit.build/Debug/FinancialCalculatorKit.build/Objects-normal/arm64/YieldCurveTypes.o -o /Users/rogerlin/Library/Developer/Xcode/DerivedData/FinancialCalculatorKit-ackorybalcxbfocbkqsfdzcfkgmn/Build/Intermediates.noindex/FinancialCalculatorKit.build/Debug/FinancialCalculatorKit.build/Objects-normal/arm64/BondCalculation.o -index-unit-output-path /FinancialCalculatorKit.build/Debug/FinancialCalculatorKit.build/Objects-normal/arm64/AdvancedBondModels.o -index-unit-output-path /FinancialCalculatorKit.build/Debug/FinancialCalculatorKit.build/Objects-normal/arm64/YieldCurveTypes.o -index-unit-output-path /FinancialCalculatorKit.build/Debug/FinancialCalculatorKit.build/Objects-normal/arm64/BondCalculation.o -index-store-path /Users/rogerlin/Library/Developer/Xcode/DerivedData/FinancialCalculatorKit-ackorybalcxbfocbkqsfdzcfkgmn/Index.noindex/DataStore -index-system-modules

note: build debugging is enabled, completed trace: '/Users/rogerlin/Library/Developer/Xcode/DerivedData/FinancialCalculatorKit-ackorybalcxbfocbkqsfdzcfkgmn/Build/Intermediates.noindex/XCBuildData/buildDebugging-1762405027.1110911/completed-build.trace'
note: build debugging is enabled, completed database: '/Users/rogerlin/Library/Developer/Xcode/DerivedData/FinancialCalculatorKit-ackorybalcxbfocbkqsfdzcfkgmn/Build/Intermediates.noindex/XCBuildData/buildDebugging-1762405027.1110911/completed-build.db'
note: Attempting to load build description from disk
note: Constructing description
** BUILD FAILED **


The following build commands failed:
	SwiftCompile normal arm64 Compiling\ InteractiveFinancialCharts.swift,\ DetailRow.swift /Users/rogerlin/XCode-Projects/FinancialCalculatorKit-5.0-updated-accent-colors/FinancialCalculatorKit/Views/Charts/InteractiveFinancialCharts.swift /Users/rogerlin/XCode-Projects/FinancialCalculatorKit-5.0-updated-accent-colors/FinancialCalculatorKit/Views/Components/DetailRow.swift (in target 'FinancialCalculatorKit' from project 'FinancialCalculatorKit')
	SwiftCompile normal arm64 /Users/rogerlin/XCode-Projects/FinancialCalculatorKit-5.0-updated-accent-colors/FinancialCalculatorKit/Views/Charts/InteractiveFinancialCharts.swift (in target 'FinancialCalculatorKit' from project 'FinancialCalculatorKit')
	Building project FinancialCalculatorKit with scheme FinancialCalculatorKit and configuration Debug
(3 failures)
